MPUrl,id,category,label,persistentId,lastInfoUpdate,status,description,contributors,properties,externalIds,accessibleAt,sourceItemId,relatedItems,media,informationContributor.id,informationContributor.username,informationContributor.displayName,informationContributor.status,informationContributor.registrationDate,informationContributor.role,informationContributor.config,source.id,source.label,source.url,source.urlTemplate,thumbnail.info.mediaId,thumbnail.info.category,thumbnail.info.filename,thumbnail.info.mimeType,thumbnail.info.hasThumbnail,version,thumbnail.caption,thumbnail.info.location.sourceUrl,thumbnail.concept.code,thumbnail.concept.vocabulary.code,thumbnail.concept.vocabulary.scheme,thumbnail.concept.vocabulary.namespace,thumbnail.concept.vocabulary.label,thumbnail.concept.vocabulary.closed,thumbnail.concept.label,thumbnail.concept.notation,thumbnail.concept.uri,thumbnail.concept.candidate,dateCreated,dateLastUpdated,composedOf
dataset/Z0uBVb,72267,dataset,Afisze teatralne: 1200 theater placards from Poznan theaters from 1887-1935 ,Z0uBVb,2025-01-30T10:03:01+0000,approved,"1200 theater placards from Poznan theaters from 1887-1935
1200 theater placards from Poznan theaters from 1887-1935 ","[{""actor"":{""id"":12857,""name"":""Adam Mickiewicz University"",""externalIds"":[{""identifierService"":{""code"":""SourceActorId"",""label"":""Source ActorId"",""ord"":7,""urlTemplate"":""""},""identifier"":""452-92946a47656db95fbd88e78c82bb2aa9a1688f6ab8d4c45544f7db5467632bea""}],""website"":""http://international.amu.edu.pl/"",""affiliations"":[]},""role"":{""code"":""provider"",""label"":""Provider"",""ord"":4}}]","[{""type"":{""code"":""terms-of-use"",""label"":""Terms Of Use"",""type"":""string"",""groupName"":""Access"",""hidden"":false,""ord"":3},""value"":""Free""},{""type"":{""code"":""terms-of-use"",""label"":""Terms Of Use"",""type"":""string"",""groupName"":""Access"",""hidden"":false,""ord"":3},""value"":""Physical""},{""type"":{""code"":""authentication"",""label"":""Authentication"",""type"":""string"",""groupName"":""Access"",""hidden"":false,""ord"":7},""value"":""Request/Order required""},{""type"":{""code"":""standard"",""label"":""Standard"",""type"":""concept"",""groupName"":""Categorisation"",""hidden"":false,""ord"":28,""allowedVocabularies"":[{""code"":""standard"",""scheme"":""https://vocabs.sshopencloud.eu/vocabularies/standard/standardScheme"",""namespace"":""https://vocabs.sshopencloud.eu/vocabularies/standard/"",""label"":""SSK Standards List"",""closed"":true}]},""concept"":{""code"":""tiff"",""vocabulary"":{""code"":""standard"",""scheme"":""https://vocabs.sshopencloud.eu/vocabularies/standard/standardScheme"",""namespace"":""https://vocabs.sshopencloud.eu/vocabularies/standard/"",""label"":""SSK Standards List"",""closed"":true},""label"":""TIFF"",""notation"":""TIFF"",""definition"":""Tagged Image File Format, abbreviated TIFF or TIF, is a computer file format for storing raster graphics images, popular among graphic artists, the publishing industry, and photographers. TIFF is widely supported by scanning, faxing, word processing, optical character recognition, image manipulation, desktop publishing, and page-layout applications. The format was created by Aldus Corporation for use in desktop publishing. It published the latest version 6.0 in 1992, subsequently updated with an Adobe Systems copyright after the latter acquired Aldus in 1994. Several Aldus or Adobe technical notes have been published with minor extensions to the format, and several specifications have been based on TIFF 6.0, including TIFF/EP (ISO 12234-2), TIFF/IT (ISO 12639), TIFF-F (RFC 2306) and TIFF-FX (RFC 3949)."",""uri"":""https://vocabs.sshopencloud.eu/vocabularies/standard/tiff"",""candidate"":false}},{""type"":{""code"":""intended-audience"",""label"":""Intended audience"",""type"":""concept"",""groupName"":""Categorisation"",""hidden"":false,""ord"":27,""allowedVocabularies"":[{""code"":""audience"",""scheme"":""https://vocabs.sshopencloud.eu/vocabularies/sshoc-audience/audienceScheme"",""namespace"":""https://vocabs.sshopencloud.eu/vocabularies/sshoc-audience/"",""label"":""Intended audience"",""closed"":true}]},""concept"":{""code"":""researcher"",""vocabulary"":{""code"":""audience"",""scheme"":""https://vocabs.sshopencloud.eu/vocabularies/sshoc-audience/audienceScheme"",""namespace"":""https://vocabs.sshopencloud.eu/vocabularies/sshoc-audience/"",""label"":""Intended audience"",""closed"":true},""label"":""Researcher"",""notation"":""researcher"",""uri"":""https://vocabs.sshopencloud.eu/vocabularies/sshoc-audience/researcher"",""candidate"":false}},{""type"":{""code"":""language"",""label"":""Language"",""type"":""concept"",""groupName"":""Categorisation"",""hidden"":false,""ord"":20,""allowedVocabularies"":[{""code"":""iso-639-3"",""scheme"":""https://vocabs.acdh.oeaw.ac.at/iso6393/Schema"",""namespace"":""https://vocabs.acdh.oeaw.ac.at/iso6393/"",""label"":""ISO 639-3 Language Codes"",""closed"":true}]},""concept"":{""code"":""pol"",""vocabulary"":{""code"":""iso-639-3"",""scheme"":""https://vocabs.acdh.oeaw.ac.at/iso6393/Schema"",""namespace"":""https://vocabs.acdh.oeaw.ac.at/iso6393/"",""label"":""ISO 639-3 Language Codes"",""closed"":true},""label"":""Polish"",""notation"":"""",""uri"":""https://vocabs.acdh.oeaw.ac.at/iso6393/pol"",""candidate"":false}},{""type"":{""code"":""language"",""label"":""Language"",""type"":""concept"",""groupName"":""Categorisation"",""hidden"":false,""ord"":20,""allowedVocabularies"":[{""code"":""iso-639-3"",""scheme"":""https://vocabs.acdh.oeaw.ac.at/iso6393/Schema"",""namespace"":""https://vocabs.acdh.oeaw.ac.at/iso6393/"",""label"":""ISO 639-3 Language Codes"",""closed"":true}]},""concept"":{""code"":""eng"",""vocabulary"":{""code"":""iso-639-3"",""scheme"":""https://vocabs.acdh.oeaw.ac.at/iso6393/Schema"",""namespace"":""https://vocabs.acdh.oeaw.ac.at/iso6393/"",""label"":""ISO 639-3 Language Codes"",""closed"":true},""label"":""English"",""notation"":"""",""uri"":""https://vocabs.acdh.oeaw.ac.at/iso6393/eng"",""candidate"":false}},{""type"":{""code"":""activity"",""label"":""Activity"",""type"":""concept"",""groupName"":""Categorisation"",""hidden"":false,""ord"":17,""allowedVocabularies"":[{""code"":""tadirah2"",""scheme"":""https://vocabs.dariah.eu/tadirah/"",""namespace"":""https://vocabs.dariah.eu/tadirah/"",""label"":""TaDiRAH 2"",""closed"":true}]},""concept"":{""code"":""analyzing"",""vocabulary"":{""code"":""tadirah2"",""scheme"":""https://vocabs.dariah.eu/tadirah/"",""namespace"":""https://vocabs.dariah.eu/tadirah/"",""label"":""TaDiRAH 2"",""closed"":true},""label"":""Analyzing"",""notation"":"""",""uri"":""https://vocabs.dariah.eu/tadirah/analyzing"",""candidate"":false}},{""type"":{""code"":""activity"",""label"":""Activity"",""type"":""concept"",""groupName"":""Categorisation"",""hidden"":false,""ord"":17,""allowedVocabularies"":[{""code"":""tadirah2"",""scheme"":""https://vocabs.dariah.eu/tadirah/"",""namespace"":""https://vocabs.dariah.eu/tadirah/"",""label"":""TaDiRAH 2"",""closed"":true}]},""concept"":{""code"":""browsing"",""vocabulary"":{""code"":""tadirah2"",""scheme"":""https://vocabs.dariah.eu/tadirah/"",""namespace"":""https://vocabs.dariah.eu/tadirah/"",""label"":""TaDiRAH 2"",""closed"":true},""label"":""Browsing"",""notation"":"""",""definition"":""exploratory use of an information system (Wikidata contributors, \""Q516508,\"" Wikidata, https://www.wikidata.org/w/index.php?title=Q516508&oldid=1169408380 (accessed July 30, 2020)."",""uri"":""https://vocabs.dariah.eu/tadirah/browsing"",""candidate"":false}},{""type"":{""code"":""activity"",""label"":""Activity"",""type"":""concept"",""groupName"":""Categorisation"",""hidden"":false,""ord"":17,""allowedVocabularies"":[{""code"":""tadirah2"",""scheme"":""https://vocabs.dariah.eu/tadirah/"",""namespace"":""https://vocabs.dariah.eu/tadirah/"",""label"":""TaDiRAH 2"",""closed"":true}]},""concept"":{""code"":""capturing"",""vocabulary"":{""code"":""tadirah2"",""scheme"":""https://vocabs.dariah.eu/tadirah/"",""namespace"":""https://vocabs.dariah.eu/tadirah/"",""label"":""TaDiRAH 2"",""closed"":true},""label"":""Capturing"",""notation"":"""",""uri"":""https://vocabs.dariah.eu/tadirah/capturing"",""candidate"":false}},{""type"":{""code"":""activity"",""label"":""Activity"",""type"":""concept"",""groupName"":""Categorisation"",""hidden"":false,""ord"":17,""allowedVocabularies"":[{""code"":""tadirah2"",""scheme"":""https://vocabs.dariah.eu/tadirah/"",""namespace"":""https://vocabs.dariah.eu/tadirah/"",""label"":""TaDiRAH 2"",""closed"":true}]},""concept"":{""code"":""contentAnalysis"",""vocabulary"":{""code"":""tadirah2"",""scheme"":""https://vocabs.dariah.eu/tadirah/"",""namespace"":""https://vocabs.dariah.eu/tadirah/"",""label"":""TaDiRAH 2"",""closed"":true},""label"":""Content Analysis"",""notation"":"""",""uri"":""https://vocabs.dariah.eu/tadirah/contentAnalysis"",""candidate"":false}},{""type"":{""code"":""activity"",""label"":""Activity"",""type"":""concept"",""groupName"":""Categorisation"",""hidden"":false,""ord"":17,""allowedVocabularies"":[{""code"":""tadirah2"",""scheme"":""https://vocabs.dariah.eu/tadirah/"",""namespace"":""https://vocabs.dariah.eu/tadirah/"",""label"":""TaDiRAH 2"",""closed"":true}]},""concept"":{""code"":""discourseAnalysis"",""vocabulary"":{""code"":""tadirah2"",""scheme"":""https://vocabs.dariah.eu/tadirah/"",""namespace"":""https://vocabs.dariah.eu/tadirah/"",""label"":""TaDiRAH 2"",""closed"":true},""label"":""Discourse Analysis"",""notation"":"""",""definition"":""generic term for the analysis of social, language policy or historiographical discourse phenomena (Wikidata contributors, \""Q1129466,\"" Wikidata, https://www.wikidata.org/w/index.php?title=Q1129466&oldid=1269534863 (accessed September 4, 2020)."",""uri"":""https://vocabs.dariah.eu/tadirah/discourseAnalysis"",""candidate"":false}},{""type"":{""code"":""activity"",""label"":""Activity"",""type"":""concept"",""groupName"":""Categorisation"",""hidden"":false,""ord"":17,""allowedVocabularies"":[{""code"":""tadirah2"",""scheme"":""https://vocabs.dariah.eu/tadirah/"",""namespace"":""https://vocabs.dariah.eu/tadirah/"",""label"":""TaDiRAH 2"",""closed"":true}]},""concept"":{""code"":""discovering"",""vocabulary"":{""code"":""tadirah2"",""scheme"":""https://vocabs.dariah.eu/tadirah/"",""namespace"":""https://vocabs.dariah.eu/tadirah/"",""label"":""TaDiRAH 2"",""closed"":true},""label"":""Discovering"",""notation"":"""",""uri"":""https://vocabs.dariah.eu/tadirah/discovering"",""candidate"":false}},{""type"":{""code"":""activity"",""label"":""Activity"",""type"":""concept"",""groupName"":""Categorisation"",""hidden"":false,""ord"":17,""allowedVocabularies"":[{""code"":""tadirah2"",""scheme"":""https://vocabs.dariah.eu/tadirah/"",""namespace"":""https://vocabs.dariah.eu/tadirah/"",""label"":""TaDiRAH 2"",""closed"":true}]},""concept"":{""code"":""exploration"",""vocabulary"":{""code"":""tadirah2"",""scheme"":""https://vocabs.dariah.eu/tadirah/"",""namespace"":""https://vocabs.dariah.eu/tadirah/"",""label"":""TaDiRAH 2"",""closed"":true},""label"":""Exploration"",""notation"":"""",""definition"":""act of searching or traveling around a terrain for the purpose of discovery (Wikidata contributors, \""Q6502154,\"" Wikidata, https://www.wikidata.org/w/index.php?title=Q6502154&oldid=1238428839 (accessed September 4, 2020)."",""uri"":""https://vocabs.dariah.eu/tadirah/exploration"",""candidate"":false}},{""type"":{""code"":""activity"",""label"":""Activity"",""type"":""concept"",""groupName"":""Categorisation"",""hidden"":false,""ord"":17,""allowedVocabularies"":[{""code"":""tadirah2"",""scheme"":""https://vocabs.dariah.eu/tadirah/"",""namespace"":""https://vocabs.dariah.eu/tadirah/"",""label"":""TaDiRAH 2"",""closed"":true}]},""concept"":{""code"":""informationRetrieval"",""vocabulary"":{""code"":""tadirah2"",""scheme"":""https://vocabs.dariah.eu/tadirah/"",""namespace"":""https://vocabs.dariah.eu/tadirah/"",""label"":""TaDiRAH 2"",""closed"":true},""label"":""Information Retrieval"",""notation"":"""",""definition"":""activity of obtaining information resources relevant to an information need from a collection of information resources (Wikidata contributors, \""Q816826,\"" Wikidata, https://www.wikidata.org/w/index.php?title=Q816826&oldid=1228359828 (accessed July 30, 2020)."",""uri"":""https://vocabs.dariah.eu/tadirah/informationRetrieval"",""candidate"":false}},{""type"":{""code"":""activity"",""label"":""Activity"",""type"":""concept"",""groupName"":""Categorisation"",""hidden"":false,""ord"":17,""allowedVocabularies"":[{""code"":""tadirah2"",""scheme"":""https://vocabs.dariah.eu/tadirah/"",""namespace"":""https://vocabs.dariah.eu/tadirah/"",""label"":""TaDiRAH 2"",""closed"":true}]},""concept"":{""code"":""namedEntityRecognition"",""vocabulary"":{""code"":""tadirah2"",""scheme"":""https://vocabs.dariah.eu/tadirah/"",""namespace"":""https://vocabs.dariah.eu/tadirah/"",""label"":""TaDiRAH 2"",""closed"":true},""label"":""Named Entity Recognition"",""notation"":"""",""definition"":""extraction of named entity mentions in unstructured text into pre-defined categories (Wikidata contributors, \""Q403574,\"" Wikidata, https://www.wikidata.org/w/index.php?title=Q403574&oldid=1232404694 (accessed July 30, 2020)."",""uri"":""https://vocabs.dariah.eu/tadirah/namedEntityRecognition"",""candidate"":false}},{""type"":{""code"":""discipline"",""label"":""Discipline"",""type"":""concept"",""groupName"":""Categorisation"",""hidden"":false,""ord"":19,""allowedVocabularies"":[{""code"":""discipline"",""scheme"":""https://vocabs.acdh.oeaw.ac.at/oefosdisciplines/Schema"",""namespace"":""https://vocabs.acdh.oeaw.ac.at/oefosdisciplines/"",""label"":""\u00d6FOS 2012. Austrian Fields of Science and Technology Classification 2012"",""closed"":true}]},""concept"":{""code"":""6010"",""vocabulary"":{""code"":""discipline"",""scheme"":""https://vocabs.acdh.oeaw.ac.at/oefosdisciplines/Schema"",""namespace"":""https://vocabs.acdh.oeaw.ac.at/oefosdisciplines/"",""label"":""\u00d6FOS 2012. Austrian Fields of Science and Technology Classification 2012"",""closed"":true},""label"":""History, Archaeology"",""notation"":""6010"",""uri"":""https://vocabs.acdh.oeaw.ac.at/oefosdisciplines/6010"",""candidate"":false}},{""type"":{""code"":""discipline"",""label"":""Discipline"",""type"":""concept"",""groupName"":""Categorisation"",""hidden"":false,""ord"":19,""allowedVocabularies"":[{""code"":""discipline"",""scheme"":""https://vocabs.acdh.oeaw.ac.at/oefosdisciplines/Schema"",""namespace"":""https://vocabs.acdh.oeaw.ac.at/oefosdisciplines/"",""label"":""\u00d6FOS 2012. Austrian Fields of Science and Technology Classification 2012"",""closed"":true}]},""concept"":{""code"":""6020"",""vocabulary"":{""code"":""discipline"",""scheme"":""https://vocabs.acdh.oeaw.ac.at/oefosdisciplines/Schema"",""namespace"":""https://vocabs.acdh.oeaw.ac.at/oefosdisciplines/"",""label"":""\u00d6FOS 2012. Austrian Fields of Science and Technology Classification 2012"",""closed"":true},""label"":""Linguistics and Literature"",""notation"":""6020"",""uri"":""https://vocabs.acdh.oeaw.ac.at/oefosdisciplines/6020"",""candidate"":false}},{""type"":{""code"":""discipline"",""label"":""Discipline"",""type"":""concept"",""groupName"":""Categorisation"",""hidden"":false,""ord"":19,""allowedVocabularies"":[{""code"":""discipline"",""scheme"":""https://vocabs.acdh.oeaw.ac.at/oefosdisciplines/Schema"",""namespace"":""https://vocabs.acdh.oeaw.ac.at/oefosdisciplines/"",""label"":""\u00d6FOS 2012. Austrian Fields of Science and Technology Classification 2012"",""closed"":true}]},""concept"":{""code"":""6040"",""vocabulary"":{""code"":""discipline"",""scheme"":""https://vocabs.acdh.oeaw.ac.at/oefosdisciplines/Schema"",""namespace"":""https://vocabs.acdh.oeaw.ac.at/oefosdisciplines/"",""label"":""\u00d6FOS 2012. Austrian Fields of Science and Technology Classification 2012"",""closed"":true},""label"":""Arts"",""notation"":""6040"",""uri"":""https://vocabs.acdh.oeaw.ac.at/oefosdisciplines/6040"",""candidate"":false}},{""type"":{""code"":""discipline"",""label"":""Discipline"",""type"":""concept"",""groupName"":""Categorisation"",""hidden"":false,""ord"":19,""allowedVocabularies"":[{""code"":""discipline"",""scheme"":""https://vocabs.acdh.oeaw.ac.at/oefosdisciplines/Schema"",""namespace"":""https://vocabs.acdh.oeaw.ac.at/oefosdisciplines/"",""label"":""\u00d6FOS 2012. Austrian Fields of Science and Technology Classification 2012"",""closed"":true}]},""concept"":{""code"":""6050"",""vocabulary"":{""code"":""discipline"",""scheme"":""https://vocabs.acdh.oeaw.ac.at/oefosdisciplines/Schema"",""namespace"":""https://vocabs.acdh.oeaw.ac.at/oefosdisciplines/"",""label"":""\u00d6FOS 2012. Austrian Fields of Science and Technology Classification 2012"",""closed"":true},""label"":""Other Humanities"",""notation"":""6050"",""uri"":""https://vocabs.acdh.oeaw.ac.at/oefosdisciplines/6050"",""candidate"":false}},{""type"":{""code"":""keyword"",""label"":""Keyword"",""type"":""concept"",""groupName"":""Categorisation"",""hidden"":false,""ord"":18,""allowedVocabularies"":[{""code"":""sshoc-keyword"",""scheme"":""https://vocabs.sshopencloud.eu/vocabularies/sshomp-keyword/"",""namespace"":""https://vocabs.sshopencloud.eu/vocabularies/sshomp-keyword/"",""label"":""Keywords from SSHOMP"",""closed"":false}]},""concept"":{""code"":""Public"",""vocabulary"":{""code"":""sshoc-keyword"",""scheme"":""https://vocabs.sshopencloud.eu/vocabularies/sshomp-keyword/"",""namespace"":""https://vocabs.sshopencloud.eu/vocabularies/sshomp-keyword/"",""label"":""Keywords from SSHOMP"",""closed"":false},""label"":""Public"",""notation"":"""",""uri"":""https://vocabs.sshopencloud.eu/vocabularies/sshomp-keyword/Public"",""candidate"":false}}]",[],"[""https://lab.dariah.pl/en/amu-modules/philological-hub/""]",149,[],[],5,System moderator,System Moderator,enabled,2021-09-03T13:37:00+0000,system-moderator,True,452.0,Dariah.lab Poland,https://api.lab.dariah.pl/,https://api.lab.dariah.pl/catalogue/api/en/Resources/{source-item-id},,,,,,,,,,,,,,,,,,,,,
dataset/9ehRu5,76879,dataset,Aleksis Kivi Corpus (SKS),9ehRu5,2025-07-04T10:17:18+0000,approved,"This corpus contains all the known letters, manuscripts and published works by Finnish author Aleksis Kivi (1834–1872). Most of the texts were written in Finnish while some of the letters and manuscripts are in Swedish. The time coverage of the texts: 1855-1871.
The corpus is available for online browsing through Korp.",[],"[{""type"":{""code"":""language"",""label"":""Language"",""type"":""concept"",""groupName"":""Categorisation"",""hidden"":false,""ord"":20,""allowedVocabularies"":[{""code"":""iso-639-3"",""scheme"":""https://vocabs.acdh.oeaw.ac.at/iso6393/Schema"",""namespace"":""https://vocabs.acdh.oeaw.ac.at/iso6393/"",""label"":""ISO 639-3 Language Codes"",""closed"":true}]},""concept"":{""code"":""fin"",""vocabulary"":{""code"":""iso-639-3"",""scheme"":""https://vocabs.acdh.oeaw.ac.at/iso6393/Schema"",""namespace"":""https://vocabs.acdh.oeaw.ac.at/iso6393/"",""label"":""ISO 639-3 Language Codes"",""closed"":true},""label"":""Finnish"",""notation"":"""",""uri"":""https://vocabs.acdh.oeaw.ac.at/iso6393/fin"",""candidate"":false}},{""type"":{""code"":""language"",""label"":""Language"",""type"":""concept"",""groupName"":""Categorisation"",""hidden"":false,""ord"":20,""allowedVocabularies"":[{""code"":""iso-639-3"",""scheme"":""https://vocabs.acdh.oeaw.ac.at/iso6393/Schema"",""namespace"":""https://vocabs.acdh.oeaw.ac.at/iso6393/"",""label"":""ISO 639-3 Language Codes"",""closed"":true}]},""concept"":{""code"":""swe"",""vocabulary"":{""code"":""iso-639-3"",""scheme"":""https://vocabs.acdh.oeaw.ac.at/iso6393/Schema"",""namespace"":""https://vocabs.acdh.oeaw.ac.at/iso6393/"",""label"":""ISO 639-3 Language Codes"",""closed"":true},""label"":""Swedish"",""notation"":"""",""uri"":""https://vocabs.acdh.oeaw.ac.at/iso6393/swe"",""candidate"":false}},{""type"":{""code"":""extent"",""label"":""Extent"",""type"":""string"",""groupName"":""Categorisation"",""hidden"":false,""ord"":26},""value"":""413,735 words""},{""type"":{""code"":""keyword"",""label"":""Keyword"",""type"":""concept"",""groupName"":""Categorisation"",""hidden"":false,""ord"":18,""allowedVocabularies"":[{""code"":""sshoc-keyword"",""scheme"":""https://vocabs.sshopencloud.eu/vocabularies/sshomp-keyword/"",""namespace"":""https://vocabs.sshopencloud.eu/vocabularies/sshomp-keyword/"",""label"":""Keywords from SSHOMP"",""closed"":false}]},""concept"":{""code"":""+syntactically+parsed"",""vocabulary"":{""code"":""sshoc-keyword"",""scheme"":""https://vocabs.sshopencloud.eu/vocabularies/sshomp-keyword/"",""namespace"":""https://vocabs.sshopencloud.eu/vocabularies/sshomp-keyword/"",""label"":""Keywords from SSHOMP"",""closed"":false},""label"":"" syntactically parsed"",""notation"":"""",""uri"":""https://vocabs.sshopencloud.eu/vocabularies/sshomp-keyword/+syntactically+parsed"",""candidate"":false}},{""type"":{""code"":""keyword"",""label"":""Keyword"",""type"":""concept"",""groupName"":""Categorisation"",""hidden"":false,""ord"":18,""allowedVocabularies"":[{""code"":""sshoc-keyword"",""scheme"":""https://vocabs.sshopencloud.eu/vocabularies/sshomp-keyword/"",""namespace"":""https://vocabs.sshopencloud.eu/vocabularies/sshomp-keyword/"",""label"":""Keywords from SSHOMP"",""closed"":false}]},""concept"":{""code"":""Literary+corpora"",""vocabulary"":{""code"":""sshoc-keyword"",""scheme"":""https://vocabs.sshopencloud.eu/vocabularies/sshomp-keyword/"",""namespace"":""https://vocabs.sshopencloud.eu/vocabularies/sshomp-keyword/"",""label"":""Keywords from SSHOMP"",""closed"":false},""label"":""Literary corpora"",""notation"":"""",""uri"":""https://vocabs.sshopencloud.eu/vocabularies/sshomp-keyword/Literary+corpora"",""candidate"":false}},{""type"":{""code"":""terms-of-use"",""label"":""Terms Of Use"",""type"":""string"",""groupName"":""Access"",""hidden"":false,""ord"":3},""value"":""CC-BY-NC""},{""type"":{""code"":""see-also"",""label"":""See also"",""type"":""url"",""groupName"":""Context"",""hidden"":false,""ord"":30},""value"":""http://urn.fi/urn:nbn:fi:lb-2016121604""}]",[],"[""http://urn.fi/urn:nbn:fi:lb-201405274""]",corpora%2Fliterary-corpora%2Fkivi.json,[],[],764,DACE Importer,DACE Importer,enabled,2022-07-26T14:42:54+0000,system-moderator,True,652.0,CLARIN Resource Families,https://github.com/clarin-eric/clarin-resource-families,https://github.com/clarin-eric/clarin-resource-families/blob/main/{source-item-id},,,,,,,,,,,,,,,,,,,,,
dataset/odt4s9,76454,dataset,Aleksis Kivi Corpus (SKS),odt4s9,2025-07-04T10:15:29+0000,approved,"This corpus contains the works by Finnish author Aleksis Kivi from 1855 to 1871.
The corpus is available through the concordancer Korp.",[],"[{""type"":{""code"":""language"",""label"":""Language"",""type"":""concept"",""groupName"":""Categorisation"",""hidden"":false,""ord"":20,""allowedVocabularies"":[{""code"":""iso-639-3"",""scheme"":""https://vocabs.acdh.oeaw.ac.at/iso6393/Schema"",""namespace"":""https://vocabs.acdh.oeaw.ac.at/iso6393/"",""label"":""ISO 639-3 Language Codes"",""closed"":true}]},""concept"":{""code"":""fin"",""vocabulary"":{""code"":""iso-639-3"",""scheme"":""https://vocabs.acdh.oeaw.ac.at/iso6393/Schema"",""namespace"":""https://vocabs.acdh.oeaw.ac.at/iso6393/"",""label"":""ISO 639-3 Language Codes"",""closed"":true},""label"":""Finnish"",""notation"":"""",""uri"":""https://vocabs.acdh.oeaw.ac.at/iso6393/fin"",""candidate"":false}},{""type"":{""code"":""language"",""label"":""Language"",""type"":""concept"",""groupName"":""Categorisation"",""hidden"":false,""ord"":20,""allowedVocabularies"":[{""code"":""iso-639-3"",""scheme"":""https://vocabs.acdh.oeaw.ac.at/iso6393/Schema"",""namespace"":""https://vocabs.acdh.oeaw.ac.at/iso6393/"",""label"":""ISO 639-3 Language Codes"",""closed"":true}]},""concept"":{""code"":""swe"",""vocabulary"":{""code"":""iso-639-3"",""scheme"":""https://vocabs.acdh.oeaw.ac.at/iso6393/Schema"",""namespace"":""https://vocabs.acdh.oeaw.ac.at/iso6393/"",""label"":""ISO 639-3 Language Codes"",""closed"":true},""label"":""Swedish"",""notation"":"""",""uri"":""https://vocabs.acdh.oeaw.ac.at/iso6393/swe"",""candidate"":false}},{""type"":{""code"":""extent"",""label"":""Extent"",""type"":""string"",""groupName"":""Categorisation"",""hidden"":false,""ord"":26},""value"":""413,700 words""},{""type"":{""code"":""keyword"",""label"":""Keyword"",""type"":""concept"",""groupName"":""Categorisation"",""hidden"":false,""ord"":18,""allowedVocabularies"":[{""code"":""sshoc-keyword"",""scheme"":""https://vocabs.sshopencloud.eu/vocabularies/sshomp-keyword/"",""namespace"":""https://vocabs.sshopencloud.eu/vocabularies/sshomp-keyword/"",""label"":""Keywords from SSHOMP"",""closed"":false}]},""concept"":{""code"":""+syntactically+parsed"",""vocabulary"":{""code"":""sshoc-keyword"",""scheme"":""https://vocabs.sshopencloud.eu/vocabularies/sshomp-keyword/"",""namespace"":""https://vocabs.sshopencloud.eu/vocabularies/sshomp-keyword/"",""label"":""Keywords from SSHOMP"",""closed"":false},""label"":"" syntactically parsed"",""notation"":"""",""uri"":""https://vocabs.sshopencloud.eu/vocabularies/sshomp-keyword/+syntactically+parsed"",""candidate"":false}},{""type"":{""code"":""keyword"",""label"":""Keyword"",""type"":""concept"",""groupName"":""Categorisation"",""hidden"":false,""ord"":18,""allowedVocabularies"":[{""code"":""sshoc-keyword"",""scheme"":""https://vocabs.sshopencloud.eu/vocabularies/sshomp-keyword/"",""namespace"":""https://vocabs.sshopencloud.eu/vocabularies/sshomp-keyword/"",""label"":""Keywords from SSHOMP"",""closed"":false}]},""concept"":{""code"":""historical_corpora"",""vocabulary"":{""code"":""sshoc-keyword"",""scheme"":""https://vocabs.sshopencloud.eu/vocabularies/sshomp-keyword/"",""namespace"":""https://vocabs.sshopencloud.eu/vocabularies/sshomp-keyword/"",""label"":""Keywords from SSHOMP"",""closed"":false},""label"":""Historical Corpora"",""notation"":"""",""uri"":""https://vocabs.sshopencloud.eu/vocabularies/sshomp-keyword/historical_corpora"",""candidate"":false}},{""type"":{""code"":""terms-of-use"",""label"":""Terms Of Use"",""type"":""string"",""groupName"":""Access"",""hidden"":false,""ord"":3},""value"":""CC-BY-NC""}]",[],"[""http://urn.fi/urn:nbn:fi:lb-201405274""]",corpora%2Fhistorical-corpora%2Faleksis-kivi.json,[],[],764,DACE Importer,DACE Importer,enabled,2022-07-26T14:42:54+0000,system-moderator,True,652.0,CLARIN Resource Families,https://github.com/clarin-eric/clarin-resource-families,https://github.com/clarin-eric/clarin-resource-families/blob/main/{source-item-id},,,,,,,,,,,,,,,,,,,,,
dataset/VLBZWg,70717,dataset,Archiwum prof. Bąby: Prof. Stanislaw Bąba's phraseological archive,VLBZWg,2024-11-13T12:41:20+0000,approved,"Prof. Stanislaw Bąba's phraseological archive
75,000 units (printed and handwritten notes) from the archive of Prof. Stanislaw Bąba","[{""actor"":{""id"":12857,""name"":""Adam Mickiewicz University"",""externalIds"":[{""identifierService"":{""code"":""SourceActorId"",""label"":""Source ActorId"",""ord"":7,""urlTemplate"":""""},""identifier"":""452-92946a47656db95fbd88e78c82bb2aa9a1688f6ab8d4c45544f7db5467632bea""}],""website"":""http://international.amu.edu.pl/"",""affiliations"":[]},""role"":{""code"":""provider"",""label"":""Provider"",""ord"":4}}]","[{""type"":{""code"":""terms-of-use"",""label"":""Terms Of Use"",""type"":""string"",""groupName"":""Access"",""hidden"":false,""ord"":3},""value"":""Free conditionally""},{""type"":{""code"":""terms-of-use"",""label"":""Terms Of Use"",""type"":""string"",""groupName"":""Access"",""hidden"":false,""ord"":3},""value"":""Physical""},{""type"":{""code"":""authentication"",""label"":""Authentication"",""type"":""string"",""groupName"":""Access"",""hidden"":false,""ord"":7},""value"":""Request/Order required""},{""type"":{""code"":""standard"",""label"":""Standard"",""type"":""concept"",""groupName"":""Categorisation"",""hidden"":false,""ord"":28,""allowedVocabularies"":[{""code"":""standard"",""scheme"":""https://vocabs.sshopencloud.eu/vocabularies/standard/standardScheme"",""namespace"":""https://vocabs.sshopencloud.eu/vocabularies/standard/"",""label"":""SSK Standards List"",""closed"":true}]},""concept"":{""code"":""tiff"",""vocabulary"":{""code"":""standard"",""scheme"":""https://vocabs.sshopencloud.eu/vocabularies/standard/standardScheme"",""namespace"":""https://vocabs.sshopencloud.eu/vocabularies/standard/"",""label"":""SSK Standards List"",""closed"":true},""label"":""TIFF"",""notation"":""TIFF"",""definition"":""Tagged Image File Format, abbreviated TIFF or TIF, is a computer file format for storing raster graphics images, popular among graphic artists, the publishing industry, and photographers. TIFF is widely supported by scanning, faxing, word processing, optical character recognition, image manipulation, desktop publishing, and page-layout applications. The format was created by Aldus Corporation for use in desktop publishing. It published the latest version 6.0 in 1992, subsequently updated with an Adobe Systems copyright after the latter acquired Aldus in 1994. Several Aldus or Adobe technical notes have been published with minor extensions to the format, and several specifications have been based on TIFF 6.0, including TIFF/EP (ISO 12234-2), TIFF/IT (ISO 12639), TIFF-F (RFC 2306) and TIFF-FX (RFC 3949)."",""uri"":""https://vocabs.sshopencloud.eu/vocabularies/standard/tiff"",""candidate"":false}},{""type"":{""code"":""intended-audience"",""label"":""Intended audience"",""type"":""concept"",""groupName"":""Categorisation"",""hidden"":false,""ord"":27,""allowedVocabularies"":[{""code"":""audience"",""scheme"":""https://vocabs.sshopencloud.eu/vocabularies/sshoc-audience/audienceScheme"",""namespace"":""https://vocabs.sshopencloud.eu/vocabularies/sshoc-audience/"",""label"":""Intended audience"",""closed"":true}]},""concept"":{""code"":""researcher"",""vocabulary"":{""code"":""audience"",""scheme"":""https://vocabs.sshopencloud.eu/vocabularies/sshoc-audience/audienceScheme"",""namespace"":""https://vocabs.sshopencloud.eu/vocabularies/sshoc-audience/"",""label"":""Intended audience"",""closed"":true},""label"":""Researcher"",""notation"":""researcher"",""uri"":""https://vocabs.sshopencloud.eu/vocabularies/sshoc-audience/researcher"",""candidate"":false}},{""type"":{""code"":""language"",""label"":""Language"",""type"":""concept"",""groupName"":""Categorisation"",""hidden"":false,""ord"":20,""allowedVocabularies"":[{""code"":""iso-639-3"",""scheme"":""https://vocabs.acdh.oeaw.ac.at/iso6393/Schema"",""namespace"":""https://vocabs.acdh.oeaw.ac.at/iso6393/"",""label"":""ISO 639-3 Language Codes"",""closed"":true}]},""concept"":{""code"":""pol"",""vocabulary"":{""code"":""iso-639-3"",""scheme"":""https://vocabs.acdh.oeaw.ac.at/iso6393/Schema"",""namespace"":""https://vocabs.acdh.oeaw.ac.at/iso6393/"",""label"":""ISO 639-3 Language Codes"",""closed"":true},""label"":""Polish"",""notation"":"""",""uri"":""https://vocabs.acdh.oeaw.ac.at/iso6393/pol"",""candidate"":false}},{""type"":{""code"":""activity"",""label"":""Activity"",""type"":""concept"",""groupName"":""Categorisation"",""hidden"":false,""ord"":17,""allowedVocabularies"":[{""code"":""tadirah2"",""scheme"":""https://vocabs.dariah.eu/tadirah/"",""namespace"":""https://vocabs.dariah.eu/tadirah/"",""label"":""TaDiRAH 2"",""closed"":true}]},""concept"":{""code"":""analyzing"",""vocabulary"":{""code"":""tadirah2"",""scheme"":""https://vocabs.dariah.eu/tadirah/"",""namespace"":""https://vocabs.dariah.eu/tadirah/"",""label"":""TaDiRAH 2"",""closed"":true},""label"":""Analyzing"",""notation"":"""",""uri"":""https://vocabs.dariah.eu/tadirah/analyzing"",""candidate"":false}},{""type"":{""code"":""activity"",""label"":""Activity"",""type"":""concept"",""groupName"":""Categorisation"",""hidden"":false,""ord"":17,""allowedVocabularies"":[{""code"":""tadirah2"",""scheme"":""https://vocabs.dariah.eu/tadirah/"",""namespace"":""https://vocabs.dariah.eu/tadirah/"",""label"":""TaDiRAH 2"",""closed"":true}]},""concept"":{""code"":""browsing"",""vocabulary"":{""code"":""tadirah2"",""scheme"":""https://vocabs.dariah.eu/tadirah/"",""namespace"":""https://vocabs.dariah.eu/tadirah/"",""label"":""TaDiRAH 2"",""closed"":true},""label"":""Browsing"",""notation"":"""",""definition"":""exploratory use of an information system (Wikidata contributors, \""Q516508,\"" Wikidata, https://www.wikidata.org/w/index.php?title=Q516508&oldid=1169408380 (accessed July 30, 2020)."",""uri"":""https://vocabs.dariah.eu/tadirah/browsing"",""candidate"":false}},{""type"":{""code"":""activity"",""label"":""Activity"",""type"":""concept"",""groupName"":""Categorisation"",""hidden"":false,""ord"":17,""allowedVocabularies"":[{""code"":""tadirah2"",""scheme"":""https://vocabs.dariah.eu/tadirah/"",""namespace"":""https://vocabs.dariah.eu/tadirah/"",""label"":""TaDiRAH 2"",""closed"":true}]},""concept"":{""code"":""capturing"",""vocabulary"":{""code"":""tadirah2"",""scheme"":""https://vocabs.dariah.eu/tadirah/"",""namespace"":""https://vocabs.dariah.eu/tadirah/"",""label"":""TaDiRAH 2"",""closed"":true},""label"":""Capturing"",""notation"":"""",""uri"":""https://vocabs.dariah.eu/tadirah/capturing"",""candidate"":false}},{""type"":{""code"":""activity"",""label"":""Activity"",""type"":""concept"",""groupName"":""Categorisation"",""hidden"":false,""ord"":17,""allowedVocabularies"":[{""code"":""tadirah2"",""scheme"":""https://vocabs.dariah.eu/tadirah/"",""namespace"":""https://vocabs.dariah.eu/tadirah/"",""label"":""TaDiRAH 2"",""closed"":true}]},""concept"":{""code"":""contentAnalysis"",""vocabulary"":{""code"":""tadirah2"",""scheme"":""https://vocabs.dariah.eu/tadirah/"",""namespace"":""https://vocabs.dariah.eu/tadirah/"",""label"":""TaDiRAH 2"",""closed"":true},""label"":""Content Analysis"",""notation"":"""",""uri"":""https://vocabs.dariah.eu/tadirah/contentAnalysis"",""candidate"":false}},{""type"":{""code"":""activity"",""label"":""Activity"",""type"":""concept"",""groupName"":""Categorisation"",""hidden"":false,""ord"":17,""allowedVocabularies"":[{""code"":""tadirah2"",""scheme"":""https://vocabs.dariah.eu/tadirah/"",""namespace"":""https://vocabs.dariah.eu/tadirah/"",""label"":""TaDiRAH 2"",""closed"":true}]},""concept"":{""code"":""discovering"",""vocabulary"":{""code"":""tadirah2"",""scheme"":""https://vocabs.dariah.eu/tadirah/"",""namespace"":""https://vocabs.dariah.eu/tadirah/"",""label"":""TaDiRAH 2"",""closed"":true},""label"":""Discovering"",""notation"":"""",""uri"":""https://vocabs.dariah.eu/tadirah/discovering"",""candidate"":false}},{""type"":{""code"":""activity"",""label"":""Activity"",""type"":""concept"",""groupName"":""Categorisation"",""hidden"":false,""ord"":17,""allowedVocabularies"":[{""code"":""tadirah2"",""scheme"":""https://vocabs.dariah.eu/tadirah/"",""namespace"":""https://vocabs.dariah.eu/tadirah/"",""label"":""TaDiRAH 2"",""closed"":true}]},""concept"":{""code"":""exploration"",""vocabulary"":{""code"":""tadirah2"",""scheme"":""https://vocabs.dariah.eu/tadirah/"",""namespace"":""https://vocabs.dariah.eu/tadirah/"",""label"":""TaDiRAH 2"",""closed"":true},""label"":""Exploration"",""notation"":"""",""definition"":""act of searching or traveling around a terrain for the purpose of discovery (Wikidata contributors, \""Q6502154,\"" Wikidata, https://www.wikidata.org/w/index.php?title=Q6502154&oldid=1238428839 (accessed September 4, 2020)."",""uri"":""https://vocabs.dariah.eu/tadirah/exploration"",""candidate"":false}},{""type"":{""code"":""activity"",""label"":""Activity"",""type"":""concept"",""groupName"":""Categorisation"",""hidden"":false,""ord"":17,""allowedVocabularies"":[{""code"":""tadirah2"",""scheme"":""https://vocabs.dariah.eu/tadirah/"",""namespace"":""https://vocabs.dariah.eu/tadirah/"",""label"":""TaDiRAH 2"",""closed"":true}]},""concept"":{""code"":""informationRetrieval"",""vocabulary"":{""code"":""tadirah2"",""scheme"":""https://vocabs.dariah.eu/tadirah/"",""namespace"":""https://vocabs.dariah.eu/tadirah/"",""label"":""TaDiRAH 2"",""closed"":true},""label"":""Information Retrieval"",""notation"":"""",""definition"":""activity of obtaining information resources relevant to an information need from a collection of information resources (Wikidata contributors, \""Q816826,\"" Wikidata, https://www.wikidata.org/w/index.php?title=Q816826&oldid=1228359828 (accessed July 30, 2020)."",""uri"":""https://vocabs.dariah.eu/tadirah/informationRetrieval"",""candidate"":false}},{""type"":{""code"":""activity"",""label"":""Activity"",""type"":""concept"",""groupName"":""Categorisation"",""hidden"":false,""ord"":17,""allowedVocabularies"":[{""code"":""tadirah2"",""scheme"":""https://vocabs.dariah.eu/tadirah/"",""namespace"":""https://vocabs.dariah.eu/tadirah/"",""label"":""TaDiRAH 2"",""closed"":true}]},""concept"":{""code"":""namedEntityRecognition"",""vocabulary"":{""code"":""tadirah2"",""scheme"":""https://vocabs.dariah.eu/tadirah/"",""namespace"":""https://vocabs.dariah.eu/tadirah/"",""label"":""TaDiRAH 2"",""closed"":true},""label"":""Named Entity Recognition"",""notation"":"""",""definition"":""extraction of named entity mentions in unstructured text into pre-defined categories (Wikidata contributors, \""Q403574,\"" Wikidata, https://www.wikidata.org/w/index.php?title=Q403574&oldid=1232404694 (accessed July 30, 2020)."",""uri"":""https://vocabs.dariah.eu/tadirah/namedEntityRecognition"",""candidate"":false}},{""type"":{""code"":""discipline"",""label"":""Discipline"",""type"":""concept"",""groupName"":""Categorisation"",""hidden"":false,""ord"":19,""allowedVocabularies"":[{""code"":""discipline"",""scheme"":""https://vocabs.acdh.oeaw.ac.at/oefosdisciplines/Schema"",""namespace"":""https://vocabs.acdh.oeaw.ac.at/oefosdisciplines/"",""label"":""\u00d6FOS 2012. Austrian Fields of Science and Technology Classification 2012"",""closed"":true}]},""concept"":{""code"":""6020"",""vocabulary"":{""code"":""discipline"",""scheme"":""https://vocabs.acdh.oeaw.ac.at/oefosdisciplines/Schema"",""namespace"":""https://vocabs.acdh.oeaw.ac.at/oefosdisciplines/"",""label"":""\u00d6FOS 2012. Austrian Fields of Science and Technology Classification 2012"",""closed"":true},""label"":""Linguistics and Literature"",""notation"":""6020"",""uri"":""https://vocabs.acdh.oeaw.ac.at/oefosdisciplines/6020"",""candidate"":false}}]",[],"[""https://lab.dariah.pl/en/amu-modules/philological-hub/""]",150,[],[],764,DACE Importer,DACE Importer,enabled,2022-07-26T14:42:54+0000,system-moderator,True,452.0,Dariah.lab Poland,https://api.lab.dariah.pl/,https://api.lab.dariah.pl/catalogue/api/en/Resources/{source-item-id},,,,,,,,,,,,,,,,,,,,,
dataset/u11tRS,12784,dataset,Audio Transcript Data,u11tRS,2021-07-22T10:20:15+0000,approved,"Audio data in the form of voice recorded interviews from the Generations and Gender Survey, processed and analyzed by CLARIN using automatic speech recognition, speaker attribution, part-of-speech-tagging, named entity labelling, and other NLP tools.
 
For more, see AUDIO SURVEY MODULE: https://www.sshopencloud.eu/audio-survey-module-questionnaire-and-fieldwork-implementation-guideline
",[],[],[],[],231,[],[],4,System importer,System importer,enabled,2021-05-28T15:28:06+0000,system-contributor,True,104.0,SSHopencloud Service Catalogue,https://www.sshopencloud.eu,https://www.sshopencloud.eu/node/{source-item-id},,,,,,,,,,,,,,,,,,,,,
dataset/MmSw2z,76967,dataset,Berliner Wendekorpus,MmSw2z,2025-07-04T10:17:38+0000,approved,"This corpus contains narrative interviews on German reunification.
The corpus is available for download and online browsing via the Database of Spoken German (AGD @ IDS Mannheim).",[],"[{""type"":{""code"":""language"",""label"":""Language"",""type"":""concept"",""groupName"":""Categorisation"",""hidden"":false,""ord"":20,""allowedVocabularies"":[{""code"":""iso-639-3"",""scheme"":""https://vocabs.acdh.oeaw.ac.at/iso6393/Schema"",""namespace"":""https://vocabs.acdh.oeaw.ac.at/iso6393/"",""label"":""ISO 639-3 Language Codes"",""closed"":true}]},""concept"":{""code"":""deu"",""vocabulary"":{""code"":""iso-639-3"",""scheme"":""https://vocabs.acdh.oeaw.ac.at/iso6393/Schema"",""namespace"":""https://vocabs.acdh.oeaw.ac.at/iso6393/"",""label"":""ISO 639-3 Language Codes"",""closed"":true},""label"":""German"",""notation"":"""",""uri"":""https://vocabs.acdh.oeaw.ac.at/iso6393/deu"",""candidate"":false}},{""type"":{""code"":""extent"",""label"":""Extent"",""type"":""string"",""groupName"":""Categorisation"",""hidden"":false,""ord"":26},""value"":""260,000 words""},{""type"":{""code"":""extent"",""label"":""Extent"",""type"":""string"",""groupName"":""Categorisation"",""hidden"":false,""ord"":26},""value"":""28 hours""},{""type"":{""code"":""keyword"",""label"":""Keyword"",""type"":""concept"",""groupName"":""Categorisation"",""hidden"":false,""ord"":18,""allowedVocabularies"":[{""code"":""sshoc-keyword"",""scheme"":""https://vocabs.sshopencloud.eu/vocabularies/sshomp-keyword/"",""namespace"":""https://vocabs.sshopencloud.eu/vocabularies/sshomp-keyword/"",""label"":""Keywords from SSHOMP"",""closed"":false}]},""concept"":{""code"":""lemmatised"",""vocabulary"":{""code"":""sshoc-keyword"",""scheme"":""https://vocabs.sshopencloud.eu/vocabularies/sshomp-keyword/"",""namespace"":""https://vocabs.sshopencloud.eu/vocabularies/sshomp-keyword/"",""label"":""Keywords from SSHOMP"",""closed"":false},""label"":""lemmatised"",""notation"":"""",""uri"":""https://vocabs.sshopencloud.eu/vocabularies/sshomp-keyword/lemmatised"",""candidate"":false}},{""type"":{""code"":""keyword"",""label"":""Keyword"",""type"":""concept"",""groupName"":""Categorisation"",""hidden"":false,""ord"":18,""allowedVocabularies"":[{""code"":""sshoc-keyword"",""scheme"":""https://vocabs.sshopencloud.eu/vocabularies/sshomp-keyword/"",""namespace"":""https://vocabs.sshopencloud.eu/vocabularies/sshomp-keyword/"",""label"":""Keywords from SSHOMP"",""closed"":false}]},""concept"":{""code"":""orthographically+transcribed"",""vocabulary"":{""code"":""sshoc-keyword"",""scheme"":""https://vocabs.sshopencloud.eu/vocabularies/sshomp-keyword/"",""namespace"":""https://vocabs.sshopencloud.eu/vocabularies/sshomp-keyword/"",""label"":""Keywords from SSHOMP"",""closed"":false},""label"":""orthographically transcribed"",""notation"":"""",""uri"":""https://vocabs.sshopencloud.eu/vocabularies/sshomp-keyword/orthographically+transcribed"",""candidate"":false}},{""type"":{""code"":""keyword"",""label"":""Keyword"",""type"":""concept"",""groupName"":""Categorisation"",""hidden"":false,""ord"":18,""allowedVocabularies"":[{""code"":""sshoc-keyword"",""scheme"":""https://vocabs.sshopencloud.eu/vocabularies/sshomp-keyword/"",""namespace"":""https://vocabs.sshopencloud.eu/vocabularies/sshomp-keyword/"",""label"":""Keywords from SSHOMP"",""closed"":false}]},""concept"":{""code"":""Spoken+corpora"",""vocabulary"":{""code"":""sshoc-keyword"",""scheme"":""https://vocabs.sshopencloud.eu/vocabularies/sshomp-keyword/"",""namespace"":""https://vocabs.sshopencloud.eu/vocabularies/sshomp-keyword/"",""label"":""Keywords from SSHOMP"",""closed"":false},""label"":""Spoken corpora"",""notation"":"""",""uri"":""https://vocabs.sshopencloud.eu/vocabularies/sshomp-keyword/Spoken+corpora"",""candidate"":false}},{""type"":{""code"":""terms-of-use"",""label"":""Terms Of Use"",""type"":""string"",""groupName"":""Access"",""hidden"":false,""ord"":3},""value"":""CLARIN RES""},{""type"":{""code"":""see-also"",""label"":""See also"",""type"":""url"",""groupName"":""Context"",""hidden"":false,""ord"":30},""value"":""http://hdl.handle.net/10932/00-0332-BD7C-3EF5-0B01-4""}]",[],"[""http://hdl.handle.net/10932/00-0332-BD7C-3EF5-0B01-4""]",corpora%2Fspoken-corpora%2Fberliner-wende.json,[],[],764,DACE Importer,DACE Importer,enabled,2022-07-26T14:42:54+0000,system-moderator,True,652.0,CLARIN Resource Families,https://github.com/clarin-eric/clarin-resource-families,https://github.com/clarin-eric/clarin-resource-families/blob/main/{source-item-id},,,,,,,,,,,,,,,,,,,,,
dataset/hM5LVo,76969,dataset,Biographische und Reiseerzählungen,hM5LVo,2025-07-04T10:17:38+0000,approved,"This corpus contains narrative and biographic interviews.
The corpus is available for download and online browsing via the Database of Spoken German (AGD @ IDS Mannheim).",[],"[{""type"":{""code"":""language"",""label"":""Language"",""type"":""concept"",""groupName"":""Categorisation"",""hidden"":false,""ord"":20,""allowedVocabularies"":[{""code"":""iso-639-3"",""scheme"":""https://vocabs.acdh.oeaw.ac.at/iso6393/Schema"",""namespace"":""https://vocabs.acdh.oeaw.ac.at/iso6393/"",""label"":""ISO 639-3 Language Codes"",""closed"":true}]},""concept"":{""code"":""deu"",""vocabulary"":{""code"":""iso-639-3"",""scheme"":""https://vocabs.acdh.oeaw.ac.at/iso6393/Schema"",""namespace"":""https://vocabs.acdh.oeaw.ac.at/iso6393/"",""label"":""ISO 639-3 Language Codes"",""closed"":true},""label"":""German"",""notation"":"""",""uri"":""https://vocabs.acdh.oeaw.ac.at/iso6393/deu"",""candidate"":false}},{""type"":{""code"":""extent"",""label"":""Extent"",""type"":""string"",""groupName"":""Categorisation"",""hidden"":false,""ord"":26},""value"":""50,000 words""},{""type"":{""code"":""extent"",""label"":""Extent"",""type"":""string"",""groupName"":""Categorisation"",""hidden"":false,""ord"":26},""value"":""6 hours""},{""type"":{""code"":""keyword"",""label"":""Keyword"",""type"":""concept"",""groupName"":""Categorisation"",""hidden"":false,""ord"":18,""allowedVocabularies"":[{""code"":""sshoc-keyword"",""scheme"":""https://vocabs.sshopencloud.eu/vocabularies/sshomp-keyword/"",""namespace"":""https://vocabs.sshopencloud.eu/vocabularies/sshomp-keyword/"",""label"":""Keywords from SSHOMP"",""closed"":false}]},""concept"":{""code"":""orthographically+transcribed"",""vocabulary"":{""code"":""sshoc-keyword"",""scheme"":""https://vocabs.sshopencloud.eu/vocabularies/sshomp-keyword/"",""namespace"":""https://vocabs.sshopencloud.eu/vocabularies/sshomp-keyword/"",""label"":""Keywords from SSHOMP"",""closed"":false},""label"":""orthographically transcribed"",""notation"":"""",""uri"":""https://vocabs.sshopencloud.eu/vocabularies/sshomp-keyword/orthographically+transcribed"",""candidate"":false}},{""type"":{""code"":""keyword"",""label"":""Keyword"",""type"":""concept"",""groupName"":""Categorisation"",""hidden"":false,""ord"":18,""allowedVocabularies"":[{""code"":""sshoc-keyword"",""scheme"":""https://vocabs.sshopencloud.eu/vocabularies/sshomp-keyword/"",""namespace"":""https://vocabs.sshopencloud.eu/vocabularies/sshomp-keyword/"",""label"":""Keywords from SSHOMP"",""closed"":false}]},""concept"":{""code"":""Spoken+corpora"",""vocabulary"":{""code"":""sshoc-keyword"",""scheme"":""https://vocabs.sshopencloud.eu/vocabularies/sshomp-keyword/"",""namespace"":""https://vocabs.sshopencloud.eu/vocabularies/sshomp-keyword/"",""label"":""Keywords from SSHOMP"",""closed"":false},""label"":""Spoken corpora"",""notation"":"""",""uri"":""https://vocabs.sshopencloud.eu/vocabularies/sshomp-keyword/Spoken+corpora"",""candidate"":false}},{""type"":{""code"":""terms-of-use"",""label"":""Terms Of Use"",""type"":""string"",""groupName"":""Access"",""hidden"":false,""ord"":3},""value"":""CLARIN RES""},{""type"":{""code"":""see-also"",""label"":""See also"",""type"":""url"",""groupName"":""Context"",""hidden"":false,""ord"":30},""value"":""http://hdl.handle.net/10932/00-0332-BD7C-3EF5-0B01-4""}]",[],"[""http://hdl.handle.net/10932/00-0332-BD7C-3EF5-0B01-4""]",corpora%2Fspoken-corpora%2Fbio-reise.json,[],[],764,DACE Importer,DACE Importer,enabled,2022-07-26T14:42:54+0000,system-moderator,True,652.0,CLARIN Resource Families,https://github.com/clarin-eric/clarin-resource-families,https://github.com/clarin-eric/clarin-resource-families/blob/main/{source-item-id},,,,,,,,,,,,,,,,,,,,,
dataset/ZqHWKn,76835,dataset,Chronopress,ZqHWKn,2025-07-04T10:17:08+0000,approved,"This corpus contains newspaper articles from 1945 to 1954.
The corpus is available through a dedicated concordancer.",[],"[{""type"":{""code"":""language"",""label"":""Language"",""type"":""concept"",""groupName"":""Categorisation"",""hidden"":false,""ord"":20,""allowedVocabularies"":[{""code"":""iso-639-3"",""scheme"":""https://vocabs.acdh.oeaw.ac.at/iso6393/Schema"",""namespace"":""https://vocabs.acdh.oeaw.ac.at/iso6393/"",""label"":""ISO 639-3 Language Codes"",""closed"":true}]},""concept"":{""code"":""pol"",""vocabulary"":{""code"":""iso-639-3"",""scheme"":""https://vocabs.acdh.oeaw.ac.at/iso6393/Schema"",""namespace"":""https://vocabs.acdh.oeaw.ac.at/iso6393/"",""label"":""ISO 639-3 Language Codes"",""closed"":true},""label"":""Polish"",""notation"":"""",""uri"":""https://vocabs.acdh.oeaw.ac.at/iso6393/pol"",""candidate"":false}},{""type"":{""code"":""extent"",""label"":""Extent"",""type"":""string"",""groupName"":""Categorisation"",""hidden"":false,""ord"":26},""value"":""16 million tokens""},{""type"":{""code"":""keyword"",""label"":""Keyword"",""type"":""concept"",""groupName"":""Categorisation"",""hidden"":false,""ord"":18,""allowedVocabularies"":[{""code"":""sshoc-keyword"",""scheme"":""https://vocabs.sshopencloud.eu/vocabularies/sshomp-keyword/"",""namespace"":""https://vocabs.sshopencloud.eu/vocabularies/sshomp-keyword/"",""label"":""Keywords from SSHOMP"",""closed"":false}]},""concept"":{""code"":""historical_corpora"",""vocabulary"":{""code"":""sshoc-keyword"",""scheme"":""https://vocabs.sshopencloud.eu/vocabularies/sshomp-keyword/"",""namespace"":""https://vocabs.sshopencloud.eu/vocabularies/sshomp-keyword/"",""label"":""Keywords from SSHOMP"",""closed"":false},""label"":""Historical Corpora"",""notation"":"""",""uri"":""https://vocabs.sshopencloud.eu/vocabularies/sshomp-keyword/historical_corpora"",""candidate"":false}},{""type"":{""code"":""terms-of-use"",""label"":""Terms Of Use"",""type"":""string"",""groupName"":""Access"",""hidden"":false,""ord"":3},""value"":""CC-BY-SA""}]",[],"[""http://hdl.handle.net/11321/260""]",corpora%2Fhistorical-corpora%2Fchronopress.json,[],[],764,DACE Importer,DACE Importer,enabled,2022-07-26T14:42:54+0000,system-moderator,True,652.0,CLARIN Resource Families,https://github.com/clarin-eric/clarin-resource-families,https://github.com/clarin-eric/clarin-resource-families/blob/main/{source-item-id},,,,,,,,,,,,,,,,,,,,,
dataset/56T7nm,76174,dataset,ChronoPress Corpus of Polish Press Texts,56T7nm,2025-07-04T10:14:20+0000,approved,"This corpus contains articles from various Polish newspapers from 1945 and 1962.
The corpus is available through a dedicated concordancer.",[],"[{""type"":{""code"":""language"",""label"":""Language"",""type"":""concept"",""groupName"":""Categorisation"",""hidden"":false,""ord"":20,""allowedVocabularies"":[{""code"":""iso-639-3"",""scheme"":""https://vocabs.acdh.oeaw.ac.at/iso6393/Schema"",""namespace"":""https://vocabs.acdh.oeaw.ac.at/iso6393/"",""label"":""ISO 639-3 Language Codes"",""closed"":true}]},""concept"":{""code"":""pol"",""vocabulary"":{""code"":""iso-639-3"",""scheme"":""https://vocabs.acdh.oeaw.ac.at/iso6393/Schema"",""namespace"":""https://vocabs.acdh.oeaw.ac.at/iso6393/"",""label"":""ISO 639-3 Language Codes"",""closed"":true},""label"":""Polish"",""notation"":"""",""uri"":""https://vocabs.acdh.oeaw.ac.at/iso6393/pol"",""candidate"":false}},{""type"":{""code"":""extent"",""label"":""Extent"",""type"":""string"",""groupName"":""Categorisation"",""hidden"":false,""ord"":26},""value"":""20 million tokens""},{""type"":{""code"":""keyword"",""label"":""Keyword"",""type"":""concept"",""groupName"":""Categorisation"",""hidden"":false,""ord"":18,""allowedVocabularies"":[{""code"":""sshoc-keyword"",""scheme"":""https://vocabs.sshopencloud.eu/vocabularies/sshomp-keyword/"",""namespace"":""https://vocabs.sshopencloud.eu/vocabularies/sshomp-keyword/"",""label"":""Keywords from SSHOMP"",""closed"":false}]},""concept"":{""code"":""tokenised"",""vocabulary"":{""code"":""sshoc-keyword"",""scheme"":""https://vocabs.sshopencloud.eu/vocabularies/sshomp-keyword/"",""namespace"":""https://vocabs.sshopencloud.eu/vocabularies/sshomp-keyword/"",""label"":""Keywords from SSHOMP"",""closed"":false},""label"":""tokenised"",""notation"":"""",""uri"":""https://vocabs.sshopencloud.eu/vocabularies/sshomp-keyword/tokenised"",""candidate"":false}},{""type"":{""code"":""keyword"",""label"":""Keyword"",""type"":""concept"",""groupName"":""Categorisation"",""hidden"":false,""ord"":18,""allowedVocabularies"":[{""code"":""sshoc-keyword"",""scheme"":""https://vocabs.sshopencloud.eu/vocabularies/sshomp-keyword/"",""namespace"":""https://vocabs.sshopencloud.eu/vocabularies/sshomp-keyword/"",""label"":""Keywords from SSHOMP"",""closed"":false}]},""concept"":{""code"":""Newspaper+corpora"",""vocabulary"":{""code"":""sshoc-keyword"",""scheme"":""https://vocabs.sshopencloud.eu/vocabularies/sshomp-keyword/"",""namespace"":""https://vocabs.sshopencloud.eu/vocabularies/sshomp-keyword/"",""label"":""Keywords from SSHOMP"",""closed"":false},""label"":""Newspaper corpora"",""notation"":"""",""uri"":""https://vocabs.sshopencloud.eu/vocabularies/sshomp-keyword/Newspaper+corpora"",""candidate"":false}},{""type"":{""code"":""terms-of-use"",""label"":""Terms Of Use"",""type"":""string"",""groupName"":""Access"",""hidden"":false,""ord"":3},""value"":""CLARIN PUB""}]",[],"[""http://hdl.handle.net/11321/260""]",corpora%2Fnewspaper-corpora%2Fchronopress.json,[],[],764,DACE Importer,DACE Importer,enabled,2022-07-26T14:42:54+0000,system-moderator,True,652.0,CLARIN Resource Families,https://github.com/clarin-eric/clarin-resource-families,https://github.com/clarin-eric/clarin-resource-families/blob/main/{source-item-id},,,,,,,,,,,,,,,,,,,,,
dataset/l4JY5a,78393,dataset,CINTIL-Corpus Internacional do Português,l4JY5a,2025-08-26T14:57:29+0000,approved,"This is a linguistically annotated corpus of both written and spoken Portuguese, whose annotations were manually verified.
The written texts consists of fictional, newspaper, and technical discourse (689,124 tokens) while the spoken texts correspond to both informal and formal speech (502,622 tokens).
The corpus is available from PORTULAN.",[],"[{""type"":{""code"":""language"",""label"":""Language"",""type"":""concept"",""groupName"":""Categorisation"",""hidden"":false,""ord"":20,""allowedVocabularies"":[{""code"":""iso-639-3"",""scheme"":""https://vocabs.acdh.oeaw.ac.at/iso6393/Schema"",""namespace"":""https://vocabs.acdh.oeaw.ac.at/iso6393/"",""label"":""ISO 639-3 Language Codes"",""closed"":true}]},""concept"":{""code"":""por"",""vocabulary"":{""code"":""iso-639-3"",""scheme"":""https://vocabs.acdh.oeaw.ac.at/iso6393/Schema"",""namespace"":""https://vocabs.acdh.oeaw.ac.at/iso6393/"",""label"":""ISO 639-3 Language Codes"",""closed"":true},""label"":""Portuguese"",""notation"":"""",""uri"":""https://vocabs.acdh.oeaw.ac.at/iso6393/por"",""candidate"":false}},{""type"":{""code"":""extent"",""label"":""Extent"",""type"":""string"",""groupName"":""Categorisation"",""hidden"":false,""ord"":26},""value"":""1 million tokens""},{""type"":{""code"":""keyword"",""label"":""Keyword"",""type"":""concept"",""groupName"":""Categorisation"",""hidden"":false,""ord"":18,""allowedVocabularies"":[{""code"":""sshoc-keyword"",""scheme"":""https://vocabs.sshopencloud.eu/vocabularies/sshomp-keyword/"",""namespace"":""https://vocabs.sshopencloud.eu/vocabularies/sshomp-keyword/"",""label"":""Keywords from SSHOMP"",""closed"":false}]},""concept"":{""code"":""tokenised"",""vocabulary"":{""code"":""sshoc-keyword"",""scheme"":""https://vocabs.sshopencloud.eu/vocabularies/sshomp-keyword/"",""namespace"":""https://vocabs.sshopencloud.eu/vocabularies/sshomp-keyword/"",""label"":""Keywords from SSHOMP"",""closed"":false},""label"":""tokenised"",""notation"":"""",""uri"":""https://vocabs.sshopencloud.eu/vocabularies/sshomp-keyword/tokenised"",""candidate"":false}},{""type"":{""code"":""keyword"",""label"":""Keyword"",""type"":""concept"",""groupName"":""Categorisation"",""hidden"":false,""ord"":18,""allowedVocabularies"":[{""code"":""sshoc-keyword"",""scheme"":""https://vocabs.sshopencloud.eu/vocabularies/sshomp-keyword/"",""namespace"":""https://vocabs.sshopencloud.eu/vocabularies/sshomp-keyword/"",""label"":""Keywords from SSHOMP"",""closed"":false}]},""concept"":{""code"":""lemmatised"",""vocabulary"":{""code"":""sshoc-keyword"",""scheme"":""https://vocabs.sshopencloud.eu/vocabularies/sshomp-keyword/"",""namespace"":""https://vocabs.sshopencloud.eu/vocabularies/sshomp-keyword/"",""label"":""Keywords from SSHOMP"",""closed"":false},""label"":""lemmatised"",""notation"":"""",""uri"":""https://vocabs.sshopencloud.eu/vocabularies/sshomp-keyword/lemmatised"",""candidate"":false}},{""type"":{""code"":""keyword"",""label"":""Keyword"",""type"":""concept"",""groupName"":""Categorisation"",""hidden"":false,""ord"":18,""allowedVocabularies"":[{""code"":""sshoc-keyword"",""scheme"":""https://vocabs.sshopencloud.eu/vocabularies/sshomp-keyword/"",""namespace"":""https://vocabs.sshopencloud.eu/vocabularies/sshomp-keyword/"",""label"":""Keywords from SSHOMP"",""closed"":false}]},""concept"":{""code"":""Reference+corpora"",""vocabulary"":{""code"":""sshoc-keyword"",""scheme"":""https://vocabs.sshopencloud.eu/vocabularies/sshomp-keyword/"",""namespace"":""https://vocabs.sshopencloud.eu/vocabularies/sshomp-keyword/"",""label"":""Keywords from SSHOMP"",""closed"":false},""label"":""Reference corpora"",""notation"":"""",""uri"":""https://vocabs.sshopencloud.eu/vocabularies/sshomp-keyword/Reference+corpora"",""candidate"":false}},{""type"":{""code"":""terms-of-use"",""label"":""Terms Of Use"",""type"":""string"",""groupName"":""Access"",""hidden"":false,""ord"":3},""value"":""ELRA END USER""},{""type"":{""code"":""see-also"",""label"":""See also"",""type"":""url"",""groupName"":""Context"",""hidden"":false,""ord"":30},""value"":""https://hdl.handle.net/21.11129/0000-000B-D33B-5""},{""type"":{""code"":""keyword"",""label"":""Keyword"",""type"":""concept"",""groupName"":""Categorisation"",""hidden"":false,""ord"":18,""allowedVocabularies"":[{""code"":""sshoc-keyword"",""scheme"":""https://vocabs.sshopencloud.eu/vocabularies/sshomp-keyword/"",""namespace"":""https://vocabs.sshopencloud.eu/vocabularies/sshomp-keyword/"",""label"":""Keywords from SSHOMP"",""closed"":false}]},""concept"":{""code"":""Manually+annotated+corpora"",""vocabulary"":{""code"":""sshoc-keyword"",""scheme"":""https://vocabs.sshopencloud.eu/vocabularies/sshomp-keyword/"",""namespace"":""https://vocabs.sshopencloud.eu/vocabularies/sshomp-keyword/"",""label"":""Keywords from SSHOMP"",""closed"":false},""label"":""Manually annotated corpora"",""notation"":"""",""uri"":""https://vocabs.sshopencloud.eu/vocabularies/sshomp-keyword/Manually+annotated+corpora"",""candidate"":false}}]",[],"[""https://hdl.handle.net/21.11129/0000-000B-D33B-5""]",,[],[],5,System moderator,System Moderator,enabled,2021-09-03T13:37:00+0000,system-moderator,True,,,,,,,,,,,,,,,,,,,,,,,,,
dataset/ymOASc,76339,dataset,CINTIL-Corpus Internacional do Português,ymOASc,2025-07-04T10:15:01+0000,approved,"The corpus contains transcriptions of spoken communication as well as written texts from several genres (news, literature, magazines, etc.).
The corpus is available for download from the CLARIN PORTULAN repository.",[],"[{""type"":{""code"":""language"",""label"":""Language"",""type"":""concept"",""groupName"":""Categorisation"",""hidden"":false,""ord"":20,""allowedVocabularies"":[{""code"":""iso-639-3"",""scheme"":""https://vocabs.acdh.oeaw.ac.at/iso6393/Schema"",""namespace"":""https://vocabs.acdh.oeaw.ac.at/iso6393/"",""label"":""ISO 639-3 Language Codes"",""closed"":true}]},""concept"":{""code"":""por"",""vocabulary"":{""code"":""iso-639-3"",""scheme"":""https://vocabs.acdh.oeaw.ac.at/iso6393/Schema"",""namespace"":""https://vocabs.acdh.oeaw.ac.at/iso6393/"",""label"":""ISO 639-3 Language Codes"",""closed"":true},""label"":""Portuguese"",""notation"":"""",""uri"":""https://vocabs.acdh.oeaw.ac.at/iso6393/por"",""candidate"":false}},{""type"":{""code"":""extent"",""label"":""Extent"",""type"":""string"",""groupName"":""Categorisation"",""hidden"":false,""ord"":26},""value"":""1 million tokens""},{""type"":{""code"":""keyword"",""label"":""Keyword"",""type"":""concept"",""groupName"":""Categorisation"",""hidden"":false,""ord"":18,""allowedVocabularies"":[{""code"":""sshoc-keyword"",""scheme"":""https://vocabs.sshopencloud.eu/vocabularies/sshomp-keyword/"",""namespace"":""https://vocabs.sshopencloud.eu/vocabularies/sshomp-keyword/"",""label"":""Keywords from SSHOMP"",""closed"":false}]},""concept"":{""code"":""morphosyntactic+tagging"",""vocabulary"":{""code"":""sshoc-keyword"",""scheme"":""https://vocabs.sshopencloud.eu/vocabularies/sshomp-keyword/"",""namespace"":""https://vocabs.sshopencloud.eu/vocabularies/sshomp-keyword/"",""label"":""Keywords from SSHOMP"",""closed"":false},""label"":""morphosyntactic tagging"",""notation"":"""",""uri"":""https://vocabs.sshopencloud.eu/vocabularies/sshomp-keyword/morphosyntactic+tagging"",""candidate"":false}},{""type"":{""code"":""keyword"",""label"":""Keyword"",""type"":""concept"",""groupName"":""Categorisation"",""hidden"":false,""ord"":18,""allowedVocabularies"":[{""code"":""sshoc-keyword"",""scheme"":""https://vocabs.sshopencloud.eu/vocabularies/sshomp-keyword/"",""namespace"":""https://vocabs.sshopencloud.eu/vocabularies/sshomp-keyword/"",""label"":""Keywords from SSHOMP"",""closed"":false}]},""concept"":{""code"":""Named+Entity+recognition"",""vocabulary"":{""code"":""sshoc-keyword"",""scheme"":""https://vocabs.sshopencloud.eu/vocabularies/sshomp-keyword/"",""namespace"":""https://vocabs.sshopencloud.eu/vocabularies/sshomp-keyword/"",""label"":""Keywords from SSHOMP"",""closed"":false},""label"":""Named Entity recognition"",""notation"":"""",""uri"":""https://vocabs.sshopencloud.eu/vocabularies/sshomp-keyword/Named+Entity+recognition"",""candidate"":false}},{""type"":{""code"":""keyword"",""label"":""Keyword"",""type"":""concept"",""groupName"":""Categorisation"",""hidden"":false,""ord"":18,""allowedVocabularies"":[{""code"":""sshoc-keyword"",""scheme"":""https://vocabs.sshopencloud.eu/vocabularies/sshomp-keyword/"",""namespace"":""https://vocabs.sshopencloud.eu/vocabularies/sshomp-keyword/"",""label"":""Keywords from SSHOMP"",""closed"":false}]},""concept"":{""code"":""Manually+annotated+corpora"",""vocabulary"":{""code"":""sshoc-keyword"",""scheme"":""https://vocabs.sshopencloud.eu/vocabularies/sshomp-keyword/"",""namespace"":""https://vocabs.sshopencloud.eu/vocabularies/sshomp-keyword/"",""label"":""Keywords from SSHOMP"",""closed"":false},""label"":""Manually annotated corpora"",""notation"":"""",""uri"":""https://vocabs.sshopencloud.eu/vocabularies/sshomp-keyword/Manually+annotated+corpora"",""candidate"":false}},{""type"":{""code"":""terms-of-use"",""label"":""Terms Of Use"",""type"":""string"",""groupName"":""Access"",""hidden"":false,""ord"":3},""value"":""CLARIN RES""},{""type"":{""code"":""see-also"",""label"":""See also"",""type"":""url"",""groupName"":""Context"",""hidden"":false,""ord"":30},""value"":""https://hdl.handle.net/21.11129/0000-000B-D33B-5""}]",[],"[""https://hdl.handle.net/21.11129/0000-000B-D33B-5""]",corpora%2Fmanually-annotated-corpora%2Fcintil-portugues.json,[],[],764,DACE Importer,DACE Importer,enabled,2022-07-26T14:42:54+0000,system-moderator,True,652.0,CLARIN Resource Families,https://github.com/clarin-eric/clarin-resource-families,https://github.com/clarin-eric/clarin-resource-families/blob/main/{source-item-id},,,,,,,,,,,,,,,,,,,,,
dataset/lmfgVo,76329,dataset,"Classics of Finnish Literature, Kielipankki Version",lmfgVo,2025-07-04T10:14:59+0000,approved,"This corpus contains prose fiction, plays, poetry and aphorisms (some written originally in Swedish) of established Finnish authors published from 1880s to 1949.
The corpus is available for online browsing through Korp.",[],"[{""type"":{""code"":""language"",""label"":""Language"",""type"":""concept"",""groupName"":""Categorisation"",""hidden"":false,""ord"":20,""allowedVocabularies"":[{""code"":""iso-639-3"",""scheme"":""https://vocabs.acdh.oeaw.ac.at/iso6393/Schema"",""namespace"":""https://vocabs.acdh.oeaw.ac.at/iso6393/"",""label"":""ISO 639-3 Language Codes"",""closed"":true}]},""concept"":{""code"":""fin"",""vocabulary"":{""code"":""iso-639-3"",""scheme"":""https://vocabs.acdh.oeaw.ac.at/iso6393/Schema"",""namespace"":""https://vocabs.acdh.oeaw.ac.at/iso6393/"",""label"":""ISO 639-3 Language Codes"",""closed"":true},""label"":""Finnish"",""notation"":"""",""uri"":""https://vocabs.acdh.oeaw.ac.at/iso6393/fin"",""candidate"":false}},{""type"":{""code"":""extent"",""label"":""Extent"",""type"":""string"",""groupName"":""Categorisation"",""hidden"":false,""ord"":26},""value"":""1,500,000 words""},{""type"":{""code"":""keyword"",""label"":""Keyword"",""type"":""concept"",""groupName"":""Categorisation"",""hidden"":false,""ord"":18,""allowedVocabularies"":[{""code"":""sshoc-keyword"",""scheme"":""https://vocabs.sshopencloud.eu/vocabularies/sshomp-keyword/"",""namespace"":""https://vocabs.sshopencloud.eu/vocabularies/sshomp-keyword/"",""label"":""Keywords from SSHOMP"",""closed"":false}]},""concept"":{""code"":""lemmatized"",""vocabulary"":{""code"":""sshoc-keyword"",""scheme"":""https://vocabs.sshopencloud.eu/vocabularies/sshomp-keyword/"",""namespace"":""https://vocabs.sshopencloud.eu/vocabularies/sshomp-keyword/"",""label"":""Keywords from SSHOMP"",""closed"":false},""label"":""lemmatized"",""notation"":"""",""uri"":""https://vocabs.sshopencloud.eu/vocabularies/sshomp-keyword/lemmatized"",""candidate"":false}},{""type"":{""code"":""keyword"",""label"":""Keyword"",""type"":""concept"",""groupName"":""Categorisation"",""hidden"":false,""ord"":18,""allowedVocabularies"":[{""code"":""sshoc-keyword"",""scheme"":""https://vocabs.sshopencloud.eu/vocabularies/sshomp-keyword/"",""namespace"":""https://vocabs.sshopencloud.eu/vocabularies/sshomp-keyword/"",""label"":""Keywords from SSHOMP"",""closed"":false}]},""concept"":{""code"":""Literary+corpora"",""vocabulary"":{""code"":""sshoc-keyword"",""scheme"":""https://vocabs.sshopencloud.eu/vocabularies/sshomp-keyword/"",""namespace"":""https://vocabs.sshopencloud.eu/vocabularies/sshomp-keyword/"",""label"":""Keywords from SSHOMP"",""closed"":false},""label"":""Literary corpora"",""notation"":"""",""uri"":""https://vocabs.sshopencloud.eu/vocabularies/sshomp-keyword/Literary+corpora"",""candidate"":false}},{""type"":{""code"":""terms-of-use"",""label"":""Terms Of Use"",""type"":""string"",""groupName"":""Access"",""hidden"":false,""ord"":3},""value"":""EUPL v.1.1 SA""},{""type"":{""code"":""see-also"",""label"":""See also"",""type"":""url"",""groupName"":""Context"",""hidden"":false,""ord"":30},""value"":""http://urn.fi/urn:nbn:fi:lb-2016081601""}]",[],"[""http://urn.fi/urn:nbn:fi:lb-20140730186""]",corpora%2Fliterary-corpora%2Ffin-lit.json,[],[],764,DACE Importer,DACE Importer,enabled,2022-07-26T14:42:54+0000,system-moderator,True,652.0,CLARIN Resource Families,https://github.com/clarin-eric/clarin-resource-families,https://github.com/clarin-eric/clarin-resource-families/blob/main/{source-item-id},,,,,,,,,,,,,,,,,,,,,
dataset/59Auec,76458,dataset,"Classics of Finnish Literature, Kielipankki Version",59Auec,2025-07-04T10:15:30+0000,approved,"This corpus contains literary texts from 1880 to 1949.
In terms of genre, the texts correspond to prose fiction, plays, poetry and aphorisms.
The corpus is available through the concordancer Korp (FIN-CLARIN).",[],"[{""type"":{""code"":""language"",""label"":""Language"",""type"":""concept"",""groupName"":""Categorisation"",""hidden"":false,""ord"":20,""allowedVocabularies"":[{""code"":""iso-639-3"",""scheme"":""https://vocabs.acdh.oeaw.ac.at/iso6393/Schema"",""namespace"":""https://vocabs.acdh.oeaw.ac.at/iso6393/"",""label"":""ISO 639-3 Language Codes"",""closed"":true}]},""concept"":{""code"":""fin"",""vocabulary"":{""code"":""iso-639-3"",""scheme"":""https://vocabs.acdh.oeaw.ac.at/iso6393/Schema"",""namespace"":""https://vocabs.acdh.oeaw.ac.at/iso6393/"",""label"":""ISO 639-3 Language Codes"",""closed"":true},""label"":""Finnish"",""notation"":"""",""uri"":""https://vocabs.acdh.oeaw.ac.at/iso6393/fin"",""candidate"":false}},{""type"":{""code"":""extent"",""label"":""Extent"",""type"":""string"",""groupName"":""Categorisation"",""hidden"":false,""ord"":26},""value"":""1.5 million words""},{""type"":{""code"":""keyword"",""label"":""Keyword"",""type"":""concept"",""groupName"":""Categorisation"",""hidden"":false,""ord"":18,""allowedVocabularies"":[{""code"":""sshoc-keyword"",""scheme"":""https://vocabs.sshopencloud.eu/vocabularies/sshomp-keyword/"",""namespace"":""https://vocabs.sshopencloud.eu/vocabularies/sshomp-keyword/"",""label"":""Keywords from SSHOMP"",""closed"":false}]},""concept"":{""code"":""historical_corpora"",""vocabulary"":{""code"":""sshoc-keyword"",""scheme"":""https://vocabs.sshopencloud.eu/vocabularies/sshomp-keyword/"",""namespace"":""https://vocabs.sshopencloud.eu/vocabularies/sshomp-keyword/"",""label"":""Keywords from SSHOMP"",""closed"":false},""label"":""Historical Corpora"",""notation"":"""",""uri"":""https://vocabs.sshopencloud.eu/vocabularies/sshomp-keyword/historical_corpora"",""candidate"":false}},{""type"":{""code"":""terms-of-use"",""label"":""Terms Of Use"",""type"":""string"",""groupName"":""Access"",""hidden"":false,""ord"":3},""value"":""EUPL v.1.1 SA""}]",[],"[""http://urn.fi/urn:nbn:fi:lb-20140730186""]",corpora%2Fhistorical-corpora%2Ffin-classics.json,[],[],764,DACE Importer,DACE Importer,enabled,2022-07-26T14:42:54+0000,system-moderator,True,652.0,CLARIN Resource Families,https://github.com/clarin-eric/clarin-resource-families,https://github.com/clarin-eric/clarin-resource-families/blob/main/{source-item-id},,,,,,,,,,,,,,,,,,,,,
dataset/caAWI4,75770,dataset,CombiLex,caAWI4,2025-07-04T07:35:50+0000,approved,This is a lexicon of words and word forms available for download from the Dutch Language Institute (INT).,[],"[{""type"":{""code"":""language"",""label"":""Language"",""type"":""concept"",""groupName"":""Categorisation"",""hidden"":false,""ord"":20,""allowedVocabularies"":[{""code"":""iso-639-3"",""scheme"":""https://vocabs.acdh.oeaw.ac.at/iso6393/Schema"",""namespace"":""https://vocabs.acdh.oeaw.ac.at/iso6393/"",""label"":""ISO 639-3 Language Codes"",""closed"":true}]},""concept"":{""code"":""nld"",""vocabulary"":{""code"":""iso-639-3"",""scheme"":""https://vocabs.acdh.oeaw.ac.at/iso6393/Schema"",""namespace"":""https://vocabs.acdh.oeaw.ac.at/iso6393/"",""label"":""ISO 639-3 Language Codes"",""closed"":true},""label"":""Dutch"",""notation"":"""",""uri"":""https://vocabs.acdh.oeaw.ac.at/iso6393/nld"",""candidate"":false}},{""type"":{""code"":""extent"",""label"":""Extent"",""type"":""string"",""groupName"":""Categorisation"",""hidden"":false,""ord"":26},""value"":""213,000 lemmas""},{""type"":{""code"":""keyword"",""label"":""Keyword"",""type"":""concept"",""groupName"":""Categorisation"",""hidden"":false,""ord"":18,""allowedVocabularies"":[{""code"":""sshoc-keyword"",""scheme"":""https://vocabs.sshopencloud.eu/vocabularies/sshomp-keyword/"",""namespace"":""https://vocabs.sshopencloud.eu/vocabularies/sshomp-keyword/"",""label"":""Keywords from SSHOMP"",""closed"":false}]},""concept"":{""code"":""lemmas+and+word+forms"",""vocabulary"":{""code"":""sshoc-keyword"",""scheme"":""https://vocabs.sshopencloud.eu/vocabularies/sshomp-keyword/"",""namespace"":""https://vocabs.sshopencloud.eu/vocabularies/sshomp-keyword/"",""label"":""Keywords from SSHOMP"",""closed"":false},""label"":""lemmas and word forms"",""notation"":"""",""uri"":""https://vocabs.sshopencloud.eu/vocabularies/sshomp-keyword/lemmas+and+word+forms"",""candidate"":false}},{""type"":{""code"":""keyword"",""label"":""Keyword"",""type"":""concept"",""groupName"":""Categorisation"",""hidden"":false,""ord"":18,""allowedVocabularies"":[{""code"":""sshoc-keyword"",""scheme"":""https://vocabs.sshopencloud.eu/vocabularies/sshomp-keyword/"",""namespace"":""https://vocabs.sshopencloud.eu/vocabularies/sshomp-keyword/"",""label"":""Keywords from SSHOMP"",""closed"":false}]},""concept"":{""code"":""lexicaldata"",""vocabulary"":{""code"":""sshoc-keyword"",""scheme"":""https://vocabs.sshopencloud.eu/vocabularies/sshomp-keyword/"",""namespace"":""https://vocabs.sshopencloud.eu/vocabularies/sshomp-keyword/"",""label"":""Keywords from SSHOMP"",""closed"":false},""label"":""LexicalData"",""notation"":"""",""uri"":""https://vocabs.sshopencloud.eu/vocabularies/sshomp-keyword/lexicaldata"",""candidate"":false}},{""type"":{""code"":""terms-of-use"",""label"":""Terms Of Use"",""type"":""string"",""groupName"":""Access"",""hidden"":false,""ord"":3},""value"":""other""},{""type"":{""code"":""see-also"",""label"":""See also"",""type"":""url"",""groupName"":""Context"",""hidden"":false,""ord"":30},""value"":""http://ivdnt.org/downloads/taalmaterialen/tstc-combilex""}]",[],"[""http://hdl.handle.net/10032/tm-a2-h2""]",lexical-resources%2Flexica%2Fcombilex.json,[],[],764,DACE Importer,DACE Importer,enabled,2022-07-26T14:42:54+0000,system-moderator,True,652.0,CLARIN Resource Families,https://github.com/clarin-eric/clarin-resource-families,https://github.com/clarin-eric/clarin-resource-families/blob/main/{source-item-id},,,,,,,,,,,,,,,,,,,,,
dataset/x63xwx,76865,dataset,Czech Legal Text Treebank,x63xwx,2025-07-04T10:17:14+0000,approved,"This corpus consists of two legal documents: Accounting Act (563/1991 Coll., as amended) and Decree on Double-entry Accounting for undertakers (500/2002 Coll., as amended).
The corpus is available for download from LINDAT and online browsing through the treebank viewer PML-TQ and the concordancer KonText.",[],"[{""type"":{""code"":""language"",""label"":""Language"",""type"":""concept"",""groupName"":""Categorisation"",""hidden"":false,""ord"":20,""allowedVocabularies"":[{""code"":""iso-639-3"",""scheme"":""https://vocabs.acdh.oeaw.ac.at/iso6393/Schema"",""namespace"":""https://vocabs.acdh.oeaw.ac.at/iso6393/"",""label"":""ISO 639-3 Language Codes"",""closed"":true}]},""concept"":{""code"":""ces"",""vocabulary"":{""code"":""iso-639-3"",""scheme"":""https://vocabs.acdh.oeaw.ac.at/iso6393/Schema"",""namespace"":""https://vocabs.acdh.oeaw.ac.at/iso6393/"",""label"":""ISO 639-3 Language Codes"",""closed"":true},""label"":""Czech"",""notation"":"""",""uri"":""https://vocabs.acdh.oeaw.ac.at/iso6393/ces"",""candidate"":false}},{""type"":{""code"":""extent"",""label"":""Extent"",""type"":""string"",""groupName"":""Categorisation"",""hidden"":false,""ord"":26},""value"":""1128 sentences""},{""type"":{""code"":""keyword"",""label"":""Keyword"",""type"":""concept"",""groupName"":""Categorisation"",""hidden"":false,""ord"":18,""allowedVocabularies"":[{""code"":""sshoc-keyword"",""scheme"":""https://vocabs.sshopencloud.eu/vocabularies/sshomp-keyword/"",""namespace"":""https://vocabs.sshopencloud.eu/vocabularies/sshomp-keyword/"",""label"":""Keywords from SSHOMP"",""closed"":false}]},""concept"":{""code"":""Legal+corpora"",""vocabulary"":{""code"":""sshoc-keyword"",""scheme"":""https://vocabs.sshopencloud.eu/vocabularies/sshomp-keyword/"",""namespace"":""https://vocabs.sshopencloud.eu/vocabularies/sshomp-keyword/"",""label"":""Keywords from SSHOMP"",""closed"":false},""label"":""Legal corpora"",""notation"":"""",""uri"":""https://vocabs.sshopencloud.eu/vocabularies/sshomp-keyword/Legal+corpora"",""candidate"":false}},{""type"":{""code"":""terms-of-use"",""label"":""Terms Of Use"",""type"":""string"",""groupName"":""Access"",""hidden"":false,""ord"":3},""value"":""CC BY-NC-SA 4.0""},{""type"":{""code"":""see-also"",""label"":""See also"",""type"":""url"",""groupName"":""Context"",""hidden"":false,""ord"":30},""value"":""https://hdl.handle.net/11234/1-2498""}]",[],"[""http://hdl.handle.net/11234/1-2498""]",corpora%2Flegal-corpora%2Fczech-legal-tree.json,[],[],764,DACE Importer,DACE Importer,enabled,2022-07-26T14:42:54+0000,system-moderator,True,652.0,CLARIN Resource Families,https://github.com/clarin-eric/clarin-resource-families,https://github.com/clarin-eric/clarin-resource-families/blob/main/{source-item-id},,,,,,,,,,,,,,,,,,,,,
dataset/TX51Rw,76687,dataset,Czech Legal Text Treebank 2.0,TX51Rw,2025-07-04T10:16:33+0000,approved,"This corpus contains legal texts.
The corpus is available through the concordance KonText, the PML-TQ tool and for download from the LINDAT repository.",[],"[{""type"":{""code"":""language"",""label"":""Language"",""type"":""concept"",""groupName"":""Categorisation"",""hidden"":false,""ord"":20,""allowedVocabularies"":[{""code"":""iso-639-3"",""scheme"":""https://vocabs.acdh.oeaw.ac.at/iso6393/Schema"",""namespace"":""https://vocabs.acdh.oeaw.ac.at/iso6393/"",""label"":""ISO 639-3 Language Codes"",""closed"":true}]},""concept"":{""code"":""ces"",""vocabulary"":{""code"":""iso-639-3"",""scheme"":""https://vocabs.acdh.oeaw.ac.at/iso6393/Schema"",""namespace"":""https://vocabs.acdh.oeaw.ac.at/iso6393/"",""label"":""ISO 639-3 Language Codes"",""closed"":true},""label"":""Czech"",""notation"":"""",""uri"":""https://vocabs.acdh.oeaw.ac.at/iso6393/ces"",""candidate"":false}},{""type"":{""code"":""extent"",""label"":""Extent"",""type"":""string"",""groupName"":""Categorisation"",""hidden"":false,""ord"":26},""value"":""1121 sentences""},{""type"":{""code"":""keyword"",""label"":""Keyword"",""type"":""concept"",""groupName"":""Categorisation"",""hidden"":false,""ord"":18,""allowedVocabularies"":[{""code"":""sshoc-keyword"",""scheme"":""https://vocabs.sshopencloud.eu/vocabularies/sshomp-keyword/"",""namespace"":""https://vocabs.sshopencloud.eu/vocabularies/sshomp-keyword/"",""label"":""Keywords from SSHOMP"",""closed"":false}]},""concept"":{""code"":""syntactic+parsing"",""vocabulary"":{""code"":""sshoc-keyword"",""scheme"":""https://vocabs.sshopencloud.eu/vocabularies/sshomp-keyword/"",""namespace"":""https://vocabs.sshopencloud.eu/vocabularies/sshomp-keyword/"",""label"":""Keywords from SSHOMP"",""closed"":false},""label"":""syntactic parsing"",""notation"":"""",""uri"":""https://vocabs.sshopencloud.eu/vocabularies/sshomp-keyword/syntactic+parsing"",""candidate"":false}},{""type"":{""code"":""keyword"",""label"":""Keyword"",""type"":""concept"",""groupName"":""Categorisation"",""hidden"":false,""ord"":18,""allowedVocabularies"":[{""code"":""sshoc-keyword"",""scheme"":""https://vocabs.sshopencloud.eu/vocabularies/sshomp-keyword/"",""namespace"":""https://vocabs.sshopencloud.eu/vocabularies/sshomp-keyword/"",""label"":""Keywords from SSHOMP"",""closed"":false}]},""concept"":{""code"":""Manually+annotated+corpora"",""vocabulary"":{""code"":""sshoc-keyword"",""scheme"":""https://vocabs.sshopencloud.eu/vocabularies/sshomp-keyword/"",""namespace"":""https://vocabs.sshopencloud.eu/vocabularies/sshomp-keyword/"",""label"":""Keywords from SSHOMP"",""closed"":false},""label"":""Manually annotated corpora"",""notation"":"""",""uri"":""https://vocabs.sshopencloud.eu/vocabularies/sshomp-keyword/Manually+annotated+corpora"",""candidate"":false}},{""type"":{""code"":""terms-of-use"",""label"":""Terms Of Use"",""type"":""string"",""groupName"":""Access"",""hidden"":false,""ord"":3},""value"":""CC BY-NC-SA 4.0""},{""type"":{""code"":""see-also"",""label"":""See also"",""type"":""url"",""groupName"":""Context"",""hidden"":false,""ord"":30},""value"":""http://hdl.handle.net/11234/1-2498""}]",[],"[""http://hdl.handle.net/11234/1-2498""]",corpora%2Fmanually-annotated-corpora%2Fczech-legal-treebank.json,[],[],764,DACE Importer,DACE Importer,enabled,2022-07-26T14:42:54+0000,system-moderator,True,652.0,CLARIN Resource Families,https://github.com/clarin-eric/clarin-resource-families,https://github.com/clarin-eric/clarin-resource-families/blob/main/{source-item-id},,,,,,,,,,,,,,,,,,,,,
dataset/5DJDYk,76097,dataset,Deaf adults RU database,5DJDYk,2025-07-04T10:14:00+0000,approved,This corpus aims at the investigation of the acquisition of Dutch by deaf Dutch adults (late L1/early L2) and comparison to hearing Turkish and Moroccan-Arabic.,[],"[{""type"":{""code"":""language"",""label"":""Language"",""type"":""concept"",""groupName"":""Categorisation"",""hidden"":false,""ord"":20,""allowedVocabularies"":[{""code"":""iso-639-3"",""scheme"":""https://vocabs.acdh.oeaw.ac.at/iso6393/Schema"",""namespace"":""https://vocabs.acdh.oeaw.ac.at/iso6393/"",""label"":""ISO 639-3 Language Codes"",""closed"":true}]},""concept"":{""code"":""nld"",""vocabulary"":{""code"":""iso-639-3"",""scheme"":""https://vocabs.acdh.oeaw.ac.at/iso6393/Schema"",""namespace"":""https://vocabs.acdh.oeaw.ac.at/iso6393/"",""label"":""ISO 639-3 Language Codes"",""closed"":true},""label"":""Dutch"",""notation"":"""",""uri"":""https://vocabs.acdh.oeaw.ac.at/iso6393/nld"",""candidate"":false}},{""type"":{""code"":""language"",""label"":""Language"",""type"":""concept"",""groupName"":""Categorisation"",""hidden"":false,""ord"":20,""allowedVocabularies"":[{""code"":""iso-639-3"",""scheme"":""https://vocabs.acdh.oeaw.ac.at/iso6393/Schema"",""namespace"":""https://vocabs.acdh.oeaw.ac.at/iso6393/"",""label"":""ISO 639-3 Language Codes"",""closed"":true}]},""concept"":{""code"":""tur"",""vocabulary"":{""code"":""iso-639-3"",""scheme"":""https://vocabs.acdh.oeaw.ac.at/iso6393/Schema"",""namespace"":""https://vocabs.acdh.oeaw.ac.at/iso6393/"",""label"":""ISO 639-3 Language Codes"",""closed"":true},""label"":""Turkish"",""notation"":"""",""uri"":""https://vocabs.acdh.oeaw.ac.at/iso6393/tur"",""candidate"":false}},{""type"":{""code"":""language"",""label"":""Language"",""type"":""concept"",""groupName"":""Categorisation"",""hidden"":false,""ord"":20,""allowedVocabularies"":[{""code"":""iso-639-3"",""scheme"":""https://vocabs.acdh.oeaw.ac.at/iso6393/Schema"",""namespace"":""https://vocabs.acdh.oeaw.ac.at/iso6393/"",""label"":""ISO 639-3 Language Codes"",""closed"":true}]},""concept"":{""code"":""ary"",""vocabulary"":{""code"":""iso-639-3"",""scheme"":""https://vocabs.acdh.oeaw.ac.at/iso6393/Schema"",""namespace"":""https://vocabs.acdh.oeaw.ac.at/iso6393/"",""label"":""ISO 639-3 Language Codes"",""closed"":true},""label"":""Moroccan Arabic"",""notation"":"""",""uri"":""https://vocabs.acdh.oeaw.ac.at/iso6393/ary"",""candidate"":false}},{""type"":{""code"":""extent"",""label"":""Extent"",""type"":""string"",""groupName"":""Categorisation"",""hidden"":false,""ord"":26},""value"":""2GB of 46 deaf Dutch adults, 38 hearing Turkish adults, 24 hearing Moroccan adults, 10 Dutch controls""},{""type"":{""code"":""keyword"",""label"":""Keyword"",""type"":""concept"",""groupName"":""Categorisation"",""hidden"":false,""ord"":18,""allowedVocabularies"":[{""code"":""sshoc-keyword"",""scheme"":""https://vocabs.sshopencloud.eu/vocabularies/sshomp-keyword/"",""namespace"":""https://vocabs.sshopencloud.eu/vocabularies/sshomp-keyword/"",""label"":""Keywords from SSHOMP"",""closed"":false}]},""concept"":{""code"":""Corpora+of+Disordered+Speech"",""vocabulary"":{""code"":""sshoc-keyword"",""scheme"":""https://vocabs.sshopencloud.eu/vocabularies/sshomp-keyword/"",""namespace"":""https://vocabs.sshopencloud.eu/vocabularies/sshomp-keyword/"",""label"":""Keywords from SSHOMP"",""closed"":false},""label"":""Corpora of Disordered Speech"",""notation"":"""",""uri"":""https://vocabs.sshopencloud.eu/vocabularies/sshomp-keyword/Corpora%2Bof%2BDisordered%2BSpeech"",""candidate"":true}},{""type"":{""code"":""terms-of-use"",""label"":""Terms Of Use"",""type"":""string"",""groupName"":""Access"",""hidden"":false,""ord"":3},""value"":""CLARIN PUB (Transcriptions), CLARIN RESTRICTED (Recordings)""},{""type"":{""code"":""see-also"",""label"":""See also"",""type"":""url"",""groupName"":""Context"",""hidden"":false,""ord"":30},""value"":""https://hdl.handle.net/1839/00-97AF29EA-877D-422A-BAF7-25FA269351A6""}]",[],"[""https://hdl.handle.net/1839/00-97AF29EA-877D-422A-BAF7-25FA269351A6""]",corpora%2Fcorpora-of-disordered-speech%2Fdeaf-adults-ru.json,[],[],764,DACE Importer,DACE Importer,enabled,2022-07-26T14:42:54+0000,system-moderator,True,652.0,CLARIN Resource Families,https://github.com/clarin-eric/clarin-resource-families,https://github.com/clarin-eric/clarin-resource-families/blob/main/{source-item-id},,,,,,,,,,,,,,,,,,,,,
dataset/YxwQjv,65987,dataset,Deutsches Textarchiv (German Text Archive),YxwQjv,2024-09-17T10:42:19+0000,approved,"The German Text Archive provides a cross-disciplinary and cross-genre basic inventory of German-language texts with a focus from the early 16th to the early 20th centuries. The main goal of the project funded by the German Research Foundation (DFG) from 2007 to 2016 was to create the so-called DTA core . This core DTA corpus comprises around 1500 titles from the period from approx. 1600 to 1900, which were selected due to their outstanding importance for the development of the German language or the respective genres and scientific disciplines. For more information, see http://www.deutschestextarchiv.de/","[{""actor"":{""id"":1752,""name"":""Eva Bacas"",""externalIds"":[],""affiliations"":[]},""role"":{""code"":""curator"",""label"":""Curator"",""ord"":11}},{""actor"":{""id"":1753,""name"":""Matt Lavin"",""externalIds"":[],""affiliations"":[]},""role"":{""code"":""curator"",""label"":""Curator"",""ord"":11}}]","[{""type"":{""code"":""object-format"",""label"":""Object format"",""type"":""concept"",""groupName"":""Categorisation"",""hidden"":false,""ord"":25,""allowedVocabularies"":[{""code"":""iana-media-type"",""scheme"":""https://vocabs.sshopencloud.eu/vocabularies/media-type/mediaTypeScheme"",""namespace"":""https://vocabs.sshopencloud.eu/vocabularies/media-type/"",""label"":""IANA Media Types"",""closed"":true}]},""concept"":{""code"":""applicationslashxml-patchplusxml"",""vocabulary"":{""code"":""iana-media-type"",""scheme"":""https://vocabs.sshopencloud.eu/vocabularies/media-type/mediaTypeScheme"",""namespace"":""https://vocabs.sshopencloud.eu/vocabularies/media-type/"",""label"":""IANA Media Types"",""closed"":true},""label"":""application/xml-patch+xml"",""notation"":"""",""uri"":""https://vocabs.sshopencloud.eu/vocabularies/media-type/applicationslashxml-patchplusxml"",""candidate"":false}},{""type"":{""code"":""object-format"",""label"":""Object format"",""type"":""concept"",""groupName"":""Categorisation"",""hidden"":false,""ord"":25,""allowedVocabularies"":[{""code"":""iana-media-type"",""scheme"":""https://vocabs.sshopencloud.eu/vocabularies/media-type/mediaTypeScheme"",""namespace"":""https://vocabs.sshopencloud.eu/vocabularies/media-type/"",""label"":""IANA Media Types"",""closed"":true}]},""concept"":{""code"":""applicationslashteiplusxml"",""vocabulary"":{""code"":""iana-media-type"",""scheme"":""https://vocabs.sshopencloud.eu/vocabularies/media-type/mediaTypeScheme"",""namespace"":""https://vocabs.sshopencloud.eu/vocabularies/media-type/"",""label"":""IANA Media Types"",""closed"":true},""label"":""application/tei+xml"",""notation"":"""",""uri"":""https://vocabs.sshopencloud.eu/vocabularies/media-type/applicationslashteiplusxml"",""candidate"":false}},{""type"":{""code"":""object-format"",""label"":""Object format"",""type"":""concept"",""groupName"":""Categorisation"",""hidden"":false,""ord"":25,""allowedVocabularies"":[{""code"":""iana-media-type"",""scheme"":""https://vocabs.sshopencloud.eu/vocabularies/media-type/mediaTypeScheme"",""namespace"":""https://vocabs.sshopencloud.eu/vocabularies/media-type/"",""label"":""IANA Media Types"",""closed"":true}]},""concept"":{""code"":""applicationslashzip"",""vocabulary"":{""code"":""iana-media-type"",""scheme"":""https://vocabs.sshopencloud.eu/vocabularies/media-type/mediaTypeScheme"",""namespace"":""https://vocabs.sshopencloud.eu/vocabularies/media-type/"",""label"":""IANA Media Types"",""closed"":true},""label"":""application/zip"",""notation"":"""",""uri"":""https://vocabs.sshopencloud.eu/vocabularies/media-type/applicationslashzip"",""candidate"":false}}]",[],[],275,[],[],2057,986fa2b5-d552-432d-a5e6-064c9b568817@myaccessid.org,Stefan Buddenbohm,enabled,2023-11-28T10:21:57+0000,moderator,False,102.0,Humanities Data,https://humanitiesdata.com/,https://humanitiesdata.com/resources/{source-item-id},,,,,,,,,,,,,,,,,,,,2020-04-24T14:54:12+0000,
dataset/Ky6kUX,65981,dataset,DTAXL – Metakorpus der historischen Korpora des DTA,Ky6kUX,2024-09-17T10:40:28+0000,approved,"Aggregated historical corpora of the German Text Archive (DTA) at the Berlin-Brandenburg Academy of Sciences and Humanities (BBAW).

Aggregierte historische Korpora des Deutschen Textarchivs (DTA) an der Berlin-Brandenburgischen Akademie der Wissenschaften (BBAW).","[{""actor"":{""id"":990,""name"":""Berlin-Brandenburgische Akademie der Wissenschaften"",""externalIds"":[],""affiliations"":[]},""role"":{""code"":""creator"",""label"":""Creator"",""ord"":3}},{""actor"":{""id"":8426,""name"":""Frank Wiegand"",""externalIds"":[{""identifierService"":{""code"":""DBLP"",""label"":""dblp"",""ord"":2,""urlTemplate"":""https://dblp.org/pid/{source-actor-id}""},""identifier"":""142/3952""},{""identifierService"":{""code"":""SourceActorId"",""label"":""Source ActorId"",""ord"":7,""urlTemplate"":""""},""identifier"":""103-142/3952""}],""affiliations"":[]},""role"":{""code"":""programmer"",""label"":""Programmer"",""ord"":9}}]","[{""type"":{""code"":""activity"",""label"":""Activity"",""type"":""concept"",""groupName"":""Categorisation"",""hidden"":false,""ord"":17,""allowedVocabularies"":[{""code"":""tadirah2"",""scheme"":""https://vocabs.dariah.eu/tadirah/"",""namespace"":""https://vocabs.dariah.eu/tadirah/"",""label"":""TaDiRAH 2"",""closed"":true}]},""concept"":{""code"":""aggregating"",""vocabulary"":{""code"":""tadirah2"",""scheme"":""https://vocabs.dariah.eu/tadirah/"",""namespace"":""https://vocabs.dariah.eu/tadirah/"",""label"":""TaDiRAH 2"",""closed"":true},""label"":""Aggregating"",""notation"":"""",""definition"":""act of collecting together physical or conceptual objects (Wikidata contributors, \""Q23007394,\"" Wikidata, https://www.wikidata.org/w/index.php?title=Q23007394&oldid=1210318642 (accessed September 4, 2020)."",""uri"":""https://vocabs.dariah.eu/tadirah/aggregating"",""candidate"":false}},{""type"":{""code"":""keyword"",""label"":""Keyword"",""type"":""concept"",""groupName"":""Categorisation"",""hidden"":false,""ord"":18,""allowedVocabularies"":[{""code"":""sshoc-keyword"",""scheme"":""https://vocabs.sshopencloud.eu/vocabularies/sshomp-keyword/"",""namespace"":""https://vocabs.sshopencloud.eu/vocabularies/sshomp-keyword/"",""label"":""Keywords from SSHOMP"",""closed"":false}]},""concept"":{""code"":""Academic+corpora"",""vocabulary"":{""code"":""sshoc-keyword"",""scheme"":""https://vocabs.sshopencloud.eu/vocabularies/sshomp-keyword/"",""namespace"":""https://vocabs.sshopencloud.eu/vocabularies/sshomp-keyword/"",""label"":""Keywords from SSHOMP"",""closed"":false},""label"":""Academic corpora"",""notation"":"""",""uri"":""https://vocabs.sshopencloud.eu/vocabularies/sshomp-keyword/Academic+corpora"",""candidate"":false}},{""type"":{""code"":""keyword"",""label"":""Keyword"",""type"":""concept"",""groupName"":""Categorisation"",""hidden"":false,""ord"":18,""allowedVocabularies"":[{""code"":""sshoc-keyword"",""scheme"":""https://vocabs.sshopencloud.eu/vocabularies/sshomp-keyword/"",""namespace"":""https://vocabs.sshopencloud.eu/vocabularies/sshomp-keyword/"",""label"":""Keywords from SSHOMP"",""closed"":false}]},""concept"":{""code"":""textplus"",""vocabulary"":{""code"":""sshoc-keyword"",""scheme"":""https://vocabs.sshopencloud.eu/vocabularies/sshomp-keyword/"",""namespace"":""https://vocabs.sshopencloud.eu/vocabularies/sshomp-keyword/"",""label"":""Keywords from SSHOMP"",""closed"":false},""label"":""Textplus"",""notation"":"""",""definition"":""Resource contributed to the NFDI consortium Text+ "",""uri"":""https://vocabs.sshopencloud.eu/vocabularies/sshomp-keyword/textplus"",""candidate"":false}}]",[],[],,[],[],2057,986fa2b5-d552-432d-a5e6-064c9b568817@myaccessid.org,Stefan Buddenbohm,enabled,2023-11-28T10:21:57+0000,moderator,False,,,,,,,,,,,,,,,,,,,,,,,,,
dataset/B4qAlH,75851,dataset,e-Lex,B4qAlH,2025-07-04T07:36:08+0000,approved,"This is a lexical database that consists of a one-word lexicon and a multi-word lexicon.
This lexicon is available for download from the Dutch Language Institute (INT).",[],"[{""type"":{""code"":""language"",""label"":""Language"",""type"":""concept"",""groupName"":""Categorisation"",""hidden"":false,""ord"":20,""allowedVocabularies"":[{""code"":""iso-639-3"",""scheme"":""https://vocabs.acdh.oeaw.ac.at/iso6393/Schema"",""namespace"":""https://vocabs.acdh.oeaw.ac.at/iso6393/"",""label"":""ISO 639-3 Language Codes"",""closed"":true}]},""concept"":{""code"":""nld"",""vocabulary"":{""code"":""iso-639-3"",""scheme"":""https://vocabs.acdh.oeaw.ac.at/iso6393/Schema"",""namespace"":""https://vocabs.acdh.oeaw.ac.at/iso6393/"",""label"":""ISO 639-3 Language Codes"",""closed"":true},""label"":""Dutch"",""notation"":"""",""uri"":""https://vocabs.acdh.oeaw.ac.at/iso6393/nld"",""candidate"":false}},{""type"":{""code"":""extent"",""label"":""Extent"",""type"":""string"",""groupName"":""Categorisation"",""hidden"":false,""ord"":26},""value"":""220,000 entries""},{""type"":{""code"":""extent"",""label"":""Extent"",""type"":""string"",""groupName"":""Categorisation"",""hidden"":false,""ord"":26},""value"":""600,000 word forms""},{""type"":{""code"":""extent"",""label"":""Extent"",""type"":""string"",""groupName"":""Categorisation"",""hidden"":false,""ord"":26},""value"":""77,000 multi-word expressions""},{""type"":{""code"":""extent"",""label"":""Extent"",""type"":""string"",""groupName"":""Categorisation"",""hidden"":false,""ord"":26},""value"":""26,000 multi-word lemmas""},{""type"":{""code"":""keyword"",""label"":""Keyword"",""type"":""concept"",""groupName"":""Categorisation"",""hidden"":false,""ord"":18,""allowedVocabularies"":[{""code"":""sshoc-keyword"",""scheme"":""https://vocabs.sshopencloud.eu/vocabularies/sshomp-keyword/"",""namespace"":""https://vocabs.sshopencloud.eu/vocabularies/sshomp-keyword/"",""label"":""Keywords from SSHOMP"",""closed"":false}]},""concept"":{""code"":""syntactical+and+phonological+information"",""vocabulary"":{""code"":""sshoc-keyword"",""scheme"":""https://vocabs.sshopencloud.eu/vocabularies/sshomp-keyword/"",""namespace"":""https://vocabs.sshopencloud.eu/vocabularies/sshomp-keyword/"",""label"":""Keywords from SSHOMP"",""closed"":false},""label"":""syntactical and phonological information"",""notation"":"""",""uri"":""https://vocabs.sshopencloud.eu/vocabularies/sshomp-keyword/syntactical+and+phonological+information"",""candidate"":false}},{""type"":{""code"":""keyword"",""label"":""Keyword"",""type"":""concept"",""groupName"":""Categorisation"",""hidden"":false,""ord"":18,""allowedVocabularies"":[{""code"":""sshoc-keyword"",""scheme"":""https://vocabs.sshopencloud.eu/vocabularies/sshomp-keyword/"",""namespace"":""https://vocabs.sshopencloud.eu/vocabularies/sshomp-keyword/"",""label"":""Keywords from SSHOMP"",""closed"":false}]},""concept"":{""code"":""partially+semantically+annotated"",""vocabulary"":{""code"":""sshoc-keyword"",""scheme"":""https://vocabs.sshopencloud.eu/vocabularies/sshomp-keyword/"",""namespace"":""https://vocabs.sshopencloud.eu/vocabularies/sshomp-keyword/"",""label"":""Keywords from SSHOMP"",""closed"":false},""label"":""partially semantically annotated"",""notation"":"""",""uri"":""https://vocabs.sshopencloud.eu/vocabularies/sshomp-keyword/partially+semantically+annotated"",""candidate"":false}},{""type"":{""code"":""keyword"",""label"":""Keyword"",""type"":""concept"",""groupName"":""Categorisation"",""hidden"":false,""ord"":18,""allowedVocabularies"":[{""code"":""sshoc-keyword"",""scheme"":""https://vocabs.sshopencloud.eu/vocabularies/sshomp-keyword/"",""namespace"":""https://vocabs.sshopencloud.eu/vocabularies/sshomp-keyword/"",""label"":""Keywords from SSHOMP"",""closed"":false}]},""concept"":{""code"":""lexicaldata"",""vocabulary"":{""code"":""sshoc-keyword"",""scheme"":""https://vocabs.sshopencloud.eu/vocabularies/sshomp-keyword/"",""namespace"":""https://vocabs.sshopencloud.eu/vocabularies/sshomp-keyword/"",""label"":""Keywords from SSHOMP"",""closed"":false},""label"":""LexicalData"",""notation"":"""",""uri"":""https://vocabs.sshopencloud.eu/vocabularies/sshomp-keyword/lexicaldata"",""candidate"":false}},{""type"":{""code"":""terms-of-use"",""label"":""Terms Of Use"",""type"":""string"",""groupName"":""Access"",""hidden"":false,""ord"":3},""value"":""other""},{""type"":{""code"":""see-also"",""label"":""See also"",""type"":""url"",""groupName"":""Context"",""hidden"":false,""ord"":30},""value"":""http://hdl.handle.net/10032/tm-a2-h2""}]",[],"[""http://hdl.handle.net/10032/tm-a2-h2""]",lexical-resources%2Flexica%2Felex.json,[],[],764,DACE Importer,DACE Importer,enabled,2022-07-26T14:42:54+0000,system-moderator,True,652.0,CLARIN Resource Families,https://github.com/clarin-eric/clarin-resource-families,https://github.com/clarin-eric/clarin-resource-families/blob/main/{source-item-id},,,,,,,,,,,,,,,,,,,,,
dataset/5MTfrn,72626,dataset,EPIC-UdS,5MTfrn,2025-02-13T07:14:29+0000,approved,"This is a parallel and comparable corpus of speeches held in the European Parliament; the corpus follows the European Parliament Interpreting Corpora tradition of the [EPIC](http://hdl.handle.net/11585/132580) and [EPICG](https://research.flw.ugent.be/en/projects/epicg-european-parliament-interpreting-corpus-ghent-step-further) corpora. It contains original speeches from 2008 to 2013 by English, German, and Spanish native speakers and their interpretation (English to and from German; Spanish to English).
All transcripts in the corpus are based on videos of the [European Parliament Proceedings](https://www.europarl.europa.eu/plenary/en/debates-video.html) published by the European Parliament.
Annotation includes typical characteristics of spoken language such as false starts, hesitations and truncated words. To obtain better results for source-target alignment as well as sentence parsing the transcripts were segmented using a main clause approach: compound sentences were segmented separately. For the second version of the corpus, the transcripts were processed clause by clause with the [spaCy](https://spacy.io/) NLP tools; the data is encoded in CoNLL-U and provides universal PoS tags, fine-grained language-specific PoS tags as well as [Universal Dependency](https://universaldependencies.org/) syntactic relations. All data was enriched with relevant metadata such as source language, name of original speaker, speech timing, mode of delivery and delivery rate.

The corpus is available for download from CLARIN-D (Saarland University B-centre).",[],"[{""type"":{""code"":""language"",""label"":""Language"",""type"":""concept"",""groupName"":""Categorisation"",""hidden"":false,""ord"":20,""allowedVocabularies"":[{""code"":""iso-639-3"",""scheme"":""https://vocabs.acdh.oeaw.ac.at/iso6393/Schema"",""namespace"":""https://vocabs.acdh.oeaw.ac.at/iso6393/"",""label"":""ISO 639-3 Language Codes"",""closed"":true}]},""concept"":{""code"":""eng"",""vocabulary"":{""code"":""iso-639-3"",""scheme"":""https://vocabs.acdh.oeaw.ac.at/iso6393/Schema"",""namespace"":""https://vocabs.acdh.oeaw.ac.at/iso6393/"",""label"":""ISO 639-3 Language Codes"",""closed"":true},""label"":""English"",""notation"":"""",""uri"":""https://vocabs.acdh.oeaw.ac.at/iso6393/eng"",""candidate"":false}},{""type"":{""code"":""language"",""label"":""Language"",""type"":""concept"",""groupName"":""Categorisation"",""hidden"":false,""ord"":20,""allowedVocabularies"":[{""code"":""iso-639-3"",""scheme"":""https://vocabs.acdh.oeaw.ac.at/iso6393/Schema"",""namespace"":""https://vocabs.acdh.oeaw.ac.at/iso6393/"",""label"":""ISO 639-3 Language Codes"",""closed"":true}]},""concept"":{""code"":""spa"",""vocabulary"":{""code"":""iso-639-3"",""scheme"":""https://vocabs.acdh.oeaw.ac.at/iso6393/Schema"",""namespace"":""https://vocabs.acdh.oeaw.ac.at/iso6393/"",""label"":""ISO 639-3 Language Codes"",""closed"":true},""label"":""Spanish"",""notation"":"""",""uri"":""https://vocabs.acdh.oeaw.ac.at/iso6393/spa"",""candidate"":false}},{""type"":{""code"":""extent"",""label"":""Extent"",""type"":""string"",""groupName"":""Categorisation"",""hidden"":false,""ord"":26},""value"":""350,000 tokens""},{""type"":{""code"":""keyword"",""label"":""Keyword"",""type"":""concept"",""groupName"":""Categorisation"",""hidden"":false,""ord"":18,""allowedVocabularies"":[{""code"":""sshoc-keyword"",""scheme"":""https://vocabs.sshopencloud.eu/vocabularies/sshomp-keyword/"",""namespace"":""https://vocabs.sshopencloud.eu/vocabularies/sshomp-keyword/"",""label"":""Keywords from SSHOMP"",""closed"":false}]},""concept"":{""code"":""tokenised"",""vocabulary"":{""code"":""sshoc-keyword"",""scheme"":""https://vocabs.sshopencloud.eu/vocabularies/sshomp-keyword/"",""namespace"":""https://vocabs.sshopencloud.eu/vocabularies/sshomp-keyword/"",""label"":""Keywords from SSHOMP"",""closed"":false},""label"":""tokenised"",""notation"":"""",""uri"":""https://vocabs.sshopencloud.eu/vocabularies/sshomp-keyword/tokenised"",""candidate"":false}},{""type"":{""code"":""keyword"",""label"":""Keyword"",""type"":""concept"",""groupName"":""Categorisation"",""hidden"":false,""ord"":18,""allowedVocabularies"":[{""code"":""sshoc-keyword"",""scheme"":""https://vocabs.sshopencloud.eu/vocabularies/sshomp-keyword/"",""namespace"":""https://vocabs.sshopencloud.eu/vocabularies/sshomp-keyword/"",""label"":""Keywords from SSHOMP"",""closed"":false}]},""concept"":{""code"":""syntactically+parsed"",""vocabulary"":{""code"":""sshoc-keyword"",""scheme"":""https://vocabs.sshopencloud.eu/vocabularies/sshomp-keyword/"",""namespace"":""https://vocabs.sshopencloud.eu/vocabularies/sshomp-keyword/"",""label"":""Keywords from SSHOMP"",""closed"":false},""label"":""syntactically parsed"",""notation"":"""",""uri"":""https://vocabs.sshopencloud.eu/vocabularies/sshomp-keyword/syntactically+parsed"",""candidate"":false}},{""type"":{""code"":""keyword"",""label"":""Keyword"",""type"":""concept"",""groupName"":""Categorisation"",""hidden"":false,""ord"":18,""allowedVocabularies"":[{""code"":""sshoc-keyword"",""scheme"":""https://vocabs.sshopencloud.eu/vocabularies/sshomp-keyword/"",""namespace"":""https://vocabs.sshopencloud.eu/vocabularies/sshomp-keyword/"",""label"":""Keywords from SSHOMP"",""closed"":false}]},""concept"":{""code"":""Parliamentary+corpora"",""vocabulary"":{""code"":""sshoc-keyword"",""scheme"":""https://vocabs.sshopencloud.eu/vocabularies/sshomp-keyword/"",""namespace"":""https://vocabs.sshopencloud.eu/vocabularies/sshomp-keyword/"",""label"":""Keywords from SSHOMP"",""closed"":false},""label"":""Parliamentary corpora"",""notation"":"""",""uri"":""https://vocabs.sshopencloud.eu/vocabularies/sshomp-keyword/Parliamentary+corpora"",""candidate"":false}},{""type"":{""code"":""see-also"",""label"":""See also"",""type"":""url"",""groupName"":""Context"",""hidden"":false,""ord"":30},""value"":""http://hdl.handle.net/21.11119/0000-0008-F519-8""},{""type"":{""code"":""keyword"",""label"":""Keyword"",""type"":""concept"",""groupName"":""Categorisation"",""hidden"":false,""ord"":18,""allowedVocabularies"":[{""code"":""sshoc-keyword"",""scheme"":""https://vocabs.sshopencloud.eu/vocabularies/sshomp-keyword/"",""namespace"":""https://vocabs.sshopencloud.eu/vocabularies/sshomp-keyword/"",""label"":""Keywords from SSHOMP"",""closed"":false}]},""concept"":{""code"":""pos"",""vocabulary"":{""code"":""sshoc-keyword"",""scheme"":""https://vocabs.sshopencloud.eu/vocabularies/sshomp-keyword/"",""namespace"":""https://vocabs.sshopencloud.eu/vocabularies/sshomp-keyword/"",""label"":""Keywords from SSHOMP"",""closed"":false},""label"":""pos"",""notation"":"""",""uri"":""https://vocabs.sshopencloud.eu/vocabularies/sshomp-keyword/pos"",""candidate"":false}},{""type"":{""code"":""keyword"",""label"":""Keyword"",""type"":""concept"",""groupName"":""Categorisation"",""hidden"":false,""ord"":18,""allowedVocabularies"":[{""code"":""sshoc-keyword"",""scheme"":""https://vocabs.sshopencloud.eu/vocabularies/sshomp-keyword/"",""namespace"":""https://vocabs.sshopencloud.eu/vocabularies/sshomp-keyword/"",""label"":""Keywords from SSHOMP"",""closed"":false}]},""concept"":{""code"":""Parallel+corpora"",""vocabulary"":{""code"":""sshoc-keyword"",""scheme"":""https://vocabs.sshopencloud.eu/vocabularies/sshomp-keyword/"",""namespace"":""https://vocabs.sshopencloud.eu/vocabularies/sshomp-keyword/"",""label"":""Keywords from SSHOMP"",""closed"":false},""label"":""Parallel corpora"",""notation"":"""",""uri"":""https://vocabs.sshopencloud.eu/vocabularies/sshomp-keyword/Parallel+corpora"",""candidate"":false}},{""type"":{""code"":""extent"",""label"":""Extent"",""type"":""string"",""groupName"":""Categorisation"",""hidden"":false,""ord"":26},""value"":""20,000 sentences""},{""type"":{""code"":""license"",""label"":""License"",""type"":""concept"",""groupName"":""Access"",""hidden"":false,""ord"":1,""allowedVocabularies"":[{""code"":""software-license"",""scheme"":""https://sshoc.poolparty.biz/Vocabularies/f8e37d35-c5fe-48d5-a9e1-2f8116726980"",""namespace"":""http://spdx.org/licenses/"",""label"":""Software License"",""closed"":true}]},""concept"":{""code"":""CC-BY-NC-SA-4.0"",""vocabulary"":{""code"":""software-license"",""scheme"":""https://sshoc.poolparty.biz/Vocabularies/f8e37d35-c5fe-48d5-a9e1-2f8116726980"",""namespace"":""http://spdx.org/licenses/"",""label"":""Software License"",""closed"":true},""label"":""Creative Commons Attribution Non Commercial Share Alike 4.0 International"",""notation"":"""",""uri"":""http://spdx.org/licenses/CC-BY-NC-SA-4.0"",""candidate"":false}},{""type"":{""code"":""keyword"",""label"":""Keyword"",""type"":""concept"",""groupName"":""Categorisation"",""hidden"":false,""ord"":18,""allowedVocabularies"":[{""code"":""sshoc-keyword"",""scheme"":""https://vocabs.sshopencloud.eu/vocabularies/sshomp-keyword/"",""namespace"":""https://vocabs.sshopencloud.eu/vocabularies/sshomp-keyword/"",""label"":""Keywords from SSHOMP"",""closed"":false}]},""concept"":{""code"":""syntactically+parsed"",""vocabulary"":{""code"":""sshoc-keyword"",""scheme"":""https://vocabs.sshopencloud.eu/vocabularies/sshomp-keyword/"",""namespace"":""https://vocabs.sshopencloud.eu/vocabularies/sshomp-keyword/"",""label"":""Keywords from SSHOMP"",""closed"":false},""label"":""syntactically parsed"",""notation"":"""",""uri"":""https://vocabs.sshopencloud.eu/vocabularies/sshomp-keyword/syntactically+parsed"",""candidate"":false}},{""type"":{""code"":""language"",""label"":""Language"",""type"":""concept"",""groupName"":""Categorisation"",""hidden"":false,""ord"":20,""allowedVocabularies"":[{""code"":""iso-639-3"",""scheme"":""https://vocabs.acdh.oeaw.ac.at/iso6393/Schema"",""namespace"":""https://vocabs.acdh.oeaw.ac.at/iso6393/"",""label"":""ISO 639-3 Language Codes"",""closed"":true}]},""concept"":{""code"":""deu"",""vocabulary"":{""code"":""iso-639-3"",""scheme"":""https://vocabs.acdh.oeaw.ac.at/iso6393/Schema"",""namespace"":""https://vocabs.acdh.oeaw.ac.at/iso6393/"",""label"":""ISO 639-3 Language Codes"",""closed"":true},""label"":""German"",""notation"":"""",""uri"":""https://vocabs.acdh.oeaw.ac.at/iso6393/deu"",""candidate"":false}}]",[],"[""http://hdl.handle.net/21.11119/0000-0008-F519-8""]",,[],[],784,62f07e86-caaa-46c7-8dcc-036352fec017@myaccessid.org,Michael Kurzmeier,enabled,2022-10-25T08:25:24+0000,moderator,False,,,,,,,,,,,,,,,,,,,,,,,,,
dataset/0ZQEbG,76735,dataset,EPIC-UdS,0ZQEbG,2025-07-04T10:16:44+0000,approved,"This is a parallel and comparable corpus of speeches held in the European Parliament; the corpus follows the European Parliament Interpreting Corpora tradition of the [EPIC](http://hdl.handle.net/11585/132580) and [EPICG](https://research.flw.ugent.be/en/projects/epicg-european-parliament-interpreting-corpus-ghent-step-further) corpora. It contains original speeches from 2008 to 2013 by English, German, and Spanish native speakers and their interpretation (English to and from German; Spanish to English).
All transcripts in the corpus are based on videos of the [European Parliament Proceedings](https://www.europarl.europa.eu/plenary/en/debates-video.html) published by the European Parliament.
Annotation includes typical characteristics of spoken language such as false starts, hesitations and truncated words. To obtain better results for source-target alignment as well as sentence parsing the transcripts were segmented using a main clause approach: compound sentences were segmented separately. For the second version of the corpus, the transcripts were processed clause by clause with the [spaCy](https://spacy.io/) NLP tools; the data is encoded in CoNLL-U and provides universal PoS tags, fine-grained language-specific PoS tags as well as [Universal Dependency](https://universaldependencies.org/) syntactic relations. All data was enriched with relevant metadata such as source language, name of original speaker, speech timing, mode of delivery and delivery rate.
The corpus is available for download from CLARIN-D (Saarland University B-centre).",[],"[{""type"":{""code"":""extent"",""label"":""Extent"",""type"":""string"",""groupName"":""Categorisation"",""hidden"":false,""ord"":26},""value"":""350,000 tokens""},{""type"":{""code"":""extent"",""label"":""Extent"",""type"":""string"",""groupName"":""Categorisation"",""hidden"":false,""ord"":26},""value"":""20,000 sentences""},{""type"":{""code"":""keyword"",""label"":""Keyword"",""type"":""concept"",""groupName"":""Categorisation"",""hidden"":false,""ord"":18,""allowedVocabularies"":[{""code"":""sshoc-keyword"",""scheme"":""https://vocabs.sshopencloud.eu/vocabularies/sshomp-keyword/"",""namespace"":""https://vocabs.sshopencloud.eu/vocabularies/sshomp-keyword/"",""label"":""Keywords from SSHOMP"",""closed"":false}]},""concept"":{""code"":""tokenised"",""vocabulary"":{""code"":""sshoc-keyword"",""scheme"":""https://vocabs.sshopencloud.eu/vocabularies/sshomp-keyword/"",""namespace"":""https://vocabs.sshopencloud.eu/vocabularies/sshomp-keyword/"",""label"":""Keywords from SSHOMP"",""closed"":false},""label"":""tokenised"",""notation"":"""",""uri"":""https://vocabs.sshopencloud.eu/vocabularies/sshomp-keyword/tokenised"",""candidate"":false}},{""type"":{""code"":""keyword"",""label"":""Keyword"",""type"":""concept"",""groupName"":""Categorisation"",""hidden"":false,""ord"":18,""allowedVocabularies"":[{""code"":""sshoc-keyword"",""scheme"":""https://vocabs.sshopencloud.eu/vocabularies/sshomp-keyword/"",""namespace"":""https://vocabs.sshopencloud.eu/vocabularies/sshomp-keyword/"",""label"":""Keywords from SSHOMP"",""closed"":false}]},""concept"":{""code"":""+syntactically+parsed"",""vocabulary"":{""code"":""sshoc-keyword"",""scheme"":""https://vocabs.sshopencloud.eu/vocabularies/sshomp-keyword/"",""namespace"":""https://vocabs.sshopencloud.eu/vocabularies/sshomp-keyword/"",""label"":""Keywords from SSHOMP"",""closed"":false},""label"":"" syntactically parsed"",""notation"":"""",""uri"":""https://vocabs.sshopencloud.eu/vocabularies/sshomp-keyword/+syntactically+parsed"",""candidate"":false}},{""type"":{""code"":""keyword"",""label"":""Keyword"",""type"":""concept"",""groupName"":""Categorisation"",""hidden"":false,""ord"":18,""allowedVocabularies"":[{""code"":""sshoc-keyword"",""scheme"":""https://vocabs.sshopencloud.eu/vocabularies/sshomp-keyword/"",""namespace"":""https://vocabs.sshopencloud.eu/vocabularies/sshomp-keyword/"",""label"":""Keywords from SSHOMP"",""closed"":false}]},""concept"":{""code"":""Parallel+corpora"",""vocabulary"":{""code"":""sshoc-keyword"",""scheme"":""https://vocabs.sshopencloud.eu/vocabularies/sshomp-keyword/"",""namespace"":""https://vocabs.sshopencloud.eu/vocabularies/sshomp-keyword/"",""label"":""Keywords from SSHOMP"",""closed"":false},""label"":""Parallel corpora"",""notation"":"""",""uri"":""https://vocabs.sshopencloud.eu/vocabularies/sshomp-keyword/Parallel+corpora"",""candidate"":false}},{""type"":{""code"":""terms-of-use"",""label"":""Terms Of Use"",""type"":""string"",""groupName"":""Access"",""hidden"":false,""ord"":3},""value"":""CC BY-NC-SA 4.0""},{""type"":{""code"":""see-also"",""label"":""See also"",""type"":""url"",""groupName"":""Context"",""hidden"":false,""ord"":30},""value"":""http://hdl.handle.net/21.11119/0000-0008-F519-8""}]",[],"[""http://hdl.handle.net/21.11119/0000-0008-F519-8""]",corpora%2Fparallel-corpora%2Fepic-uds.json,[],[],764,DACE Importer,DACE Importer,enabled,2022-07-26T14:42:54+0000,system-moderator,True,652.0,CLARIN Resource Families,https://github.com/clarin-eric/clarin-resource-families,https://github.com/clarin-eric/clarin-resource-families/blob/main/{source-item-id},,,,,,,,,,,,,,,,,,,,,
dataset/GUQbvp,76756,dataset,EPIC-UdS,GUQbvp,2025-07-04T10:16:49+0000,approved,"This is a parallel and comparable corpus of speeches held in the European Parliament; the corpus follows the European Parliament Interpreting Corpora tradition of the [EPIC](http://hdl.handle.net/11585/132580) and [EPICG](https://research.flw.ugent.be/en/projects/epicg-european-parliament-interpreting-corpus-ghent-step-further) corpora. It contains original speeches from 2008 to 2013 by English, German, and Spanish native speakers and their interpretation (English to and from German; Spanish to English).
All transcripts in the corpus are based on videos of the [European Parliament Proceedings](https://www.europarl.europa.eu/plenary/en/debates-video.html) published by the European Parliament.
Annotation includes typical characteristics of spoken language such as false starts, hesitations and truncated words. To obtain better results for source-target alignment as well as sentence parsing the transcripts were segmented using a main clause approach: compound sentences were segmented separately. For the second version of the corpus, the transcripts were processed clause by clause with the [spaCy](https://spacy.io/) NLP tools; the data is encoded in CoNLL-U and provides universal PoS tags, fine-grained language-specific PoS tags as well as [Universal Dependency](https://universaldependencies.org/) syntactic relations. All data was enriched with relevant metadata such as source language, name of original speaker, speech timing, mode of delivery and delivery rate.
The corpus is available for download from CLARIN-D (Saarland University B-centre).",[],"[{""type"":{""code"":""language"",""label"":""Language"",""type"":""concept"",""groupName"":""Categorisation"",""hidden"":false,""ord"":20,""allowedVocabularies"":[{""code"":""iso-639-3"",""scheme"":""https://vocabs.acdh.oeaw.ac.at/iso6393/Schema"",""namespace"":""https://vocabs.acdh.oeaw.ac.at/iso6393/"",""label"":""ISO 639-3 Language Codes"",""closed"":true}]},""concept"":{""code"":""eng"",""vocabulary"":{""code"":""iso-639-3"",""scheme"":""https://vocabs.acdh.oeaw.ac.at/iso6393/Schema"",""namespace"":""https://vocabs.acdh.oeaw.ac.at/iso6393/"",""label"":""ISO 639-3 Language Codes"",""closed"":true},""label"":""English"",""notation"":"""",""uri"":""https://vocabs.acdh.oeaw.ac.at/iso6393/eng"",""candidate"":false}},{""type"":{""code"":""language"",""label"":""Language"",""type"":""concept"",""groupName"":""Categorisation"",""hidden"":false,""ord"":20,""allowedVocabularies"":[{""code"":""iso-639-3"",""scheme"":""https://vocabs.acdh.oeaw.ac.at/iso6393/Schema"",""namespace"":""https://vocabs.acdh.oeaw.ac.at/iso6393/"",""label"":""ISO 639-3 Language Codes"",""closed"":true}]},""concept"":{""code"":""deu"",""vocabulary"":{""code"":""iso-639-3"",""scheme"":""https://vocabs.acdh.oeaw.ac.at/iso6393/Schema"",""namespace"":""https://vocabs.acdh.oeaw.ac.at/iso6393/"",""label"":""ISO 639-3 Language Codes"",""closed"":true},""label"":""German"",""notation"":"""",""uri"":""https://vocabs.acdh.oeaw.ac.at/iso6393/deu"",""candidate"":false}},{""type"":{""code"":""language"",""label"":""Language"",""type"":""concept"",""groupName"":""Categorisation"",""hidden"":false,""ord"":20,""allowedVocabularies"":[{""code"":""iso-639-3"",""scheme"":""https://vocabs.acdh.oeaw.ac.at/iso6393/Schema"",""namespace"":""https://vocabs.acdh.oeaw.ac.at/iso6393/"",""label"":""ISO 639-3 Language Codes"",""closed"":true}]},""concept"":{""code"":""spa"",""vocabulary"":{""code"":""iso-639-3"",""scheme"":""https://vocabs.acdh.oeaw.ac.at/iso6393/Schema"",""namespace"":""https://vocabs.acdh.oeaw.ac.at/iso6393/"",""label"":""ISO 639-3 Language Codes"",""closed"":true},""label"":""Spanish"",""notation"":"""",""uri"":""https://vocabs.acdh.oeaw.ac.at/iso6393/spa"",""candidate"":false}},{""type"":{""code"":""extent"",""label"":""Extent"",""type"":""string"",""groupName"":""Categorisation"",""hidden"":false,""ord"":26},""value"":""350,000 tokens""},{""type"":{""code"":""extent"",""label"":""Extent"",""type"":""string"",""groupName"":""Categorisation"",""hidden"":false,""ord"":26},""value"":""20,000 sentences""},{""type"":{""code"":""keyword"",""label"":""Keyword"",""type"":""concept"",""groupName"":""Categorisation"",""hidden"":false,""ord"":18,""allowedVocabularies"":[{""code"":""sshoc-keyword"",""scheme"":""https://vocabs.sshopencloud.eu/vocabularies/sshomp-keyword/"",""namespace"":""https://vocabs.sshopencloud.eu/vocabularies/sshomp-keyword/"",""label"":""Keywords from SSHOMP"",""closed"":false}]},""concept"":{""code"":""tokenised"",""vocabulary"":{""code"":""sshoc-keyword"",""scheme"":""https://vocabs.sshopencloud.eu/vocabularies/sshomp-keyword/"",""namespace"":""https://vocabs.sshopencloud.eu/vocabularies/sshomp-keyword/"",""label"":""Keywords from SSHOMP"",""closed"":false},""label"":""tokenised"",""notation"":"""",""uri"":""https://vocabs.sshopencloud.eu/vocabularies/sshomp-keyword/tokenised"",""candidate"":false}},{""type"":{""code"":""keyword"",""label"":""Keyword"",""type"":""concept"",""groupName"":""Categorisation"",""hidden"":false,""ord"":18,""allowedVocabularies"":[{""code"":""sshoc-keyword"",""scheme"":""https://vocabs.sshopencloud.eu/vocabularies/sshomp-keyword/"",""namespace"":""https://vocabs.sshopencloud.eu/vocabularies/sshomp-keyword/"",""label"":""Keywords from SSHOMP"",""closed"":false}]},""concept"":{""code"":""+syntactically+parsed"",""vocabulary"":{""code"":""sshoc-keyword"",""scheme"":""https://vocabs.sshopencloud.eu/vocabularies/sshomp-keyword/"",""namespace"":""https://vocabs.sshopencloud.eu/vocabularies/sshomp-keyword/"",""label"":""Keywords from SSHOMP"",""closed"":false},""label"":"" syntactically parsed"",""notation"":"""",""uri"":""https://vocabs.sshopencloud.eu/vocabularies/sshomp-keyword/+syntactically+parsed"",""candidate"":false}},{""type"":{""code"":""keyword"",""label"":""Keyword"",""type"":""concept"",""groupName"":""Categorisation"",""hidden"":false,""ord"":18,""allowedVocabularies"":[{""code"":""sshoc-keyword"",""scheme"":""https://vocabs.sshopencloud.eu/vocabularies/sshomp-keyword/"",""namespace"":""https://vocabs.sshopencloud.eu/vocabularies/sshomp-keyword/"",""label"":""Keywords from SSHOMP"",""closed"":false}]},""concept"":{""code"":""Parliamentary+corpora"",""vocabulary"":{""code"":""sshoc-keyword"",""scheme"":""https://vocabs.sshopencloud.eu/vocabularies/sshomp-keyword/"",""namespace"":""https://vocabs.sshopencloud.eu/vocabularies/sshomp-keyword/"",""label"":""Keywords from SSHOMP"",""closed"":false},""label"":""Parliamentary corpora"",""notation"":"""",""uri"":""https://vocabs.sshopencloud.eu/vocabularies/sshomp-keyword/Parliamentary+corpora"",""candidate"":false}},{""type"":{""code"":""terms-of-use"",""label"":""Terms Of Use"",""type"":""string"",""groupName"":""Access"",""hidden"":false,""ord"":3},""value"":""CC BY-NC-SA 4.0""},{""type"":{""code"":""see-also"",""label"":""See also"",""type"":""url"",""groupName"":""Context"",""hidden"":false,""ord"":30},""value"":""http://hdl.handle.net/21.11119/0000-0008-F519-8""}]",[],"[""http://hdl.handle.net/21.11119/0000-0008-F519-8""]",corpora%2Fparliamentary-corpora%2Fepic-uds.json,[],[],764,DACE Importer,DACE Importer,enabled,2022-07-26T14:42:54+0000,system-moderator,True,652.0,CLARIN Resource Families,https://github.com/clarin-eric/clarin-resource-families,https://github.com/clarin-eric/clarin-resource-families/blob/main/{source-item-id},,,,,,,,,,,,,,,,,,,,,
dataset/rY3lG8,76938,dataset,"European Parliament Proceedings Parallel Corpus 1996-2011, parallel corpus Greek-English",rY3lG8,2025-07-04T10:17:31+0000,approved,"This corpus is a bilingual Greek-English subset of the [Europal parallel corpus](https://www.clarin.eu/resource-families/parliamentary-corpora#Europarl).
The corpus is available for download from the CLARIN:EL repository.",[],"[{""type"":{""code"":""extent"",""label"":""Extent"",""type"":""string"",""groupName"":""Categorisation"",""hidden"":false,""ord"":26},""value"":""31.9 million words (English)""},{""type"":{""code"":""extent"",""label"":""Extent"",""type"":""string"",""groupName"":""Categorisation"",""hidden"":false,""ord"":26},""value"":""1.2 million sentences (Greek)""},{""type"":{""code"":""keyword"",""label"":""Keyword"",""type"":""concept"",""groupName"":""Categorisation"",""hidden"":false,""ord"":18,""allowedVocabularies"":[{""code"":""sshoc-keyword"",""scheme"":""https://vocabs.sshopencloud.eu/vocabularies/sshomp-keyword/"",""namespace"":""https://vocabs.sshopencloud.eu/vocabularies/sshomp-keyword/"",""label"":""Keywords from SSHOMP"",""closed"":false}]},""concept"":{""code"":""sentence+aligned"",""vocabulary"":{""code"":""sshoc-keyword"",""scheme"":""https://vocabs.sshopencloud.eu/vocabularies/sshomp-keyword/"",""namespace"":""https://vocabs.sshopencloud.eu/vocabularies/sshomp-keyword/"",""label"":""Keywords from SSHOMP"",""closed"":false},""label"":""sentence aligned"",""notation"":"""",""uri"":""https://vocabs.sshopencloud.eu/vocabularies/sshomp-keyword/sentence+aligned"",""candidate"":false}},{""type"":{""code"":""keyword"",""label"":""Keyword"",""type"":""concept"",""groupName"":""Categorisation"",""hidden"":false,""ord"":18,""allowedVocabularies"":[{""code"":""sshoc-keyword"",""scheme"":""https://vocabs.sshopencloud.eu/vocabularies/sshomp-keyword/"",""namespace"":""https://vocabs.sshopencloud.eu/vocabularies/sshomp-keyword/"",""label"":""Keywords from SSHOMP"",""closed"":false}]},""concept"":{""code"":""Parliamentary+corpora"",""vocabulary"":{""code"":""sshoc-keyword"",""scheme"":""https://vocabs.sshopencloud.eu/vocabularies/sshomp-keyword/"",""namespace"":""https://vocabs.sshopencloud.eu/vocabularies/sshomp-keyword/"",""label"":""Keywords from SSHOMP"",""closed"":false},""label"":""Parliamentary corpora"",""notation"":"""",""uri"":""https://vocabs.sshopencloud.eu/vocabularies/sshomp-keyword/Parliamentary+corpora"",""candidate"":false}},{""type"":{""code"":""terms-of-use"",""label"":""Terms Of Use"",""type"":""string"",""groupName"":""Access"",""hidden"":false,""ord"":3},""value"":""CC ZERO""},{""type"":{""code"":""see-also"",""label"":""See also"",""type"":""url"",""groupName"":""Context"",""hidden"":false,""ord"":30},""value"":""http://hdl.grnet.gr/11500/ATHENA-0000-0000-23DE-F""}]",[],"[""http://hdl.grnet.gr/11500/ATHENA-0000-0000-23DE-F""]",corpora%2Fparliamentary-corpora%2Feuroparl-ell-eng.json,[],[],764,DACE Importer,DACE Importer,enabled,2022-07-26T14:42:54+0000,system-moderator,True,652.0,CLARIN Resource Families,https://github.com/clarin-eric/clarin-resource-families,https://github.com/clarin-eric/clarin-resource-families/blob/main/{source-item-id},,,,,,,,,,,,,,,,,,,,,
dataset/n2cS7Z,76923,dataset,"European Parliament Proceedings Parallel Corpus 1996-2011, parallel corpus Greek-English",n2cS7Z,2025-07-04T10:17:27+0000,approved,"This corpus contains debates of the European Parliament from 1996 to 2011.
The corpus is available for download from the CLARIN:el repository.",[],"[{""type"":{""code"":""extent"",""label"":""Extent"",""type"":""string"",""groupName"":""Categorisation"",""hidden"":false,""ord"":26},""value"":""1.2 million sentences""},{""type"":{""code"":""keyword"",""label"":""Keyword"",""type"":""concept"",""groupName"":""Categorisation"",""hidden"":false,""ord"":18,""allowedVocabularies"":[{""code"":""sshoc-keyword"",""scheme"":""https://vocabs.sshopencloud.eu/vocabularies/sshomp-keyword/"",""namespace"":""https://vocabs.sshopencloud.eu/vocabularies/sshomp-keyword/"",""label"":""Keywords from SSHOMP"",""closed"":false}]},""concept"":{""code"":""Parallel+corpora"",""vocabulary"":{""code"":""sshoc-keyword"",""scheme"":""https://vocabs.sshopencloud.eu/vocabularies/sshomp-keyword/"",""namespace"":""https://vocabs.sshopencloud.eu/vocabularies/sshomp-keyword/"",""label"":""Keywords from SSHOMP"",""closed"":false},""label"":""Parallel corpora"",""notation"":"""",""uri"":""https://vocabs.sshopencloud.eu/vocabularies/sshomp-keyword/Parallel+corpora"",""candidate"":false}},{""type"":{""code"":""terms-of-use"",""label"":""Terms Of Use"",""type"":""string"",""groupName"":""Access"",""hidden"":false,""ord"":3},""value"":""CC-ZERO""},{""type"":{""code"":""see-also"",""label"":""See also"",""type"":""url"",""groupName"":""Context"",""hidden"":false,""ord"":30},""value"":""http://hdl.grnet.gr/11500/ATHENA-0000-0000-23DE-F""}]",[],"[""http://hdl.grnet.gr/11500/ATHENA-0000-0000-23DE-F""]",corpora%2Fparallel-corpora%2Feuroparl-ell-eng.json,[],[],764,DACE Importer,DACE Importer,enabled,2022-07-26T14:42:54+0000,system-moderator,True,652.0,CLARIN Resource Families,https://github.com/clarin-eric/clarin-resource-families,https://github.com/clarin-eric/clarin-resource-families/blob/main/{source-item-id},,,,,,,,,,,,,,,,,,,,,
dataset/M4kRNQ,77295,dataset,Extended dictionary of named entities NELexicon connected with Linked Open Data,M4kRNQ,2025-07-04T12:01:50+0000,approved,"This lexicon contains Polish named entities connected with terminology from available resources within Linked Open Data (e.g. WordNet, DBPedia, Wikipedia, etc.). The resource is available for download from the CLARIN-PL repository.",[],"[{""type"":{""code"":""language"",""label"":""Language"",""type"":""concept"",""groupName"":""Categorisation"",""hidden"":false,""ord"":20,""allowedVocabularies"":[{""code"":""iso-639-3"",""scheme"":""https://vocabs.acdh.oeaw.ac.at/iso6393/Schema"",""namespace"":""https://vocabs.acdh.oeaw.ac.at/iso6393/"",""label"":""ISO 639-3 Language Codes"",""closed"":true}]},""concept"":{""code"":""pol"",""vocabulary"":{""code"":""iso-639-3"",""scheme"":""https://vocabs.acdh.oeaw.ac.at/iso6393/Schema"",""namespace"":""https://vocabs.acdh.oeaw.ac.at/iso6393/"",""label"":""ISO 639-3 Language Codes"",""closed"":true},""label"":""Polish"",""notation"":"""",""uri"":""https://vocabs.acdh.oeaw.ac.at/iso6393/pol"",""candidate"":false}},{""type"":{""code"":""extent"",""label"":""Extent"",""type"":""string"",""groupName"":""Categorisation"",""hidden"":false,""ord"":26},""value"":""103,585 entries""},{""type"":{""code"":""keyword"",""label"":""Keyword"",""type"":""concept"",""groupName"":""Categorisation"",""hidden"":false,""ord"":18,""allowedVocabularies"":[{""code"":""sshoc-keyword"",""scheme"":""https://vocabs.sshopencloud.eu/vocabularies/sshomp-keyword/"",""namespace"":""https://vocabs.sshopencloud.eu/vocabularies/sshomp-keyword/"",""label"":""Keywords from SSHOMP"",""closed"":false}]},""concept"":{""code"":""lexicaldata"",""vocabulary"":{""code"":""sshoc-keyword"",""scheme"":""https://vocabs.sshopencloud.eu/vocabularies/sshomp-keyword/"",""namespace"":""https://vocabs.sshopencloud.eu/vocabularies/sshomp-keyword/"",""label"":""Keywords from SSHOMP"",""closed"":false},""label"":""LexicalData"",""notation"":"""",""uri"":""https://vocabs.sshopencloud.eu/vocabularies/sshomp-keyword/lexicaldata"",""candidate"":false}},{""type"":{""code"":""terms-of-use"",""label"":""Terms Of Use"",""type"":""string"",""groupName"":""Access"",""hidden"":false,""ord"":3},""value"":""GNU LGPL 3.0""},{""type"":{""code"":""see-also"",""label"":""See also"",""type"":""url"",""groupName"":""Context"",""hidden"":false,""ord"":30},""value"":""http://hdl.handle.net/11321/529""}]",[],"[""http://hdl.handle.net/11321/529""]",lexical-resources%2Flexica%2Fnelexicon-lod.json,"[{""id"":77656,""persistentId"":""r0kaTD"",""category"":""tool-or-service"",""label"":""CLARIN-PL"",""description"":""It is a set of tools created by the Polish branch of Common the Language Resource and Technology Infrastructure (CLARIN) mainly for the analysis of Polish text. It has many Natural Language Processing (NLP) tools among which are verb annotations, named entity recognition, phrase parser, and spacial expression recognition. Some of the tools can be used for German and English."",""relation"":{""code"":""relates-to"",""label"":""Relates to"",""inverseOf"":""is-related-to""}}]",[],1,Administrator,Administrator,enabled,2021-05-28T15:28:06+0000,administrator,True,652.0,CLARIN Resource Families,https://github.com/clarin-eric/clarin-resource-families,https://github.com/clarin-eric/clarin-resource-families/blob/main/{source-item-id},,,,,,,,,,,,,,,,,,,,,
dataset/0ZU2O9,76371,dataset,Finnish-English parallel corpus fienWaC 1.0,0ZU2O9,2025-07-04T10:15:09+0000,approved,"This corpus contains texts crawled from top-level Finnish .fi domains.
The corpus is available for download from the CLARIN.SI repository.",[],"[{""type"":{""code"":""extent"",""label"":""Extent"",""type"":""string"",""groupName"":""Categorisation"",""hidden"":false,""ord"":26},""value"":""2.9 million tokens""},{""type"":{""code"":""keyword"",""label"":""Keyword"",""type"":""concept"",""groupName"":""Categorisation"",""hidden"":false,""ord"":18,""allowedVocabularies"":[{""code"":""sshoc-keyword"",""scheme"":""https://vocabs.sshopencloud.eu/vocabularies/sshomp-keyword/"",""namespace"":""https://vocabs.sshopencloud.eu/vocabularies/sshomp-keyword/"",""label"":""Keywords from SSHOMP"",""closed"":false}]},""concept"":{""code"":""tokenised"",""vocabulary"":{""code"":""sshoc-keyword"",""scheme"":""https://vocabs.sshopencloud.eu/vocabularies/sshomp-keyword/"",""namespace"":""https://vocabs.sshopencloud.eu/vocabularies/sshomp-keyword/"",""label"":""Keywords from SSHOMP"",""closed"":false},""label"":""tokenised"",""notation"":"""",""uri"":""https://vocabs.sshopencloud.eu/vocabularies/sshomp-keyword/tokenised"",""candidate"":false}},{""type"":{""code"":""keyword"",""label"":""Keyword"",""type"":""concept"",""groupName"":""Categorisation"",""hidden"":false,""ord"":18,""allowedVocabularies"":[{""code"":""sshoc-keyword"",""scheme"":""https://vocabs.sshopencloud.eu/vocabularies/sshomp-keyword/"",""namespace"":""https://vocabs.sshopencloud.eu/vocabularies/sshomp-keyword/"",""label"":""Keywords from SSHOMP"",""closed"":false}]},""concept"":{""code"":""Parallel+corpora"",""vocabulary"":{""code"":""sshoc-keyword"",""scheme"":""https://vocabs.sshopencloud.eu/vocabularies/sshomp-keyword/"",""namespace"":""https://vocabs.sshopencloud.eu/vocabularies/sshomp-keyword/"",""label"":""Keywords from SSHOMP"",""closed"":false},""label"":""Parallel corpora"",""notation"":"""",""uri"":""https://vocabs.sshopencloud.eu/vocabularies/sshomp-keyword/Parallel+corpora"",""candidate"":false}},{""type"":{""code"":""terms-of-use"",""label"":""Terms Of Use"",""type"":""string"",""groupName"":""Access"",""hidden"":false,""ord"":3},""value"":""CLARIN.SI User License for Internet Corpora""},{""type"":{""code"":""see-also"",""label"":""See also"",""type"":""url"",""groupName"":""Context"",""hidden"":false,""ord"":30},""value"":""http://hdl.handle.net/11356/1061""}]",[],"[""http://hdl.handle.net/11356/1061""]",corpora%2Fparallel-corpora%2Ffienwac.json,[],[],764,DACE Importer,DACE Importer,enabled,2022-07-26T14:42:54+0000,system-moderator,True,652.0,CLARIN Resource Families,https://github.com/clarin-eric/clarin-resource-families,https://github.com/clarin-eric/clarin-resource-families/blob/main/{source-item-id},,,,,,,,,,,,,,,,,,,,,
dataset/l9qra5,76109,dataset,Finnish Folk Poetry,l9qra5,2025-07-04T10:14:03+0000,approved,"This corpus contains poems from 1564 to 1939.
The corpus is available through the concordancer Korp.",[],"[{""type"":{""code"":""language"",""label"":""Language"",""type"":""concept"",""groupName"":""Categorisation"",""hidden"":false,""ord"":20,""allowedVocabularies"":[{""code"":""iso-639-3"",""scheme"":""https://vocabs.acdh.oeaw.ac.at/iso6393/Schema"",""namespace"":""https://vocabs.acdh.oeaw.ac.at/iso6393/"",""label"":""ISO 639-3 Language Codes"",""closed"":true}]},""concept"":{""code"":""fin"",""vocabulary"":{""code"":""iso-639-3"",""scheme"":""https://vocabs.acdh.oeaw.ac.at/iso6393/Schema"",""namespace"":""https://vocabs.acdh.oeaw.ac.at/iso6393/"",""label"":""ISO 639-3 Language Codes"",""closed"":true},""label"":""Finnish"",""notation"":"""",""uri"":""https://vocabs.acdh.oeaw.ac.at/iso6393/fin"",""candidate"":false}},{""type"":{""code"":""language"",""label"":""Language"",""type"":""concept"",""groupName"":""Categorisation"",""hidden"":false,""ord"":20,""allowedVocabularies"":[{""code"":""iso-639-3"",""scheme"":""https://vocabs.acdh.oeaw.ac.at/iso6393/Schema"",""namespace"":""https://vocabs.acdh.oeaw.ac.at/iso6393/"",""label"":""ISO 639-3 Language Codes"",""closed"":true}]},""concept"":{""code"":""krl"",""vocabulary"":{""code"":""iso-639-3"",""scheme"":""https://vocabs.acdh.oeaw.ac.at/iso6393/Schema"",""namespace"":""https://vocabs.acdh.oeaw.ac.at/iso6393/"",""label"":""ISO 639-3 Language Codes"",""closed"":true},""label"":""Karelian"",""notation"":"""",""uri"":""https://vocabs.acdh.oeaw.ac.at/iso6393/krl"",""candidate"":false}},{""type"":{""code"":""language"",""label"":""Language"",""type"":""concept"",""groupName"":""Categorisation"",""hidden"":false,""ord"":20,""allowedVocabularies"":[{""code"":""iso-639-3"",""scheme"":""https://vocabs.acdh.oeaw.ac.at/iso6393/Schema"",""namespace"":""https://vocabs.acdh.oeaw.ac.at/iso6393/"",""label"":""ISO 639-3 Language Codes"",""closed"":true}]},""concept"":{""code"":""lud"",""vocabulary"":{""code"":""iso-639-3"",""scheme"":""https://vocabs.acdh.oeaw.ac.at/iso6393/Schema"",""namespace"":""https://vocabs.acdh.oeaw.ac.at/iso6393/"",""label"":""ISO 639-3 Language Codes"",""closed"":true},""label"":""Ludian"",""notation"":"""",""uri"":""https://vocabs.acdh.oeaw.ac.at/iso6393/lud"",""candidate"":false}},{""type"":{""code"":""language"",""label"":""Language"",""type"":""concept"",""groupName"":""Categorisation"",""hidden"":false,""ord"":20,""allowedVocabularies"":[{""code"":""iso-639-3"",""scheme"":""https://vocabs.acdh.oeaw.ac.at/iso6393/Schema"",""namespace"":""https://vocabs.acdh.oeaw.ac.at/iso6393/"",""label"":""ISO 639-3 Language Codes"",""closed"":true}]},""concept"":{""code"":""lat"",""vocabulary"":{""code"":""iso-639-3"",""scheme"":""https://vocabs.acdh.oeaw.ac.at/iso6393/Schema"",""namespace"":""https://vocabs.acdh.oeaw.ac.at/iso6393/"",""label"":""ISO 639-3 Language Codes"",""closed"":true},""label"":""Latin"",""notation"":"""",""uri"":""https://vocabs.acdh.oeaw.ac.at/iso6393/lat"",""candidate"":false}},{""type"":{""code"":""language"",""label"":""Language"",""type"":""concept"",""groupName"":""Categorisation"",""hidden"":false,""ord"":20,""allowedVocabularies"":[{""code"":""iso-639-3"",""scheme"":""https://vocabs.acdh.oeaw.ac.at/iso6393/Schema"",""namespace"":""https://vocabs.acdh.oeaw.ac.at/iso6393/"",""label"":""ISO 639-3 Language Codes"",""closed"":true}]},""concept"":{""code"":""swe"",""vocabulary"":{""code"":""iso-639-3"",""scheme"":""https://vocabs.acdh.oeaw.ac.at/iso6393/Schema"",""namespace"":""https://vocabs.acdh.oeaw.ac.at/iso6393/"",""label"":""ISO 639-3 Language Codes"",""closed"":true},""label"":""Swedish"",""notation"":"""",""uri"":""https://vocabs.acdh.oeaw.ac.at/iso6393/swe"",""candidate"":false}},{""type"":{""code"":""language"",""label"":""Language"",""type"":""concept"",""groupName"":""Categorisation"",""hidden"":false,""ord"":20,""allowedVocabularies"":[{""code"":""iso-639-3"",""scheme"":""https://vocabs.acdh.oeaw.ac.at/iso6393/Schema"",""namespace"":""https://vocabs.acdh.oeaw.ac.at/iso6393/"",""label"":""ISO 639-3 Language Codes"",""closed"":true}]},""concept"":{""code"":""olo"",""vocabulary"":{""code"":""iso-639-3"",""scheme"":""https://vocabs.acdh.oeaw.ac.at/iso6393/Schema"",""namespace"":""https://vocabs.acdh.oeaw.ac.at/iso6393/"",""label"":""ISO 639-3 Language Codes"",""closed"":true},""label"":""Livvi"",""notation"":"""",""uri"":""https://vocabs.acdh.oeaw.ac.at/iso6393/olo"",""candidate"":false}},{""type"":{""code"":""language"",""label"":""Language"",""type"":""concept"",""groupName"":""Categorisation"",""hidden"":false,""ord"":20,""allowedVocabularies"":[{""code"":""iso-639-3"",""scheme"":""https://vocabs.acdh.oeaw.ac.at/iso6393/Schema"",""namespace"":""https://vocabs.acdh.oeaw.ac.at/iso6393/"",""label"":""ISO 639-3 Language Codes"",""closed"":true}]},""concept"":{""code"":""izh"",""vocabulary"":{""code"":""iso-639-3"",""scheme"":""https://vocabs.acdh.oeaw.ac.at/iso6393/Schema"",""namespace"":""https://vocabs.acdh.oeaw.ac.at/iso6393/"",""label"":""ISO 639-3 Language Codes"",""closed"":true},""label"":""Ingrian"",""notation"":"""",""uri"":""https://vocabs.acdh.oeaw.ac.at/iso6393/izh"",""candidate"":false}},{""type"":{""code"":""language"",""label"":""Language"",""type"":""concept"",""groupName"":""Categorisation"",""hidden"":false,""ord"":20,""allowedVocabularies"":[{""code"":""iso-639-3"",""scheme"":""https://vocabs.acdh.oeaw.ac.at/iso6393/Schema"",""namespace"":""https://vocabs.acdh.oeaw.ac.at/iso6393/"",""label"":""ISO 639-3 Language Codes"",""closed"":true}]},""concept"":{""code"":""vot"",""vocabulary"":{""code"":""iso-639-3"",""scheme"":""https://vocabs.acdh.oeaw.ac.at/iso6393/Schema"",""namespace"":""https://vocabs.acdh.oeaw.ac.at/iso6393/"",""label"":""ISO 639-3 Language Codes"",""closed"":true},""label"":""Votic"",""notation"":"""",""uri"":""https://vocabs.acdh.oeaw.ac.at/iso6393/vot"",""candidate"":false}},{""type"":{""code"":""extent"",""label"":""Extent"",""type"":""string"",""groupName"":""Categorisation"",""hidden"":false,""ord"":26},""value"":""7.1 million words""},{""type"":{""code"":""keyword"",""label"":""Keyword"",""type"":""concept"",""groupName"":""Categorisation"",""hidden"":false,""ord"":18,""allowedVocabularies"":[{""code"":""sshoc-keyword"",""scheme"":""https://vocabs.sshopencloud.eu/vocabularies/sshomp-keyword/"",""namespace"":""https://vocabs.sshopencloud.eu/vocabularies/sshomp-keyword/"",""label"":""Keywords from SSHOMP"",""closed"":false}]},""concept"":{""code"":""normalised+%28added+diacritics%29"",""vocabulary"":{""code"":""sshoc-keyword"",""scheme"":""https://vocabs.sshopencloud.eu/vocabularies/sshomp-keyword/"",""namespace"":""https://vocabs.sshopencloud.eu/vocabularies/sshomp-keyword/"",""label"":""Keywords from SSHOMP"",""closed"":false},""label"":""normalised (added diacritics)"",""notation"":"""",""uri"":""https://vocabs.sshopencloud.eu/vocabularies/sshomp-keyword/normalised+%28added+diacritics%29"",""candidate"":false}},{""type"":{""code"":""keyword"",""label"":""Keyword"",""type"":""concept"",""groupName"":""Categorisation"",""hidden"":false,""ord"":18,""allowedVocabularies"":[{""code"":""sshoc-keyword"",""scheme"":""https://vocabs.sshopencloud.eu/vocabularies/sshomp-keyword/"",""namespace"":""https://vocabs.sshopencloud.eu/vocabularies/sshomp-keyword/"",""label"":""Keywords from SSHOMP"",""closed"":false}]},""concept"":{""code"":""historical_corpora"",""vocabulary"":{""code"":""sshoc-keyword"",""scheme"":""https://vocabs.sshopencloud.eu/vocabularies/sshomp-keyword/"",""namespace"":""https://vocabs.sshopencloud.eu/vocabularies/sshomp-keyword/"",""label"":""Keywords from SSHOMP"",""closed"":false},""label"":""Historical Corpora"",""notation"":"""",""uri"":""https://vocabs.sshopencloud.eu/vocabularies/sshomp-keyword/historical_corpora"",""candidate"":false}},{""type"":{""code"":""terms-of-use"",""label"":""Terms Of Use"",""type"":""string"",""groupName"":""Access"",""hidden"":false,""ord"":3},""value"":""CC-BY-NC""}]",[],"[""http://urn.fi/urn:nbn:fi:lb-2014052712""]",corpora%2Fhistorical-corpora%2Ffin-folk.json,[],[],764,DACE Importer,DACE Importer,enabled,2022-07-26T14:42:54+0000,system-moderator,True,652.0,CLARIN Resource Families,https://github.com/clarin-eric/clarin-resource-families,https://github.com/clarin-eric/clarin-resource-families/blob/main/{source-item-id},,,,,,,,,,,,,,,,,,,,,
dataset/MwAzZ7,76878,dataset,Finnish Folk Poetry,MwAzZ7,2025-07-04T10:17:17+0000,approved,"This corpus contains poems from 1564 to 1939.
The corpus is available for online browsing through Korp.",[],"[{""type"":{""code"":""language"",""label"":""Language"",""type"":""concept"",""groupName"":""Categorisation"",""hidden"":false,""ord"":20,""allowedVocabularies"":[{""code"":""iso-639-3"",""scheme"":""https://vocabs.acdh.oeaw.ac.at/iso6393/Schema"",""namespace"":""https://vocabs.acdh.oeaw.ac.at/iso6393/"",""label"":""ISO 639-3 Language Codes"",""closed"":true}]},""concept"":{""code"":""fin"",""vocabulary"":{""code"":""iso-639-3"",""scheme"":""https://vocabs.acdh.oeaw.ac.at/iso6393/Schema"",""namespace"":""https://vocabs.acdh.oeaw.ac.at/iso6393/"",""label"":""ISO 639-3 Language Codes"",""closed"":true},""label"":""Finnish"",""notation"":"""",""uri"":""https://vocabs.acdh.oeaw.ac.at/iso6393/fin"",""candidate"":false}},{""type"":{""code"":""language"",""label"":""Language"",""type"":""concept"",""groupName"":""Categorisation"",""hidden"":false,""ord"":20,""allowedVocabularies"":[{""code"":""iso-639-3"",""scheme"":""https://vocabs.acdh.oeaw.ac.at/iso6393/Schema"",""namespace"":""https://vocabs.acdh.oeaw.ac.at/iso6393/"",""label"":""ISO 639-3 Language Codes"",""closed"":true}]},""concept"":{""code"":""krl"",""vocabulary"":{""code"":""iso-639-3"",""scheme"":""https://vocabs.acdh.oeaw.ac.at/iso6393/Schema"",""namespace"":""https://vocabs.acdh.oeaw.ac.at/iso6393/"",""label"":""ISO 639-3 Language Codes"",""closed"":true},""label"":""Karelian"",""notation"":"""",""uri"":""https://vocabs.acdh.oeaw.ac.at/iso6393/krl"",""candidate"":false}},{""type"":{""code"":""language"",""label"":""Language"",""type"":""concept"",""groupName"":""Categorisation"",""hidden"":false,""ord"":20,""allowedVocabularies"":[{""code"":""iso-639-3"",""scheme"":""https://vocabs.acdh.oeaw.ac.at/iso6393/Schema"",""namespace"":""https://vocabs.acdh.oeaw.ac.at/iso6393/"",""label"":""ISO 639-3 Language Codes"",""closed"":true}]},""concept"":{""code"":""lud"",""vocabulary"":{""code"":""iso-639-3"",""scheme"":""https://vocabs.acdh.oeaw.ac.at/iso6393/Schema"",""namespace"":""https://vocabs.acdh.oeaw.ac.at/iso6393/"",""label"":""ISO 639-3 Language Codes"",""closed"":true},""label"":""Ludian"",""notation"":"""",""uri"":""https://vocabs.acdh.oeaw.ac.at/iso6393/lud"",""candidate"":false}},{""type"":{""code"":""language"",""label"":""Language"",""type"":""concept"",""groupName"":""Categorisation"",""hidden"":false,""ord"":20,""allowedVocabularies"":[{""code"":""iso-639-3"",""scheme"":""https://vocabs.acdh.oeaw.ac.at/iso6393/Schema"",""namespace"":""https://vocabs.acdh.oeaw.ac.at/iso6393/"",""label"":""ISO 639-3 Language Codes"",""closed"":true}]},""concept"":{""code"":""lat"",""vocabulary"":{""code"":""iso-639-3"",""scheme"":""https://vocabs.acdh.oeaw.ac.at/iso6393/Schema"",""namespace"":""https://vocabs.acdh.oeaw.ac.at/iso6393/"",""label"":""ISO 639-3 Language Codes"",""closed"":true},""label"":""Latin"",""notation"":"""",""uri"":""https://vocabs.acdh.oeaw.ac.at/iso6393/lat"",""candidate"":false}},{""type"":{""code"":""language"",""label"":""Language"",""type"":""concept"",""groupName"":""Categorisation"",""hidden"":false,""ord"":20,""allowedVocabularies"":[{""code"":""iso-639-3"",""scheme"":""https://vocabs.acdh.oeaw.ac.at/iso6393/Schema"",""namespace"":""https://vocabs.acdh.oeaw.ac.at/iso6393/"",""label"":""ISO 639-3 Language Codes"",""closed"":true}]},""concept"":{""code"":""swe"",""vocabulary"":{""code"":""iso-639-3"",""scheme"":""https://vocabs.acdh.oeaw.ac.at/iso6393/Schema"",""namespace"":""https://vocabs.acdh.oeaw.ac.at/iso6393/"",""label"":""ISO 639-3 Language Codes"",""closed"":true},""label"":""Swedish"",""notation"":"""",""uri"":""https://vocabs.acdh.oeaw.ac.at/iso6393/swe"",""candidate"":false}},{""type"":{""code"":""language"",""label"":""Language"",""type"":""concept"",""groupName"":""Categorisation"",""hidden"":false,""ord"":20,""allowedVocabularies"":[{""code"":""iso-639-3"",""scheme"":""https://vocabs.acdh.oeaw.ac.at/iso6393/Schema"",""namespace"":""https://vocabs.acdh.oeaw.ac.at/iso6393/"",""label"":""ISO 639-3 Language Codes"",""closed"":true}]},""concept"":{""code"":""olo"",""vocabulary"":{""code"":""iso-639-3"",""scheme"":""https://vocabs.acdh.oeaw.ac.at/iso6393/Schema"",""namespace"":""https://vocabs.acdh.oeaw.ac.at/iso6393/"",""label"":""ISO 639-3 Language Codes"",""closed"":true},""label"":""Livvi"",""notation"":"""",""uri"":""https://vocabs.acdh.oeaw.ac.at/iso6393/olo"",""candidate"":false}},{""type"":{""code"":""language"",""label"":""Language"",""type"":""concept"",""groupName"":""Categorisation"",""hidden"":false,""ord"":20,""allowedVocabularies"":[{""code"":""iso-639-3"",""scheme"":""https://vocabs.acdh.oeaw.ac.at/iso6393/Schema"",""namespace"":""https://vocabs.acdh.oeaw.ac.at/iso6393/"",""label"":""ISO 639-3 Language Codes"",""closed"":true}]},""concept"":{""code"":""izh"",""vocabulary"":{""code"":""iso-639-3"",""scheme"":""https://vocabs.acdh.oeaw.ac.at/iso6393/Schema"",""namespace"":""https://vocabs.acdh.oeaw.ac.at/iso6393/"",""label"":""ISO 639-3 Language Codes"",""closed"":true},""label"":""Ingrian"",""notation"":"""",""uri"":""https://vocabs.acdh.oeaw.ac.at/iso6393/izh"",""candidate"":false}},{""type"":{""code"":""language"",""label"":""Language"",""type"":""concept"",""groupName"":""Categorisation"",""hidden"":false,""ord"":20,""allowedVocabularies"":[{""code"":""iso-639-3"",""scheme"":""https://vocabs.acdh.oeaw.ac.at/iso6393/Schema"",""namespace"":""https://vocabs.acdh.oeaw.ac.at/iso6393/"",""label"":""ISO 639-3 Language Codes"",""closed"":true}]},""concept"":{""code"":""vot"",""vocabulary"":{""code"":""iso-639-3"",""scheme"":""https://vocabs.acdh.oeaw.ac.at/iso6393/Schema"",""namespace"":""https://vocabs.acdh.oeaw.ac.at/iso6393/"",""label"":""ISO 639-3 Language Codes"",""closed"":true},""label"":""Votic"",""notation"":"""",""uri"":""https://vocabs.acdh.oeaw.ac.at/iso6393/vot"",""candidate"":false}},{""type"":{""code"":""extent"",""label"":""Extent"",""type"":""string"",""groupName"":""Categorisation"",""hidden"":false,""ord"":26},""value"":""7.1 million words""},{""type"":{""code"":""keyword"",""label"":""Keyword"",""type"":""concept"",""groupName"":""Categorisation"",""hidden"":false,""ord"":18,""allowedVocabularies"":[{""code"":""sshoc-keyword"",""scheme"":""https://vocabs.sshopencloud.eu/vocabularies/sshomp-keyword/"",""namespace"":""https://vocabs.sshopencloud.eu/vocabularies/sshomp-keyword/"",""label"":""Keywords from SSHOMP"",""closed"":false}]},""concept"":{""code"":""unannotated"",""vocabulary"":{""code"":""sshoc-keyword"",""scheme"":""https://vocabs.sshopencloud.eu/vocabularies/sshomp-keyword/"",""namespace"":""https://vocabs.sshopencloud.eu/vocabularies/sshomp-keyword/"",""label"":""Keywords from SSHOMP"",""closed"":false},""label"":""unannotated"",""notation"":"""",""uri"":""https://vocabs.sshopencloud.eu/vocabularies/sshomp-keyword/unannotated"",""candidate"":false}},{""type"":{""code"":""keyword"",""label"":""Keyword"",""type"":""concept"",""groupName"":""Categorisation"",""hidden"":false,""ord"":18,""allowedVocabularies"":[{""code"":""sshoc-keyword"",""scheme"":""https://vocabs.sshopencloud.eu/vocabularies/sshomp-keyword/"",""namespace"":""https://vocabs.sshopencloud.eu/vocabularies/sshomp-keyword/"",""label"":""Keywords from SSHOMP"",""closed"":false}]},""concept"":{""code"":""Literary+corpora"",""vocabulary"":{""code"":""sshoc-keyword"",""scheme"":""https://vocabs.sshopencloud.eu/vocabularies/sshomp-keyword/"",""namespace"":""https://vocabs.sshopencloud.eu/vocabularies/sshomp-keyword/"",""label"":""Keywords from SSHOMP"",""closed"":false},""label"":""Literary corpora"",""notation"":"""",""uri"":""https://vocabs.sshopencloud.eu/vocabularies/sshomp-keyword/Literary+corpora"",""candidate"":false}},{""type"":{""code"":""terms-of-use"",""label"":""Terms Of Use"",""type"":""string"",""groupName"":""Access"",""hidden"":false,""ord"":3},""value"":""CC-BY-NC""},{""type"":{""code"":""see-also"",""label"":""See also"",""type"":""url"",""groupName"":""Context"",""hidden"":false,""ord"":30},""value"":""http://urn.fi/urn:nbn:fi:lb-2014052711""}]",[],"[""http://urn.fi/urn:nbn:fi:lb-2014052712""]",corpora%2Fliterary-corpora%2Ffin-folk.json,[],[],764,DACE Importer,DACE Importer,enabled,2022-07-26T14:42:54+0000,system-moderator,True,652.0,CLARIN Resource Families,https://github.com/clarin-eric/clarin-resource-families,https://github.com/clarin-eric/clarin-resource-families/blob/main/{source-item-id},,,,,,,,,,,,,,,,,,,,,
dataset/o39wU1,77313,dataset,GP 1994 and 2001-2011,o39wU1,2025-07-04T12:01:56+0000,approved,"This group of corpora contain articles from the Swedish newspaper [Göteborgsposten from 1994 and](http://www.gp.se/) from 2001 to  2011.
The corpora are available for download from Språkbanken and can be accessed through the concordancer Korp.",[],"[{""type"":{""code"":""language"",""label"":""Language"",""type"":""concept"",""groupName"":""Categorisation"",""hidden"":false,""ord"":20,""allowedVocabularies"":[{""code"":""iso-639-3"",""scheme"":""https://vocabs.acdh.oeaw.ac.at/iso6393/Schema"",""namespace"":""https://vocabs.acdh.oeaw.ac.at/iso6393/"",""label"":""ISO 639-3 Language Codes"",""closed"":true}]},""concept"":{""code"":""swe"",""vocabulary"":{""code"":""iso-639-3"",""scheme"":""https://vocabs.acdh.oeaw.ac.at/iso6393/Schema"",""namespace"":""https://vocabs.acdh.oeaw.ac.at/iso6393/"",""label"":""ISO 639-3 Language Codes"",""closed"":true},""label"":""Swedish"",""notation"":"""",""uri"":""https://vocabs.acdh.oeaw.ac.at/iso6393/swe"",""candidate"":false}},{""type"":{""code"":""extent"",""label"":""Extent"",""type"":""string"",""groupName"":""Categorisation"",""hidden"":false,""ord"":26},""value"":""271 million tokens""},{""type"":{""code"":""keyword"",""label"":""Keyword"",""type"":""concept"",""groupName"":""Categorisation"",""hidden"":false,""ord"":18,""allowedVocabularies"":[{""code"":""sshoc-keyword"",""scheme"":""https://vocabs.sshopencloud.eu/vocabularies/sshomp-keyword/"",""namespace"":""https://vocabs.sshopencloud.eu/vocabularies/sshomp-keyword/"",""label"":""Keywords from SSHOMP"",""closed"":false}]},""concept"":{""code"":""tokenised"",""vocabulary"":{""code"":""sshoc-keyword"",""scheme"":""https://vocabs.sshopencloud.eu/vocabularies/sshomp-keyword/"",""namespace"":""https://vocabs.sshopencloud.eu/vocabularies/sshomp-keyword/"",""label"":""Keywords from SSHOMP"",""closed"":false},""label"":""tokenised"",""notation"":"""",""uri"":""https://vocabs.sshopencloud.eu/vocabularies/sshomp-keyword/tokenised"",""candidate"":false}},{""type"":{""code"":""keyword"",""label"":""Keyword"",""type"":""concept"",""groupName"":""Categorisation"",""hidden"":false,""ord"":18,""allowedVocabularies"":[{""code"":""sshoc-keyword"",""scheme"":""https://vocabs.sshopencloud.eu/vocabularies/sshomp-keyword/"",""namespace"":""https://vocabs.sshopencloud.eu/vocabularies/sshomp-keyword/"",""label"":""Keywords from SSHOMP"",""closed"":false}]},""concept"":{""code"":""Newspaper+corpora"",""vocabulary"":{""code"":""sshoc-keyword"",""scheme"":""https://vocabs.sshopencloud.eu/vocabularies/sshomp-keyword/"",""namespace"":""https://vocabs.sshopencloud.eu/vocabularies/sshomp-keyword/"",""label"":""Keywords from SSHOMP"",""closed"":false},""label"":""Newspaper corpora"",""notation"":"""",""uri"":""https://vocabs.sshopencloud.eu/vocabularies/sshomp-keyword/Newspaper+corpora"",""candidate"":false}},{""type"":{""code"":""terms-of-use"",""label"":""Terms Of Use"",""type"":""string"",""groupName"":""Access"",""hidden"":false,""ord"":3},""value"":""CC-BY""},{""type"":{""code"":""see-also"",""label"":""See also"",""type"":""url"",""groupName"":""Context"",""hidden"":false,""ord"":30},""value"":""http://spraakbanken.gu.se/eng/resources""}]",[],"[""https://spraakbanken.gu.se/eng/resources""]",corpora%2Fnewspaper-corpora%2Fgp-1994-2001-2011.json,"[{""id"":77590,""persistentId"":""zvKtn3"",""category"":""tool-or-service"",""label"":""Spr\u00e5kbanken"",""description"":""A free cloud service for OCR The project En fri molntj\u00e4nst f\u00f6r OCR \\`A free cloud service for OCR', funded by the National Library of Sweden (51-KB709-2012), ran from 1st September, 2013 until 31st August, 2014. The project was a collaboration between the University Library of University of Gothenburg and Spr\u00e5kbanken 'the Swedish Language Bank' at the Department of Swedish of University of Gothenburg, its aim to create a prototype Optical Character Recognition (OCR) web service for processing old Swedish texts that are printed in a blackletter (fraktur) or roman typeface, using one of two open source OCR engines. Our ultimate goal is to provide a service for libraries, museums and archives to upload any digitized document and retrieve an OCRed text with high quality, independent on the quality of the print. In the project, we have evaluated two open source OCR engines: OCRopus and Tesseract and further developed one of them, namely OCRopus. Using OCRopus we have set up a open webservice for OCR that can handle Swedish Blackletter print as well as Roman type print. The pilot cloud service and web API can be found here. The material and tools developed in the project are freely available for download from this site under the license CC-BY."",""relation"":{""code"":""relates-to"",""label"":""Relates to"",""inverseOf"":""is-related-to""}}]",[],1,Administrator,Administrator,enabled,2021-05-28T15:28:06+0000,administrator,True,652.0,CLARIN Resource Families,https://github.com/clarin-eric/clarin-resource-families,https://github.com/clarin-eric/clarin-resource-families/blob/main/{source-item-id},,,,,,,,,,,,,,,,,,,,,
dataset/aqgxhd,76110,dataset,Greek Medieval Texts,aqgxhd,2025-07-04T10:14:03+0000,approved,"This corpus contains texts from the 4th to the 16th century.
The texts belong to the following categories: religious, poetical-literary, political, and historical texts, as well as hymns and epigrams.
The corpus is available for download from the clarin:el repository.  ",[],"[{""type"":{""code"":""language"",""label"":""Language"",""type"":""concept"",""groupName"":""Categorisation"",""hidden"":false,""ord"":20,""allowedVocabularies"":[{""code"":""iso-639-3"",""scheme"":""https://vocabs.acdh.oeaw.ac.at/iso6393/Schema"",""namespace"":""https://vocabs.acdh.oeaw.ac.at/iso6393/"",""label"":""ISO 639-3 Language Codes"",""closed"":true}]},""concept"":{""code"":""grc"",""vocabulary"":{""code"":""iso-639-3"",""scheme"":""https://vocabs.acdh.oeaw.ac.at/iso6393/Schema"",""namespace"":""https://vocabs.acdh.oeaw.ac.at/iso6393/"",""label"":""ISO 639-3 Language Codes"",""closed"":true},""label"":""Ancient Greek (to 1453)"",""notation"":"""",""uri"":""https://vocabs.acdh.oeaw.ac.at/iso6393/grc"",""candidate"":false}},{""type"":{""code"":""extent"",""label"":""Extent"",""type"":""string"",""groupName"":""Categorisation"",""hidden"":false,""ord"":26},""value"":""3.4 million words""},{""type"":{""code"":""keyword"",""label"":""Keyword"",""type"":""concept"",""groupName"":""Categorisation"",""hidden"":false,""ord"":18,""allowedVocabularies"":[{""code"":""sshoc-keyword"",""scheme"":""https://vocabs.sshopencloud.eu/vocabularies/sshomp-keyword/"",""namespace"":""https://vocabs.sshopencloud.eu/vocabularies/sshomp-keyword/"",""label"":""Keywords from SSHOMP"",""closed"":false}]},""concept"":{""code"":""historical_corpora"",""vocabulary"":{""code"":""sshoc-keyword"",""scheme"":""https://vocabs.sshopencloud.eu/vocabularies/sshomp-keyword/"",""namespace"":""https://vocabs.sshopencloud.eu/vocabularies/sshomp-keyword/"",""label"":""Keywords from SSHOMP"",""closed"":false},""label"":""Historical Corpora"",""notation"":"""",""uri"":""https://vocabs.sshopencloud.eu/vocabularies/sshomp-keyword/historical_corpora"",""candidate"":false}},{""type"":{""code"":""terms-of-use"",""label"":""Terms Of Use"",""type"":""string"",""groupName"":""Access"",""hidden"":false,""ord"":3},""value"":""CC-BY""},{""type"":{""code"":""see-also"",""label"":""See also"",""type"":""url"",""groupName"":""Context"",""hidden"":false,""ord"":30},""value"":""http://hdl.grnet.gr/11500/AEGEAN-0000-0000-251D-7""}]",[],"[""http://hdl.grnet.gr/11500/AEGEAN-0000-0000-251D-7""]",corpora%2Fhistorical-corpora%2Fgrek-medieval.json,[],[],764,DACE Importer,DACE Importer,enabled,2022-07-26T14:42:54+0000,system-moderator,True,652.0,CLARIN Resource Families,https://github.com/clarin-eric/clarin-resource-families,https://github.com/clarin-eric/clarin-resource-families/blob/main/{source-item-id},,,,,,,,,,,,,,,,,,,,,
dataset/N2evTN,76676,dataset,Greek Medieval Texts,N2evTN,2025-07-04T10:16:30+0000,approved,"This corpus contains medieval texts contains written material covering the period from the 4th till the 16th century A.D. The texts can be classified into the following categories: religious, poetical-literary, political-historical, hymns, epigrams.
The corpus is available for download from clarin:el.",[],"[{""type"":{""code"":""language"",""label"":""Language"",""type"":""concept"",""groupName"":""Categorisation"",""hidden"":false,""ord"":20,""allowedVocabularies"":[{""code"":""iso-639-3"",""scheme"":""https://vocabs.acdh.oeaw.ac.at/iso6393/Schema"",""namespace"":""https://vocabs.acdh.oeaw.ac.at/iso6393/"",""label"":""ISO 639-3 Language Codes"",""closed"":true}]},""concept"":{""code"":""ell"",""vocabulary"":{""code"":""iso-639-3"",""scheme"":""https://vocabs.acdh.oeaw.ac.at/iso6393/Schema"",""namespace"":""https://vocabs.acdh.oeaw.ac.at/iso6393/"",""label"":""ISO 639-3 Language Codes"",""closed"":true},""label"":""Modern Greek (1453-)"",""notation"":"""",""uri"":""https://vocabs.acdh.oeaw.ac.at/iso6393/ell"",""candidate"":false}},{""type"":{""code"":""language"",""label"":""Language"",""type"":""concept"",""groupName"":""Categorisation"",""hidden"":false,""ord"":20,""allowedVocabularies"":[{""code"":""iso-639-3"",""scheme"":""https://vocabs.acdh.oeaw.ac.at/iso6393/Schema"",""namespace"":""https://vocabs.acdh.oeaw.ac.at/iso6393/"",""label"":""ISO 639-3 Language Codes"",""closed"":true}]},""concept"":{""code"":""grc"",""vocabulary"":{""code"":""iso-639-3"",""scheme"":""https://vocabs.acdh.oeaw.ac.at/iso6393/Schema"",""namespace"":""https://vocabs.acdh.oeaw.ac.at/iso6393/"",""label"":""ISO 639-3 Language Codes"",""closed"":true},""label"":""Ancient Greek (to 1453)"",""notation"":"""",""uri"":""https://vocabs.acdh.oeaw.ac.at/iso6393/grc"",""candidate"":false}},{""type"":{""code"":""extent"",""label"":""Extent"",""type"":""string"",""groupName"":""Categorisation"",""hidden"":false,""ord"":26},""value"":""3,419,553 words""},{""type"":{""code"":""keyword"",""label"":""Keyword"",""type"":""concept"",""groupName"":""Categorisation"",""hidden"":false,""ord"":18,""allowedVocabularies"":[{""code"":""sshoc-keyword"",""scheme"":""https://vocabs.sshopencloud.eu/vocabularies/sshomp-keyword/"",""namespace"":""https://vocabs.sshopencloud.eu/vocabularies/sshomp-keyword/"",""label"":""Keywords from SSHOMP"",""closed"":false}]},""concept"":{""code"":""Literary+corpora"",""vocabulary"":{""code"":""sshoc-keyword"",""scheme"":""https://vocabs.sshopencloud.eu/vocabularies/sshomp-keyword/"",""namespace"":""https://vocabs.sshopencloud.eu/vocabularies/sshomp-keyword/"",""label"":""Keywords from SSHOMP"",""closed"":false},""label"":""Literary corpora"",""notation"":"""",""uri"":""https://vocabs.sshopencloud.eu/vocabularies/sshomp-keyword/Literary+corpora"",""candidate"":false}},{""type"":{""code"":""terms-of-use"",""label"":""Terms Of Use"",""type"":""string"",""groupName"":""Access"",""hidden"":false,""ord"":3},""value"":""CC-BY-NC""},{""type"":{""code"":""see-also"",""label"":""See also"",""type"":""url"",""groupName"":""Context"",""hidden"":false,""ord"":30},""value"":""http://hdl.grnet.gr/11500/AEGEAN-0000-0000-251D-7""}]",[],"[""http://hdl.grnet.gr/11500/AEGEAN-0000-0000-251D-7""]",corpora%2Fliterary-corpora%2Fgreek-medieval.json,[],[],764,DACE Importer,DACE Importer,enabled,2022-07-26T14:42:54+0000,system-moderator,True,652.0,CLARIN Resource Families,https://github.com/clarin-eric/clarin-resource-families,https://github.com/clarin-eric/clarin-resource-families/blob/main/{source-item-id},,,,,,,,,,,,,,,,,,,,,
dataset/NT4Ds3,76419,dataset,Hamburg Modern Times Corpus,NT4Ds3,2025-07-04T10:15:21+0000,approved,"This corpus contains task-oriented communcation (e.g., a film retelling) in the context of studying adult L2 acquisition.",[],"[{""type"":{""code"":""language"",""label"":""Language"",""type"":""concept"",""groupName"":""Categorisation"",""hidden"":false,""ord"":20,""allowedVocabularies"":[{""code"":""iso-639-3"",""scheme"":""https://vocabs.acdh.oeaw.ac.at/iso6393/Schema"",""namespace"":""https://vocabs.acdh.oeaw.ac.at/iso6393/"",""label"":""ISO 639-3 Language Codes"",""closed"":true}]},""concept"":{""code"":""deu"",""vocabulary"":{""code"":""iso-639-3"",""scheme"":""https://vocabs.acdh.oeaw.ac.at/iso6393/Schema"",""namespace"":""https://vocabs.acdh.oeaw.ac.at/iso6393/"",""label"":""ISO 639-3 Language Codes"",""closed"":true},""label"":""German"",""notation"":"""",""uri"":""https://vocabs.acdh.oeaw.ac.at/iso6393/deu"",""candidate"":false}},{""type"":{""code"":""extent"",""label"":""Extent"",""type"":""string"",""groupName"":""Categorisation"",""hidden"":false,""ord"":26},""value"":""3 hours""},{""type"":{""code"":""keyword"",""label"":""Keyword"",""type"":""concept"",""groupName"":""Categorisation"",""hidden"":false,""ord"":18,""allowedVocabularies"":[{""code"":""sshoc-keyword"",""scheme"":""https://vocabs.sshopencloud.eu/vocabularies/sshomp-keyword/"",""namespace"":""https://vocabs.sshopencloud.eu/vocabularies/sshomp-keyword/"",""label"":""Keywords from SSHOMP"",""closed"":false}]},""concept"":{""code"":""manual+annotation+of+phonetic+phenomena"",""vocabulary"":{""code"":""sshoc-keyword"",""scheme"":""https://vocabs.sshopencloud.eu/vocabularies/sshomp-keyword/"",""namespace"":""https://vocabs.sshopencloud.eu/vocabularies/sshomp-keyword/"",""label"":""Keywords from SSHOMP"",""closed"":false},""label"":""manual annotation of phonetic phenomena"",""notation"":"""",""uri"":""https://vocabs.sshopencloud.eu/vocabularies/sshomp-keyword/manual+annotation+of+phonetic+phenomena"",""candidate"":false}},{""type"":{""code"":""keyword"",""label"":""Keyword"",""type"":""concept"",""groupName"":""Categorisation"",""hidden"":false,""ord"":18,""allowedVocabularies"":[{""code"":""sshoc-keyword"",""scheme"":""https://vocabs.sshopencloud.eu/vocabularies/sshomp-keyword/"",""namespace"":""https://vocabs.sshopencloud.eu/vocabularies/sshomp-keyword/"",""label"":""Keywords from SSHOMP"",""closed"":false}]},""concept"":{""code"":""accent%2Fstress+marking"",""vocabulary"":{""code"":""sshoc-keyword"",""scheme"":""https://vocabs.sshopencloud.eu/vocabularies/sshomp-keyword/"",""namespace"":""https://vocabs.sshopencloud.eu/vocabularies/sshomp-keyword/"",""label"":""Keywords from SSHOMP"",""closed"":false},""label"":""accent/stress marking"",""notation"":"""",""uri"":""https://vocabs.sshopencloud.eu/vocabularies/sshomp-keyword/accent%2Fstress+marking"",""candidate"":false}},{""type"":{""code"":""keyword"",""label"":""Keyword"",""type"":""concept"",""groupName"":""Categorisation"",""hidden"":false,""ord"":18,""allowedVocabularies"":[{""code"":""sshoc-keyword"",""scheme"":""https://vocabs.sshopencloud.eu/vocabularies/sshomp-keyword/"",""namespace"":""https://vocabs.sshopencloud.eu/vocabularies/sshomp-keyword/"",""label"":""Keywords from SSHOMP"",""closed"":false}]},""concept"":{""code"":""Spoken+corpora"",""vocabulary"":{""code"":""sshoc-keyword"",""scheme"":""https://vocabs.sshopencloud.eu/vocabularies/sshomp-keyword/"",""namespace"":""https://vocabs.sshopencloud.eu/vocabularies/sshomp-keyword/"",""label"":""Keywords from SSHOMP"",""closed"":false},""label"":""Spoken corpora"",""notation"":"""",""uri"":""https://vocabs.sshopencloud.eu/vocabularies/sshomp-keyword/Spoken+corpora"",""candidate"":false}},{""type"":{""code"":""terms-of-use"",""label"":""Terms Of Use"",""type"":""string"",""groupName"":""Access"",""hidden"":false,""ord"":3},""value"":""HZSK-ACA (academic, non-commercial only)""},{""type"":{""code"":""see-also"",""label"":""See also"",""type"":""url"",""groupName"":""Context"",""hidden"":false,""ord"":30},""value"":""https://hdl.handle.net/11022/0000-0000-6973-9""}]",[],"[""http://hdl.handle.net/11022/0000-0000-6973-9""]",corpora%2Fspoken-corpora%2Fhamburg-modern.json,[],[],764,DACE Importer,DACE Importer,enabled,2022-07-26T14:42:54+0000,system-moderator,True,652.0,CLARIN Resource Families,https://github.com/clarin-eric/clarin-resource-families,https://github.com/clarin-eric/clarin-resource-families/blob/main/{source-item-id},,,,,,,,,,,,,,,,,,,,,
dataset/Xr8VUf,76852,dataset,Hamburg Modern Times Corpus,Xr8VUf,2025-07-04T10:17:11+0000,approved,"This corpus contains film retellings and the accompanying transcriptions.
The corpus is available for download from the HZSK CLARIN-D repository.",[],"[{""type"":{""code"":""language"",""label"":""Language"",""type"":""concept"",""groupName"":""Categorisation"",""hidden"":false,""ord"":20,""allowedVocabularies"":[{""code"":""iso-639-3"",""scheme"":""https://vocabs.acdh.oeaw.ac.at/iso6393/Schema"",""namespace"":""https://vocabs.acdh.oeaw.ac.at/iso6393/"",""label"":""ISO 639-3 Language Codes"",""closed"":true}]},""concept"":{""code"":""deu"",""vocabulary"":{""code"":""iso-639-3"",""scheme"":""https://vocabs.acdh.oeaw.ac.at/iso6393/Schema"",""namespace"":""https://vocabs.acdh.oeaw.ac.at/iso6393/"",""label"":""ISO 639-3 Language Codes"",""closed"":true},""label"":""German"",""notation"":"""",""uri"":""https://vocabs.acdh.oeaw.ac.at/iso6393/deu"",""candidate"":false}},{""type"":{""code"":""extent"",""label"":""Extent"",""type"":""string"",""groupName"":""Categorisation"",""hidden"":false,""ord"":26},""value"":""24,000 words""},{""type"":{""code"":""keyword"",""label"":""Keyword"",""type"":""concept"",""groupName"":""Categorisation"",""hidden"":false,""ord"":18,""allowedVocabularies"":[{""code"":""sshoc-keyword"",""scheme"":""https://vocabs.sshopencloud.eu/vocabularies/sshomp-keyword/"",""namespace"":""https://vocabs.sshopencloud.eu/vocabularies/sshomp-keyword/"",""label"":""Keywords from SSHOMP"",""closed"":false}]},""concept"":{""code"":""prosody"",""vocabulary"":{""code"":""sshoc-keyword"",""scheme"":""https://vocabs.sshopencloud.eu/vocabularies/sshomp-keyword/"",""namespace"":""https://vocabs.sshopencloud.eu/vocabularies/sshomp-keyword/"",""label"":""Keywords from SSHOMP"",""closed"":false},""label"":""prosody"",""notation"":"""",""uri"":""https://vocabs.sshopencloud.eu/vocabularies/sshomp-keyword/prosody"",""candidate"":false}},{""type"":{""code"":""keyword"",""label"":""Keyword"",""type"":""concept"",""groupName"":""Categorisation"",""hidden"":false,""ord"":18,""allowedVocabularies"":[{""code"":""sshoc-keyword"",""scheme"":""https://vocabs.sshopencloud.eu/vocabularies/sshomp-keyword/"",""namespace"":""https://vocabs.sshopencloud.eu/vocabularies/sshomp-keyword/"",""label"":""Keywords from SSHOMP"",""closed"":false}]},""concept"":{""code"":""L2+learner+corpora"",""vocabulary"":{""code"":""sshoc-keyword"",""scheme"":""https://vocabs.sshopencloud.eu/vocabularies/sshomp-keyword/"",""namespace"":""https://vocabs.sshopencloud.eu/vocabularies/sshomp-keyword/"",""label"":""Keywords from SSHOMP"",""closed"":false},""label"":""L2 learner corpora"",""notation"":"""",""uri"":""https://vocabs.sshopencloud.eu/vocabularies/sshomp-keyword/L2+learner+corpora"",""candidate"":false}},{""type"":{""code"":""terms-of-use"",""label"":""Terms Of Use"",""type"":""string"",""groupName"":""Access"",""hidden"":false,""ord"":3},""value"":""CLARIN RES""},{""type"":{""code"":""see-also"",""label"":""See also"",""type"":""url"",""groupName"":""Context"",""hidden"":false,""ord"":30},""value"":""http://hdl.handle.net/11022/0000-0000-6973-9""}]",[],"[""http://hdl.handle.net/11022/0000-0000-6973-9""]",corpora%2Fl2-learner-corpora%2Fhamburg-modern-times.json,[],[],764,DACE Importer,DACE Importer,enabled,2022-07-26T14:42:54+0000,system-moderator,True,652.0,CLARIN Resource Families,https://github.com/clarin-eric/clarin-resource-families,https://github.com/clarin-eric/clarin-resource-families/blob/main/{source-item-id},,,,,,,,,,,,,,,,,,,,,
dataset/dRp8MP,74118,dataset,Kunstfiguren - Gestaltungsprozesse fiktiver Identitäten,dRp8MP,2025-04-10T10:43:49+0000,approved,"Das disziplinenübergreifende Forschungsprojekt «Kunstfiguren – Gestaltungsprozesse fiktiver Identitäten», das vom Schweizerischen Nationalfonds gefördert wurde (2019-2022), rückte das gegenwärtig medial verbreitete Phänomen der Kunstfiguren in den Fokus. Diese künstlerisch gestalteten Identitäten unterscheiden sich von der Alltagsidentität ihrer Darstellenden. Die Brisanz dieser künstlerischen Darstellungsform, welche die herkömmliche theatrale Bühne, Handlung und Rolle aufhebt, besteht darin, dass die Darstellenden durch/mit Kunstfiguren gesellschaftsrelevante Themen hinterfragen: Soziale Diskriminierungsformen, Migration, Integration und Bildung werden künstlerisch ausgehandelt und vermittelt.
Das Forschungsprojekt geht davon aus, dass der Handlungs- und Wirkungsraum einer Kunstfigur an den performenden Körper der Darstellenden gebunden ist. So verkörpern Künstler_innen den Gehalt ihrer künstlerischen Aussage und können unabhängig von einer theatralen Bühne agieren und über eine ‚Rolle‘ hinausgehen. Das Vorhaben untersucht Fragen der Kohäsion/Stringenz und Differenz zwischen darstellender Person und dargestellter Kunstfigur. Die Synergie der Methoden aus Kunst- und Theaterwissenschaft sowie aus performativ-praktischer und sozialanthropologischer Perspektive soll es ermöglichen, die Gestaltungsprozesse fiktiver Identitäten und Fragen nach der Kohäsion/Stringenz und der Differenz zwischen dargestellter Kunstfigur und Darstellenden zu analysieren und Erkenntnisse über die Möglichkeiten und Grenzen der Gestaltbarkeit von Kunstfiguren zu generieren. Ausgewählte, zeitgenössische Künstler_innen sollen deshalb zu den Gestaltungsprozessen der fiktiven Identitäten ihrer Kunstfiguren hin befragt und ihre performativen Auftritte analysiert werden. Dies geschieht anhand teilstandardisierter und narrativer Interviews, der Methode der Fotoelizitation sowie der theater- und kunstwissenschaftlichen Analyse von Auftritten und Bildmaterial.
Zu den Künstler_innen-Interviews: Ziel der teilstandardisierten Interviews ist es, von den Künstler_innen Informationen über Aspekte wie Motivation, Ziele, Gestaltung, Publikumsbezug, Verhältnis zur Kunstfigur sowie eigene Erkenntnisse bezüglich ihrer Arbeit als Kunstfiguren zu erhalten. Der Fragebogen enthält neben den allgemein für das Projekt relevanten Fragestellungen auch spezifischere, die für die einzelnen Teilprojekte von Belang sind. Die Fragen sind so offen wie möglich formuliert, so dass die Beantwortung Raum für Erzählungen lässt. Es wird in jedem Interview derselbe Fragebogen verwendet, wobei wir die für alle gültigen Fragen jeweils durch eine spezifische und nur für den einen oder die eine Künstler_in gültige Frage ergänzt haben.
Die Interviews wurden vor Ort und in Präsenz und mit einem Audio-Aufnahmegerät aufgezeichnet, oder wurden über Zoom durchgeführt und ebenfalls aufgezeichnet. Von den so aufgezeichneten Interviews wurde ein schriftliches Transkript erstellt. Für die Transkription wurden Regeln formuliert, die es erlaubten, so nah wie möglich an den Formulierungen der Künstler_innen zu bleiben. So wurde das Transkript lediglich hinsichtlich Lesbarkeit bearbeitet und grammatikalische Fehler ausgemerzt. Die Interviews wurden durch eine Fotoelizitation ergänzt, in der die Künstler_innen mit photographischem und/oder audiovisuellem Bildmaterial ihrer Auftritte konfrontiert werden. Auch die Fotoelizitation wurde aufgezeichnet und war Teil des beschrieben Transkriptionsprozesses.","[{""actor"":{""id"":13957,""name"":""Fabiana Senkpiel"",""externalIds"":[],""website"":""https://www.bfh.ch/de/ueber-die-bfh/personen/qfsyv4zhr5eo/"",""affiliations"":[]},""role"":{""code"":""author"",""label"":""Author"",""ord"":2}},{""actor"":{""id"":13959,""name"":""Sybille Heim"",""externalIds"":[{""identifierService"":{""code"":""ORCID"",""label"":""ORCID"",""ord"":1,""urlTemplate"":""https://orcid.org/{source-actor-id}""},""identifier"":""https://orcid.org/0009-0009-4218-7284""}],""affiliations"":[]},""role"":{""code"":""author"",""label"":""Author"",""ord"":2}},{""actor"":{""id"":13960,""name"":""Maria-Theresia Kandathil"",""externalIds"":[],""affiliations"":[]},""role"":{""code"":""author"",""label"":""Author"",""ord"":2}}]","[{""type"":{""code"":""activity"",""label"":""Activity"",""type"":""concept"",""groupName"":""Categorisation"",""hidden"":false,""ord"":17,""allowedVocabularies"":[{""code"":""tadirah2"",""scheme"":""https://vocabs.dariah.eu/tadirah/"",""namespace"":""https://vocabs.dariah.eu/tadirah/"",""label"":""TaDiRAH 2"",""closed"":true}]},""concept"":{""code"":""analyzing"",""vocabulary"":{""code"":""tadirah2"",""scheme"":""https://vocabs.dariah.eu/tadirah/"",""namespace"":""https://vocabs.dariah.eu/tadirah/"",""label"":""TaDiRAH 2"",""closed"":true},""label"":""Analyzing"",""notation"":"""",""uri"":""https://vocabs.dariah.eu/tadirah/analyzing"",""candidate"":false}},{""type"":{""code"":""keyword"",""label"":""Keyword"",""type"":""concept"",""groupName"":""Categorisation"",""hidden"":false,""ord"":18,""allowedVocabularies"":[{""code"":""sshoc-keyword"",""scheme"":""https://vocabs.sshopencloud.eu/vocabularies/sshomp-keyword/"",""namespace"":""https://vocabs.sshopencloud.eu/vocabularies/sshomp-keyword/"",""label"":""Keywords from SSHOMP"",""closed"":false}]},""concept"":{""code"":""dariahResource"",""vocabulary"":{""code"":""sshoc-keyword"",""scheme"":""https://vocabs.sshopencloud.eu/vocabularies/sshomp-keyword/"",""namespace"":""https://vocabs.sshopencloud.eu/vocabularies/sshomp-keyword/"",""label"":""Keywords from SSHOMP"",""closed"":false},""label"":""DARIAH Resource"",""notation"":"""",""uri"":""https://vocabs.sshopencloud.eu/vocabularies/sshomp-keyword/dariahResource"",""candidate"":true}},{""type"":{""code"":""discipline"",""label"":""Discipline"",""type"":""concept"",""groupName"":""Categorisation"",""hidden"":false,""ord"":19,""allowedVocabularies"":[{""code"":""discipline"",""scheme"":""https://vocabs.acdh.oeaw.ac.at/oefosdisciplines/Schema"",""namespace"":""https://vocabs.acdh.oeaw.ac.at/oefosdisciplines/"",""label"":""\u00d6FOS 2012. Austrian Fields of Science and Technology Classification 2012"",""closed"":true}]},""concept"":{""code"":""604001"",""vocabulary"":{""code"":""discipline"",""scheme"":""https://vocabs.acdh.oeaw.ac.at/oefosdisciplines/Schema"",""namespace"":""https://vocabs.acdh.oeaw.ac.at/oefosdisciplines/"",""label"":""\u00d6FOS 2012. Austrian Fields of Science and Technology Classification 2012"",""closed"":true},""label"":""Applied arts"",""notation"":""604001"",""uri"":""https://vocabs.acdh.oeaw.ac.at/oefosdisciplines/604001"",""candidate"":false}},{""type"":{""code"":""language"",""label"":""Language"",""type"":""concept"",""groupName"":""Categorisation"",""hidden"":false,""ord"":20,""allowedVocabularies"":[{""code"":""iso-639-3"",""scheme"":""https://vocabs.acdh.oeaw.ac.at/iso6393/Schema"",""namespace"":""https://vocabs.acdh.oeaw.ac.at/iso6393/"",""label"":""ISO 639-3 Language Codes"",""closed"":true}]},""concept"":{""code"":""deu"",""vocabulary"":{""code"":""iso-639-3"",""scheme"":""https://vocabs.acdh.oeaw.ac.at/iso6393/Schema"",""namespace"":""https://vocabs.acdh.oeaw.ac.at/iso6393/"",""label"":""ISO 639-3 Language Codes"",""closed"":true},""label"":""German"",""notation"":"""",""uri"":""https://vocabs.acdh.oeaw.ac.at/iso6393/deu"",""candidate"":false}},{""type"":{""code"":""keyword"",""label"":""Keyword"",""type"":""concept"",""groupName"":""Categorisation"",""hidden"":false,""ord"":18,""allowedVocabularies"":[{""code"":""sshoc-keyword"",""scheme"":""https://vocabs.sshopencloud.eu/vocabularies/sshomp-keyword/"",""namespace"":""https://vocabs.sshopencloud.eu/vocabularies/sshomp-keyword/"",""label"":""Keywords from SSHOMP"",""closed"":false}]},""concept"":{""code"":""interviews"",""vocabulary"":{""code"":""sshoc-keyword"",""scheme"":""https://vocabs.sshopencloud.eu/vocabularies/sshomp-keyword/"",""namespace"":""https://vocabs.sshopencloud.eu/vocabularies/sshomp-keyword/"",""label"":""Keywords from SSHOMP"",""closed"":false},""label"":""interviews"",""notation"":"""",""uri"":""https://vocabs.sshopencloud.eu/vocabularies/sshomp-keyword/interviews"",""candidate"":false}},{""type"":{""code"":""intended-audience"",""label"":""Intended audience"",""type"":""concept"",""groupName"":""Categorisation"",""hidden"":false,""ord"":27,""allowedVocabularies"":[{""code"":""audience"",""scheme"":""https://vocabs.sshopencloud.eu/vocabularies/sshoc-audience/audienceScheme"",""namespace"":""https://vocabs.sshopencloud.eu/vocabularies/sshoc-audience/"",""label"":""Intended audience"",""closed"":true}]},""concept"":{""code"":""researcher"",""vocabulary"":{""code"":""audience"",""scheme"":""https://vocabs.sshopencloud.eu/vocabularies/sshoc-audience/audienceScheme"",""namespace"":""https://vocabs.sshopencloud.eu/vocabularies/sshoc-audience/"",""label"":""Intended audience"",""closed"":true},""label"":""Researcher"",""notation"":""researcher"",""uri"":""https://vocabs.sshopencloud.eu/vocabularies/sshoc-audience/researcher"",""candidate"":false}},{""type"":{""code"":""keyword"",""label"":""Keyword"",""type"":""concept"",""groupName"":""Categorisation"",""hidden"":false,""ord"":18,""allowedVocabularies"":[{""code"":""sshoc-keyword"",""scheme"":""https://vocabs.sshopencloud.eu/vocabularies/sshomp-keyword/"",""namespace"":""https://vocabs.sshopencloud.eu/vocabularies/sshomp-keyword/"",""label"":""Keywords from SSHOMP"",""closed"":false}]},""concept"":{""code"":""Performing+Arts"",""vocabulary"":{""code"":""sshoc-keyword"",""scheme"":""https://vocabs.sshopencloud.eu/vocabularies/sshomp-keyword/"",""namespace"":""https://vocabs.sshopencloud.eu/vocabularies/sshomp-keyword/"",""label"":""Keywords from SSHOMP"",""closed"":false},""label"":""Performing Arts"",""notation"":"""",""uri"":""https://vocabs.sshopencloud.eu/vocabularies/sshomp-keyword/Performing%2BArts"",""candidate"":true}},{""type"":{""code"":""license"",""label"":""License"",""type"":""concept"",""groupName"":""Access"",""hidden"":false,""ord"":1,""allowedVocabularies"":[{""code"":""software-license"",""scheme"":""https://sshoc.poolparty.biz/Vocabularies/f8e37d35-c5fe-48d5-a9e1-2f8116726980"",""namespace"":""http://spdx.org/licenses/"",""label"":""Software License"",""closed"":true}]},""concept"":{""code"":""CC-BY-NC-ND-4.0"",""vocabulary"":{""code"":""software-license"",""scheme"":""https://sshoc.poolparty.biz/Vocabularies/f8e37d35-c5fe-48d5-a9e1-2f8116726980"",""namespace"":""http://spdx.org/licenses/"",""label"":""Software License"",""closed"":true},""label"":""Creative Commons Attribution Non Commercial No Derivatives 4.0 International"",""notation"":"""",""uri"":""http://spdx.org/licenses/CC-BY-NC-ND-4.0"",""candidate"":false}},{""type"":{""code"":""year"",""label"":""Year"",""type"":""int"",""groupName"":""Bibliographic"",""hidden"":false,""ord"":11},""value"":""2023""},{""type"":{""code"":""resource-category"",""label"":""Resource category"",""type"":""concept"",""groupName"":""Categorisation"",""hidden"":false,""ord"":29,""allowedVocabularies"":[{""code"":""eosc-resource-category"",""scheme"":""https://vocabs.sshopencloud.eu/vocabularies/eosc-resource-category/eoscResourceCategoryScheme"",""namespace"":""https://vocabs.sshopencloud.eu/vocabularies/eosc-resource-category/"",""label"":""EOSC Resource Category List"",""closed"":true}]},""concept"":{""code"":""subcategory-sharing_and_discovery-data-data_archives"",""vocabulary"":{""code"":""eosc-resource-category"",""scheme"":""https://vocabs.sshopencloud.eu/vocabularies/eosc-resource-category/eoscResourceCategoryScheme"",""namespace"":""https://vocabs.sshopencloud.eu/vocabularies/eosc-resource-category/"",""label"":""EOSC Resource Category List"",""closed"":true},""label"":""Data Archives"",""notation"":"""",""uri"":""https://vocabs.sshopencloud.eu/vocabularies/eosc-resource-category/subcategory-sharing_and_discovery-data-data_archives"",""candidate"":false}},{""type"":{""code"":""publisher"",""label"":""Publisher"",""type"":""string"",""groupName"":""Bibliographic"",""hidden"":false,""ord"":9},""value"":""OLOS""}]","[{""identifierService"":{""code"":""doi"",""label"":""DOI"",""ord"":3,""urlTemplate"":""https://doi.org/{source-item-id}""},""identifier"":""10.34914/olos:5fzmfdnmufg3jerpg5rh4d7fha""}]",[],,[],[],784,62f07e86-caaa-46c7-8dcc-036352fec017@myaccessid.org,Michael Kurzmeier,enabled,2022-10-25T08:25:24+0000,moderator,False,,,,,,,,,,,,,,,,,,,,,,,2025-03-21T00:00:00+0000,2025-03-21T00:00:00+0000,
dataset/lN0GTw,76718,dataset,Mannheim Corpus of Historical Newspapers and Magazines,lN0GTw,2025-07-04T10:16:40+0000,approved,"This corpus contains articles from 21 German newspapers from the 18th and 19th century.
The corpus is available for download from the CLARIN-D repository.",[],"[{""type"":{""code"":""language"",""label"":""Language"",""type"":""concept"",""groupName"":""Categorisation"",""hidden"":false,""ord"":20,""allowedVocabularies"":[{""code"":""iso-639-3"",""scheme"":""https://vocabs.acdh.oeaw.ac.at/iso6393/Schema"",""namespace"":""https://vocabs.acdh.oeaw.ac.at/iso6393/"",""label"":""ISO 639-3 Language Codes"",""closed"":true}]},""concept"":{""code"":""deu"",""vocabulary"":{""code"":""iso-639-3"",""scheme"":""https://vocabs.acdh.oeaw.ac.at/iso6393/Schema"",""namespace"":""https://vocabs.acdh.oeaw.ac.at/iso6393/"",""label"":""ISO 639-3 Language Codes"",""closed"":true},""label"":""German"",""notation"":"""",""uri"":""https://vocabs.acdh.oeaw.ac.at/iso6393/deu"",""candidate"":false}},{""type"":{""code"":""extent"",""label"":""Extent"",""type"":""string"",""groupName"":""Categorisation"",""hidden"":false,""ord"":26},""value"":""4.1 million tokens""},{""type"":{""code"":""keyword"",""label"":""Keyword"",""type"":""concept"",""groupName"":""Categorisation"",""hidden"":false,""ord"":18,""allowedVocabularies"":[{""code"":""sshoc-keyword"",""scheme"":""https://vocabs.sshopencloud.eu/vocabularies/sshomp-keyword/"",""namespace"":""https://vocabs.sshopencloud.eu/vocabularies/sshomp-keyword/"",""label"":""Keywords from SSHOMP"",""closed"":false}]},""concept"":{""code"":""tokenised"",""vocabulary"":{""code"":""sshoc-keyword"",""scheme"":""https://vocabs.sshopencloud.eu/vocabularies/sshomp-keyword/"",""namespace"":""https://vocabs.sshopencloud.eu/vocabularies/sshomp-keyword/"",""label"":""Keywords from SSHOMP"",""closed"":false},""label"":""tokenised"",""notation"":"""",""uri"":""https://vocabs.sshopencloud.eu/vocabularies/sshomp-keyword/tokenised"",""candidate"":false}},{""type"":{""code"":""keyword"",""label"":""Keyword"",""type"":""concept"",""groupName"":""Categorisation"",""hidden"":false,""ord"":18,""allowedVocabularies"":[{""code"":""sshoc-keyword"",""scheme"":""https://vocabs.sshopencloud.eu/vocabularies/sshomp-keyword/"",""namespace"":""https://vocabs.sshopencloud.eu/vocabularies/sshomp-keyword/"",""label"":""Keywords from SSHOMP"",""closed"":false}]},""concept"":{""code"":""Newspaper+corpora"",""vocabulary"":{""code"":""sshoc-keyword"",""scheme"":""https://vocabs.sshopencloud.eu/vocabularies/sshomp-keyword/"",""namespace"":""https://vocabs.sshopencloud.eu/vocabularies/sshomp-keyword/"",""label"":""Keywords from SSHOMP"",""closed"":false},""label"":""Newspaper corpora"",""notation"":"""",""uri"":""https://vocabs.sshopencloud.eu/vocabularies/sshomp-keyword/Newspaper+corpora"",""candidate"":false}},{""type"":{""code"":""see-also"",""label"":""See also"",""type"":""url"",""groupName"":""Context"",""hidden"":false,""ord"":30},""value"":""http://hdl.handle.net/10932/00-017B-E47E-5630-9F01-3""}]",[],"[""http://hdl.handle.net/10932/00-01B8-AE41-41A4-DC01-5""]",corpora%2Fnewspaper-corpora%2Fmannheim-hist.json,[],[],764,DACE Importer,DACE Importer,enabled,2022-07-26T14:42:54+0000,system-moderator,True,652.0,CLARIN Resource Families,https://github.com/clarin-eric/clarin-resource-families,https://github.com/clarin-eric/clarin-resource-families/blob/main/{source-item-id},,,,,,,,,,,,,,,,,,,,,
dataset/KUHf1n,76843,dataset,Mannheim Corpus of Historical Newspapers and Magazines,KUHf1n,2025-07-04T10:17:10+0000,approved,"This corpus contains articles from 21 German newspapers from the 18th and 19th century.
The corpus is available for download from the CLARIN-D repository.",[],"[{""type"":{""code"":""language"",""label"":""Language"",""type"":""concept"",""groupName"":""Categorisation"",""hidden"":false,""ord"":20,""allowedVocabularies"":[{""code"":""iso-639-3"",""scheme"":""https://vocabs.acdh.oeaw.ac.at/iso6393/Schema"",""namespace"":""https://vocabs.acdh.oeaw.ac.at/iso6393/"",""label"":""ISO 639-3 Language Codes"",""closed"":true}]},""concept"":{""code"":""deu"",""vocabulary"":{""code"":""iso-639-3"",""scheme"":""https://vocabs.acdh.oeaw.ac.at/iso6393/Schema"",""namespace"":""https://vocabs.acdh.oeaw.ac.at/iso6393/"",""label"":""ISO 639-3 Language Codes"",""closed"":true},""label"":""German"",""notation"":"""",""uri"":""https://vocabs.acdh.oeaw.ac.at/iso6393/deu"",""candidate"":false}},{""type"":{""code"":""extent"",""label"":""Extent"",""type"":""string"",""groupName"":""Categorisation"",""hidden"":false,""ord"":26},""value"":""3532 pages""},{""type"":{""code"":""extent"",""label"":""Extent"",""type"":""string"",""groupName"":""Categorisation"",""hidden"":false,""ord"":26},""value"":""4.1 million tokens""},{""type"":{""code"":""keyword"",""label"":""Keyword"",""type"":""concept"",""groupName"":""Categorisation"",""hidden"":false,""ord"":18,""allowedVocabularies"":[{""code"":""sshoc-keyword"",""scheme"":""https://vocabs.sshopencloud.eu/vocabularies/sshomp-keyword/"",""namespace"":""https://vocabs.sshopencloud.eu/vocabularies/sshomp-keyword/"",""label"":""Keywords from SSHOMP"",""closed"":false}]},""concept"":{""code"":""tokenised"",""vocabulary"":{""code"":""sshoc-keyword"",""scheme"":""https://vocabs.sshopencloud.eu/vocabularies/sshomp-keyword/"",""namespace"":""https://vocabs.sshopencloud.eu/vocabularies/sshomp-keyword/"",""label"":""Keywords from SSHOMP"",""closed"":false},""label"":""tokenised"",""notation"":"""",""uri"":""https://vocabs.sshopencloud.eu/vocabularies/sshomp-keyword/tokenised"",""candidate"":false}},{""type"":{""code"":""keyword"",""label"":""Keyword"",""type"":""concept"",""groupName"":""Categorisation"",""hidden"":false,""ord"":18,""allowedVocabularies"":[{""code"":""sshoc-keyword"",""scheme"":""https://vocabs.sshopencloud.eu/vocabularies/sshomp-keyword/"",""namespace"":""https://vocabs.sshopencloud.eu/vocabularies/sshomp-keyword/"",""label"":""Keywords from SSHOMP"",""closed"":false}]},""concept"":{""code"":""Newspaper+corpora"",""vocabulary"":{""code"":""sshoc-keyword"",""scheme"":""https://vocabs.sshopencloud.eu/vocabularies/sshomp-keyword/"",""namespace"":""https://vocabs.sshopencloud.eu/vocabularies/sshomp-keyword/"",""label"":""Keywords from SSHOMP"",""closed"":false},""label"":""Newspaper corpora"",""notation"":"""",""uri"":""https://vocabs.sshopencloud.eu/vocabularies/sshomp-keyword/Newspaper+corpora"",""candidate"":false}},{""type"":{""code"":""see-also"",""label"":""See also"",""type"":""url"",""groupName"":""Context"",""hidden"":false,""ord"":30},""value"":""http://hdl.handle.net/10932/00-017B-E47E-5630-9F01-3""}]",[],"[""http://hdl.handle.net/10932/00-01B8-AE41-41A4-DC01-5""]",corpora%2Fhistorical-corpora%2Fmannheim-hist.json,[],[],764,DACE Importer,DACE Importer,enabled,2022-07-26T14:42:54+0000,system-moderator,True,652.0,CLARIN Resource Families,https://github.com/clarin-eric/clarin-resource-families,https://github.com/clarin-eric/clarin-resource-families/blob/main/{source-item-id},,,,,,,,,,,,,,,,,,,,,
dataset/uGVjjd,76925,dataset,"MULTEXT-East ""1984"" annotated corpus 4.0",uGVjjd,2025-07-04T10:17:28+0000,approved,"This corpus contains George Orwell’s 1984 original novel in English and its translations into the following languages: Bulgarian, Czech, Estonian, Hungarian, Macedonian, Persian, Polish, Romanian, Serbian, Slovak, and Slovenian.
The corpus is available for download from the CLARIN.SI repository.",[],"[{""type"":{""code"":""extent"",""label"":""Extent"",""type"":""string"",""groupName"":""Categorisation"",""hidden"":false,""ord"":26},""value"":""1.06 million\u00a0tokens""},{""type"":{""code"":""keyword"",""label"":""Keyword"",""type"":""concept"",""groupName"":""Categorisation"",""hidden"":false,""ord"":18,""allowedVocabularies"":[{""code"":""sshoc-keyword"",""scheme"":""https://vocabs.sshopencloud.eu/vocabularies/sshomp-keyword/"",""namespace"":""https://vocabs.sshopencloud.eu/vocabularies/sshomp-keyword/"",""label"":""Keywords from SSHOMP"",""closed"":false}]},""concept"":{""code"":""tokenised"",""vocabulary"":{""code"":""sshoc-keyword"",""scheme"":""https://vocabs.sshopencloud.eu/vocabularies/sshomp-keyword/"",""namespace"":""https://vocabs.sshopencloud.eu/vocabularies/sshomp-keyword/"",""label"":""Keywords from SSHOMP"",""closed"":false},""label"":""tokenised"",""notation"":"""",""uri"":""https://vocabs.sshopencloud.eu/vocabularies/sshomp-keyword/tokenised"",""candidate"":false}},{""type"":{""code"":""keyword"",""label"":""Keyword"",""type"":""concept"",""groupName"":""Categorisation"",""hidden"":false,""ord"":18,""allowedVocabularies"":[{""code"":""sshoc-keyword"",""scheme"":""https://vocabs.sshopencloud.eu/vocabularies/sshomp-keyword/"",""namespace"":""https://vocabs.sshopencloud.eu/vocabularies/sshomp-keyword/"",""label"":""Keywords from SSHOMP"",""closed"":false}]},""concept"":{""code"":""sentence+aligned"",""vocabulary"":{""code"":""sshoc-keyword"",""scheme"":""https://vocabs.sshopencloud.eu/vocabularies/sshomp-keyword/"",""namespace"":""https://vocabs.sshopencloud.eu/vocabularies/sshomp-keyword/"",""label"":""Keywords from SSHOMP"",""closed"":false},""label"":""sentence aligned"",""notation"":"""",""uri"":""https://vocabs.sshopencloud.eu/vocabularies/sshomp-keyword/sentence+aligned"",""candidate"":false}},{""type"":{""code"":""keyword"",""label"":""Keyword"",""type"":""concept"",""groupName"":""Categorisation"",""hidden"":false,""ord"":18,""allowedVocabularies"":[{""code"":""sshoc-keyword"",""scheme"":""https://vocabs.sshopencloud.eu/vocabularies/sshomp-keyword/"",""namespace"":""https://vocabs.sshopencloud.eu/vocabularies/sshomp-keyword/"",""label"":""Keywords from SSHOMP"",""closed"":false}]},""concept"":{""code"":""Parallel+corpora"",""vocabulary"":{""code"":""sshoc-keyword"",""scheme"":""https://vocabs.sshopencloud.eu/vocabularies/sshomp-keyword/"",""namespace"":""https://vocabs.sshopencloud.eu/vocabularies/sshomp-keyword/"",""label"":""Keywords from SSHOMP"",""closed"":false},""label"":""Parallel corpora"",""notation"":"""",""uri"":""https://vocabs.sshopencloud.eu/vocabularies/sshomp-keyword/Parallel+corpora"",""candidate"":false}},{""type"":{""code"":""terms-of-use"",""label"":""Terms Of Use"",""type"":""string"",""groupName"":""Access"",""hidden"":false,""ord"":3},""value"":""CC-BY""},{""type"":{""code"":""see-also"",""label"":""See also"",""type"":""url"",""groupName"":""Context"",""hidden"":false,""ord"":30},""value"":""http://hdl.handle.net/11356/1043""}]",[],"[""http://hdl.handle.net/11356/1043""]",corpora%2Fparallel-corpora%2Fmultext-east.json,[],[],764,DACE Importer,DACE Importer,enabled,2022-07-26T14:42:54+0000,system-moderator,True,652.0,CLARIN Resource Families,https://github.com/clarin-eric/clarin-resource-families,https://github.com/clarin-eric/clarin-resource-families/blob/main/{source-item-id},,,,,,,,,,,,,,,,,,,,,
dataset/nM9tz2,76492,dataset,"MULTEXT-East ""1984"" annotated corpus 4.0 ",nM9tz2,2025-07-04T10:15:38+0000,approved,"This is a parallel corpus of George Orwell's 1984 and its translations.
The corpus is available for download from CLARIN.SI.",[],"[{""type"":{""code"":""language"",""label"":""Language"",""type"":""concept"",""groupName"":""Categorisation"",""hidden"":false,""ord"":20,""allowedVocabularies"":[{""code"":""iso-639-3"",""scheme"":""https://vocabs.acdh.oeaw.ac.at/iso6393/Schema"",""namespace"":""https://vocabs.acdh.oeaw.ac.at/iso6393/"",""label"":""ISO 639-3 Language Codes"",""closed"":true}]},""concept"":{""code"":""bul"",""vocabulary"":{""code"":""iso-639-3"",""scheme"":""https://vocabs.acdh.oeaw.ac.at/iso6393/Schema"",""namespace"":""https://vocabs.acdh.oeaw.ac.at/iso6393/"",""label"":""ISO 639-3 Language Codes"",""closed"":true},""label"":""Bulgarian"",""notation"":"""",""uri"":""https://vocabs.acdh.oeaw.ac.at/iso6393/bul"",""candidate"":false}},{""type"":{""code"":""language"",""label"":""Language"",""type"":""concept"",""groupName"":""Categorisation"",""hidden"":false,""ord"":20,""allowedVocabularies"":[{""code"":""iso-639-3"",""scheme"":""https://vocabs.acdh.oeaw.ac.at/iso6393/Schema"",""namespace"":""https://vocabs.acdh.oeaw.ac.at/iso6393/"",""label"":""ISO 639-3 Language Codes"",""closed"":true}]},""concept"":{""code"":""ces"",""vocabulary"":{""code"":""iso-639-3"",""scheme"":""https://vocabs.acdh.oeaw.ac.at/iso6393/Schema"",""namespace"":""https://vocabs.acdh.oeaw.ac.at/iso6393/"",""label"":""ISO 639-3 Language Codes"",""closed"":true},""label"":""Czech"",""notation"":"""",""uri"":""https://vocabs.acdh.oeaw.ac.at/iso6393/ces"",""candidate"":false}},{""type"":{""code"":""language"",""label"":""Language"",""type"":""concept"",""groupName"":""Categorisation"",""hidden"":false,""ord"":20,""allowedVocabularies"":[{""code"":""iso-639-3"",""scheme"":""https://vocabs.acdh.oeaw.ac.at/iso6393/Schema"",""namespace"":""https://vocabs.acdh.oeaw.ac.at/iso6393/"",""label"":""ISO 639-3 Language Codes"",""closed"":true}]},""concept"":{""code"":""eng"",""vocabulary"":{""code"":""iso-639-3"",""scheme"":""https://vocabs.acdh.oeaw.ac.at/iso6393/Schema"",""namespace"":""https://vocabs.acdh.oeaw.ac.at/iso6393/"",""label"":""ISO 639-3 Language Codes"",""closed"":true},""label"":""English"",""notation"":"""",""uri"":""https://vocabs.acdh.oeaw.ac.at/iso6393/eng"",""candidate"":false}},{""type"":{""code"":""language"",""label"":""Language"",""type"":""concept"",""groupName"":""Categorisation"",""hidden"":false,""ord"":20,""allowedVocabularies"":[{""code"":""iso-639-3"",""scheme"":""https://vocabs.acdh.oeaw.ac.at/iso6393/Schema"",""namespace"":""https://vocabs.acdh.oeaw.ac.at/iso6393/"",""label"":""ISO 639-3 Language Codes"",""closed"":true}]},""concept"":{""code"":""est"",""vocabulary"":{""code"":""iso-639-3"",""scheme"":""https://vocabs.acdh.oeaw.ac.at/iso6393/Schema"",""namespace"":""https://vocabs.acdh.oeaw.ac.at/iso6393/"",""label"":""ISO 639-3 Language Codes"",""closed"":true},""label"":""Estonian"",""notation"":"""",""uri"":""https://vocabs.acdh.oeaw.ac.at/iso6393/est"",""candidate"":false}},{""type"":{""code"":""language"",""label"":""Language"",""type"":""concept"",""groupName"":""Categorisation"",""hidden"":false,""ord"":20,""allowedVocabularies"":[{""code"":""iso-639-3"",""scheme"":""https://vocabs.acdh.oeaw.ac.at/iso6393/Schema"",""namespace"":""https://vocabs.acdh.oeaw.ac.at/iso6393/"",""label"":""ISO 639-3 Language Codes"",""closed"":true}]},""concept"":{""code"":""hun"",""vocabulary"":{""code"":""iso-639-3"",""scheme"":""https://vocabs.acdh.oeaw.ac.at/iso6393/Schema"",""namespace"":""https://vocabs.acdh.oeaw.ac.at/iso6393/"",""label"":""ISO 639-3 Language Codes"",""closed"":true},""label"":""Hungarian"",""notation"":"""",""uri"":""https://vocabs.acdh.oeaw.ac.at/iso6393/hun"",""candidate"":false}},{""type"":{""code"":""language"",""label"":""Language"",""type"":""concept"",""groupName"":""Categorisation"",""hidden"":false,""ord"":20,""allowedVocabularies"":[{""code"":""iso-639-3"",""scheme"":""https://vocabs.acdh.oeaw.ac.at/iso6393/Schema"",""namespace"":""https://vocabs.acdh.oeaw.ac.at/iso6393/"",""label"":""ISO 639-3 Language Codes"",""closed"":true}]},""concept"":{""code"":""mkd"",""vocabulary"":{""code"":""iso-639-3"",""scheme"":""https://vocabs.acdh.oeaw.ac.at/iso6393/Schema"",""namespace"":""https://vocabs.acdh.oeaw.ac.at/iso6393/"",""label"":""ISO 639-3 Language Codes"",""closed"":true},""label"":""Macedonian"",""notation"":"""",""uri"":""https://vocabs.acdh.oeaw.ac.at/iso6393/mkd"",""candidate"":false}},{""type"":{""code"":""language"",""label"":""Language"",""type"":""concept"",""groupName"":""Categorisation"",""hidden"":false,""ord"":20,""allowedVocabularies"":[{""code"":""iso-639-3"",""scheme"":""https://vocabs.acdh.oeaw.ac.at/iso6393/Schema"",""namespace"":""https://vocabs.acdh.oeaw.ac.at/iso6393/"",""label"":""ISO 639-3 Language Codes"",""closed"":true}]},""concept"":{""code"":""fas"",""vocabulary"":{""code"":""iso-639-3"",""scheme"":""https://vocabs.acdh.oeaw.ac.at/iso6393/Schema"",""namespace"":""https://vocabs.acdh.oeaw.ac.at/iso6393/"",""label"":""ISO 639-3 Language Codes"",""closed"":true},""label"":""Persian"",""notation"":"""",""uri"":""https://vocabs.acdh.oeaw.ac.at/iso6393/fas"",""candidate"":false}},{""type"":{""code"":""language"",""label"":""Language"",""type"":""concept"",""groupName"":""Categorisation"",""hidden"":false,""ord"":20,""allowedVocabularies"":[{""code"":""iso-639-3"",""scheme"":""https://vocabs.acdh.oeaw.ac.at/iso6393/Schema"",""namespace"":""https://vocabs.acdh.oeaw.ac.at/iso6393/"",""label"":""ISO 639-3 Language Codes"",""closed"":true}]},""concept"":{""code"":""pol"",""vocabulary"":{""code"":""iso-639-3"",""scheme"":""https://vocabs.acdh.oeaw.ac.at/iso6393/Schema"",""namespace"":""https://vocabs.acdh.oeaw.ac.at/iso6393/"",""label"":""ISO 639-3 Language Codes"",""closed"":true},""label"":""Polish"",""notation"":"""",""uri"":""https://vocabs.acdh.oeaw.ac.at/iso6393/pol"",""candidate"":false}},{""type"":{""code"":""language"",""label"":""Language"",""type"":""concept"",""groupName"":""Categorisation"",""hidden"":false,""ord"":20,""allowedVocabularies"":[{""code"":""iso-639-3"",""scheme"":""https://vocabs.acdh.oeaw.ac.at/iso6393/Schema"",""namespace"":""https://vocabs.acdh.oeaw.ac.at/iso6393/"",""label"":""ISO 639-3 Language Codes"",""closed"":true}]},""concept"":{""code"":""ron"",""vocabulary"":{""code"":""iso-639-3"",""scheme"":""https://vocabs.acdh.oeaw.ac.at/iso6393/Schema"",""namespace"":""https://vocabs.acdh.oeaw.ac.at/iso6393/"",""label"":""ISO 639-3 Language Codes"",""closed"":true},""label"":""Romanian"",""notation"":"""",""uri"":""https://vocabs.acdh.oeaw.ac.at/iso6393/ron"",""candidate"":false}},{""type"":{""code"":""language"",""label"":""Language"",""type"":""concept"",""groupName"":""Categorisation"",""hidden"":false,""ord"":20,""allowedVocabularies"":[{""code"":""iso-639-3"",""scheme"":""https://vocabs.acdh.oeaw.ac.at/iso6393/Schema"",""namespace"":""https://vocabs.acdh.oeaw.ac.at/iso6393/"",""label"":""ISO 639-3 Language Codes"",""closed"":true}]},""concept"":{""code"":""srp"",""vocabulary"":{""code"":""iso-639-3"",""scheme"":""https://vocabs.acdh.oeaw.ac.at/iso6393/Schema"",""namespace"":""https://vocabs.acdh.oeaw.ac.at/iso6393/"",""label"":""ISO 639-3 Language Codes"",""closed"":true},""label"":""Serbian"",""notation"":"""",""uri"":""https://vocabs.acdh.oeaw.ac.at/iso6393/srp"",""candidate"":false}},{""type"":{""code"":""language"",""label"":""Language"",""type"":""concept"",""groupName"":""Categorisation"",""hidden"":false,""ord"":20,""allowedVocabularies"":[{""code"":""iso-639-3"",""scheme"":""https://vocabs.acdh.oeaw.ac.at/iso6393/Schema"",""namespace"":""https://vocabs.acdh.oeaw.ac.at/iso6393/"",""label"":""ISO 639-3 Language Codes"",""closed"":true}]},""concept"":{""code"":""slk"",""vocabulary"":{""code"":""iso-639-3"",""scheme"":""https://vocabs.acdh.oeaw.ac.at/iso6393/Schema"",""namespace"":""https://vocabs.acdh.oeaw.ac.at/iso6393/"",""label"":""ISO 639-3 Language Codes"",""closed"":true},""label"":""Slovak"",""notation"":"""",""uri"":""https://vocabs.acdh.oeaw.ac.at/iso6393/slk"",""candidate"":false}},{""type"":{""code"":""language"",""label"":""Language"",""type"":""concept"",""groupName"":""Categorisation"",""hidden"":false,""ord"":20,""allowedVocabularies"":[{""code"":""iso-639-3"",""scheme"":""https://vocabs.acdh.oeaw.ac.at/iso6393/Schema"",""namespace"":""https://vocabs.acdh.oeaw.ac.at/iso6393/"",""label"":""ISO 639-3 Language Codes"",""closed"":true}]},""concept"":{""code"":""slv"",""vocabulary"":{""code"":""iso-639-3"",""scheme"":""https://vocabs.acdh.oeaw.ac.at/iso6393/Schema"",""namespace"":""https://vocabs.acdh.oeaw.ac.at/iso6393/"",""label"":""ISO 639-3 Language Codes"",""closed"":true},""label"":""Slovenian"",""notation"":"""",""uri"":""https://vocabs.acdh.oeaw.ac.at/iso6393/slv"",""candidate"":false}},{""type"":{""code"":""extent"",""label"":""Extent"",""type"":""string"",""groupName"":""Categorisation"",""hidden"":false,""ord"":26},""value"":""12 texts""},{""type"":{""code"":""extent"",""label"":""Extent"",""type"":""string"",""groupName"":""Categorisation"",""hidden"":false,""ord"":26},""value"":""79,718 sentences""},{""type"":{""code"":""extent"",""label"":""Extent"",""type"":""string"",""groupName"":""Categorisation"",""hidden"":false,""ord"":26},""value"":""1,064,424 words""},{""type"":{""code"":""keyword"",""label"":""Keyword"",""type"":""concept"",""groupName"":""Categorisation"",""hidden"":false,""ord"":18,""allowedVocabularies"":[{""code"":""sshoc-keyword"",""scheme"":""https://vocabs.sshopencloud.eu/vocabularies/sshomp-keyword/"",""namespace"":""https://vocabs.sshopencloud.eu/vocabularies/sshomp-keyword/"",""label"":""Keywords from SSHOMP"",""closed"":false}]},""concept"":{""code"":""MSD+tagging"",""vocabulary"":{""code"":""sshoc-keyword"",""scheme"":""https://vocabs.sshopencloud.eu/vocabularies/sshomp-keyword/"",""namespace"":""https://vocabs.sshopencloud.eu/vocabularies/sshomp-keyword/"",""label"":""Keywords from SSHOMP"",""closed"":false},""label"":""MSD tagging"",""notation"":"""",""uri"":""https://vocabs.sshopencloud.eu/vocabularies/sshomp-keyword/MSD+tagging"",""candidate"":false}},{""type"":{""code"":""keyword"",""label"":""Keyword"",""type"":""concept"",""groupName"":""Categorisation"",""hidden"":false,""ord"":18,""allowedVocabularies"":[{""code"":""sshoc-keyword"",""scheme"":""https://vocabs.sshopencloud.eu/vocabularies/sshomp-keyword/"",""namespace"":""https://vocabs.sshopencloud.eu/vocabularies/sshomp-keyword/"",""label"":""Keywords from SSHOMP"",""closed"":false}]},""concept"":{""code"":""Literary+corpora"",""vocabulary"":{""code"":""sshoc-keyword"",""scheme"":""https://vocabs.sshopencloud.eu/vocabularies/sshomp-keyword/"",""namespace"":""https://vocabs.sshopencloud.eu/vocabularies/sshomp-keyword/"",""label"":""Keywords from SSHOMP"",""closed"":false},""label"":""Literary corpora"",""notation"":"""",""uri"":""https://vocabs.sshopencloud.eu/vocabularies/sshomp-keyword/Literary+corpora"",""candidate"":false}},{""type"":{""code"":""terms-of-use"",""label"":""Terms Of Use"",""type"":""string"",""groupName"":""Access"",""hidden"":false,""ord"":3},""value"":""CC BY-NC SA 4.0""},{""type"":{""code"":""see-also"",""label"":""See also"",""type"":""url"",""groupName"":""Context"",""hidden"":false,""ord"":30},""value"":""http://hdl.handle.net/11356/1043""}]",[],"[""http://hdl.handle.net/11356/1043""]",corpora%2Fliterary-corpora%2Fmultext1984.json,[],[],764,DACE Importer,DACE Importer,enabled,2022-07-26T14:42:54+0000,system-moderator,True,652.0,CLARIN Resource Families,https://github.com/clarin-eric/clarin-resource-families,https://github.com/clarin-eric/clarin-resource-families/blob/main/{source-item-id},,,,,,,,,,,,,,,,,,,,,
dataset/B9JAqq,76171,dataset,Natural Media Motion-Capture Corpus,B9JAqq,2025-07-04T10:14:20+0000,approved,"This corpus contains data from 18 participants, whose task was to describe nine objects each to an experimenter, without using everyday vocabulary about forms, sizes or objects. The participants were recorded on audio and several video cameras, and their hand movements were recorded using an optical VICON motion capture system.
The corpus is available for download from the BAS CLARIN-D repository.",[],"[{""type"":{""code"":""language"",""label"":""Language"",""type"":""concept"",""groupName"":""Categorisation"",""hidden"":false,""ord"":20,""allowedVocabularies"":[{""code"":""iso-639-3"",""scheme"":""https://vocabs.acdh.oeaw.ac.at/iso6393/Schema"",""namespace"":""https://vocabs.acdh.oeaw.ac.at/iso6393/"",""label"":""ISO 639-3 Language Codes"",""closed"":true}]},""concept"":{""code"":""deu"",""vocabulary"":{""code"":""iso-639-3"",""scheme"":""https://vocabs.acdh.oeaw.ac.at/iso6393/Schema"",""namespace"":""https://vocabs.acdh.oeaw.ac.at/iso6393/"",""label"":""ISO 639-3 Language Codes"",""closed"":true},""label"":""German"",""notation"":"""",""uri"":""https://vocabs.acdh.oeaw.ac.at/iso6393/deu"",""candidate"":false}},{""type"":{""code"":""extent"",""label"":""Extent"",""type"":""string"",""groupName"":""Categorisation"",""hidden"":false,""ord"":26},""value"":""3 hours""},{""type"":{""code"":""keyword"",""label"":""Keyword"",""type"":""concept"",""groupName"":""Categorisation"",""hidden"":false,""ord"":18,""allowedVocabularies"":[{""code"":""sshoc-keyword"",""scheme"":""https://vocabs.sshopencloud.eu/vocabularies/sshomp-keyword/"",""namespace"":""https://vocabs.sshopencloud.eu/vocabularies/sshomp-keyword/"",""label"":""Keywords from SSHOMP"",""closed"":false}]},""concept"":{""code"":""gesture+types"",""vocabulary"":{""code"":""sshoc-keyword"",""scheme"":""https://vocabs.sshopencloud.eu/vocabularies/sshomp-keyword/"",""namespace"":""https://vocabs.sshopencloud.eu/vocabularies/sshomp-keyword/"",""label"":""Keywords from SSHOMP"",""closed"":false},""label"":""gesture types"",""notation"":"""",""uri"":""https://vocabs.sshopencloud.eu/vocabularies/sshomp-keyword/gesture+types"",""candidate"":false}},{""type"":{""code"":""keyword"",""label"":""Keyword"",""type"":""concept"",""groupName"":""Categorisation"",""hidden"":false,""ord"":18,""allowedVocabularies"":[{""code"":""sshoc-keyword"",""scheme"":""https://vocabs.sshopencloud.eu/vocabularies/sshomp-keyword/"",""namespace"":""https://vocabs.sshopencloud.eu/vocabularies/sshomp-keyword/"",""label"":""Keywords from SSHOMP"",""closed"":false}]},""concept"":{""code"":""Manually+annotated+corpora"",""vocabulary"":{""code"":""sshoc-keyword"",""scheme"":""https://vocabs.sshopencloud.eu/vocabularies/sshomp-keyword/"",""namespace"":""https://vocabs.sshopencloud.eu/vocabularies/sshomp-keyword/"",""label"":""Keywords from SSHOMP"",""closed"":false},""label"":""Manually annotated corpora"",""notation"":"""",""uri"":""https://vocabs.sshopencloud.eu/vocabularies/sshomp-keyword/Manually+annotated+corpora"",""candidate"":false}},{""type"":{""code"":""terms-of-use"",""label"":""Terms Of Use"",""type"":""string"",""groupName"":""Access"",""hidden"":false,""ord"":3},""value"":""CLARIN ACA""},{""type"":{""code"":""see-also"",""label"":""See also"",""type"":""url"",""groupName"":""Context"",""hidden"":false,""ord"":30},""value"":""http://hdl.handle.net/11022/1009-0000-0007-C34C-8""}]",[],"[""http://hdl.handle.net/11022/1009-0000-0007-C34C-8""]",corpora%2Fmultimodal-corpora%2Fnatural-media-mc.json,[],[],764,DACE Importer,DACE Importer,enabled,2022-07-26T14:42:54+0000,system-moderator,True,652.0,CLARIN Resource Families,https://github.com/clarin-eric/clarin-resource-families,https://github.com/clarin-eric/clarin-resource-families/blob/main/{source-item-id},,,,,,,,,,,,,,,,,,,,,
dataset/sEHjTB,76990,dataset,Natural Media Motion-Capture Corpus,sEHjTB,2025-07-04T10:17:43+0000,approved,"The corpus consists of data from 18 participants, whose task was to describe nine objects each to an experimenter, without using everyday vocabulary about forms, sizes or objects. The participants were recorded on audio and several video cameras, and their hand movements were recorded using an optical VICON motion capture system.",[],"[{""type"":{""code"":""language"",""label"":""Language"",""type"":""concept"",""groupName"":""Categorisation"",""hidden"":false,""ord"":20,""allowedVocabularies"":[{""code"":""iso-639-3"",""scheme"":""https://vocabs.acdh.oeaw.ac.at/iso6393/Schema"",""namespace"":""https://vocabs.acdh.oeaw.ac.at/iso6393/"",""label"":""ISO 639-3 Language Codes"",""closed"":true}]},""concept"":{""code"":""deu"",""vocabulary"":{""code"":""iso-639-3"",""scheme"":""https://vocabs.acdh.oeaw.ac.at/iso6393/Schema"",""namespace"":""https://vocabs.acdh.oeaw.ac.at/iso6393/"",""label"":""ISO 639-3 Language Codes"",""closed"":true},""label"":""German"",""notation"":"""",""uri"":""https://vocabs.acdh.oeaw.ac.at/iso6393/deu"",""candidate"":false}},{""type"":{""code"":""extent"",""label"":""Extent"",""type"":""string"",""groupName"":""Categorisation"",""hidden"":false,""ord"":26},""value"":""3 hours""},{""type"":{""code"":""keyword"",""label"":""Keyword"",""type"":""concept"",""groupName"":""Categorisation"",""hidden"":false,""ord"":18,""allowedVocabularies"":[{""code"":""sshoc-keyword"",""scheme"":""https://vocabs.sshopencloud.eu/vocabularies/sshomp-keyword/"",""namespace"":""https://vocabs.sshopencloud.eu/vocabularies/sshomp-keyword/"",""label"":""Keywords from SSHOMP"",""closed"":false}]},""concept"":{""code"":""orthographically+transcribed"",""vocabulary"":{""code"":""sshoc-keyword"",""scheme"":""https://vocabs.sshopencloud.eu/vocabularies/sshomp-keyword/"",""namespace"":""https://vocabs.sshopencloud.eu/vocabularies/sshomp-keyword/"",""label"":""Keywords from SSHOMP"",""closed"":false},""label"":""orthographically transcribed"",""notation"":"""",""uri"":""https://vocabs.sshopencloud.eu/vocabularies/sshomp-keyword/orthographically+transcribed"",""candidate"":false}},{""type"":{""code"":""keyword"",""label"":""Keyword"",""type"":""concept"",""groupName"":""Categorisation"",""hidden"":false,""ord"":18,""allowedVocabularies"":[{""code"":""sshoc-keyword"",""scheme"":""https://vocabs.sshopencloud.eu/vocabularies/sshomp-keyword/"",""namespace"":""https://vocabs.sshopencloud.eu/vocabularies/sshomp-keyword/"",""label"":""Keywords from SSHOMP"",""closed"":false}]},""concept"":{""code"":""gestures"",""vocabulary"":{""code"":""sshoc-keyword"",""scheme"":""https://vocabs.sshopencloud.eu/vocabularies/sshomp-keyword/"",""namespace"":""https://vocabs.sshopencloud.eu/vocabularies/sshomp-keyword/"",""label"":""Keywords from SSHOMP"",""closed"":false},""label"":""gestures"",""notation"":"""",""uri"":""https://vocabs.sshopencloud.eu/vocabularies/sshomp-keyword/gestures"",""candidate"":false}},{""type"":{""code"":""keyword"",""label"":""Keyword"",""type"":""concept"",""groupName"":""Categorisation"",""hidden"":false,""ord"":18,""allowedVocabularies"":[{""code"":""sshoc-keyword"",""scheme"":""https://vocabs.sshopencloud.eu/vocabularies/sshomp-keyword/"",""namespace"":""https://vocabs.sshopencloud.eu/vocabularies/sshomp-keyword/"",""label"":""Keywords from SSHOMP"",""closed"":false}]},""concept"":{""code"":""Spoken+corpora"",""vocabulary"":{""code"":""sshoc-keyword"",""scheme"":""https://vocabs.sshopencloud.eu/vocabularies/sshomp-keyword/"",""namespace"":""https://vocabs.sshopencloud.eu/vocabularies/sshomp-keyword/"",""label"":""Keywords from SSHOMP"",""closed"":false},""label"":""Spoken corpora"",""notation"":"""",""uri"":""https://vocabs.sshopencloud.eu/vocabularies/sshomp-keyword/Spoken+corpora"",""candidate"":false}},{""type"":{""code"":""terms-of-use"",""label"":""Terms Of Use"",""type"":""string"",""groupName"":""Access"",""hidden"":false,""ord"":3},""value"":""CLARIN ACA""},{""type"":{""code"":""see-also"",""label"":""See also"",""type"":""url"",""groupName"":""Context"",""hidden"":false,""ord"":30},""value"":""http://hdl.handle.net/11022/1009-0000-0007-C34C-8""}]",[],"[""http://hdl.handle.net/11022/1009-0000-0007-C34C-8""]",corpora%2Fspoken-corpora%2Fnatural-media-motion-capture.json,[],[],764,DACE Importer,DACE Importer,enabled,2022-07-26T14:42:54+0000,system-moderator,True,652.0,CLARIN Resource Families,https://github.com/clarin-eric/clarin-resource-families,https://github.com/clarin-eric/clarin-resource-families/blob/main/{source-item-id},,,,,,,,,,,,,,,,,,,,,
dataset/A50pns,72320,dataset,NOEMA+,A50pns,2025-01-30T10:03:34+0000,approved,"This is an online dictionary of lemmas taken from three previously developed resources, namely (i) the [NOEMA DB](http://archive.ilsp.gr/en/services-products/products/item/1-langtechn/2-noema), from which it incorporates 3,000 revised entries, (ii) the GSL segment of the [Dicta Sign Corpus](http://hdl.handle.net/11500/ATHENA-0000-0000-28C5-5), from which it incorporates 2,000 entries, and the [POLYTROPON Parallel Corpus](http://hdl.handle.net/11500/ATHENA-0000-0000-4C77-6) corpus, from which it incorporates 3,616 new entries.
The lexicon is available for online browsing through an interface provided by the CLARIN:EL consortium.",[],"[{""type"":{""code"":""extent"",""label"":""Extent"",""type"":""string"",""groupName"":""Categorisation"",""hidden"":false,""ord"":26},""value"":""8,616 lemmas""},{""type"":{""code"":""keyword"",""label"":""Keyword"",""type"":""concept"",""groupName"":""Categorisation"",""hidden"":false,""ord"":18,""allowedVocabularies"":[{""code"":""sshoc-keyword"",""scheme"":""https://vocabs.sshopencloud.eu/vocabularies/sshomp-keyword/"",""namespace"":""https://vocabs.sshopencloud.eu/vocabularies/sshomp-keyword/"",""label"":""Keywords from SSHOMP"",""closed"":false}]},""concept"":{""code"":""citation+forms"",""vocabulary"":{""code"":""sshoc-keyword"",""scheme"":""https://vocabs.sshopencloud.eu/vocabularies/sshomp-keyword/"",""namespace"":""https://vocabs.sshopencloud.eu/vocabularies/sshomp-keyword/"",""label"":""Keywords from SSHOMP"",""closed"":false},""label"":""citation forms"",""notation"":"""",""uri"":""https://vocabs.sshopencloud.eu/vocabularies/sshomp-keyword/citation+forms"",""candidate"":false}},{""type"":{""code"":""keyword"",""label"":""Keyword"",""type"":""concept"",""groupName"":""Categorisation"",""hidden"":false,""ord"":18,""allowedVocabularies"":[{""code"":""sshoc-keyword"",""scheme"":""https://vocabs.sshopencloud.eu/vocabularies/sshomp-keyword/"",""namespace"":""https://vocabs.sshopencloud.eu/vocabularies/sshomp-keyword/"",""label"":""Keywords from SSHOMP"",""closed"":false}]},""concept"":{""code"":""Sign+language+resources"",""vocabulary"":{""code"":""sshoc-keyword"",""scheme"":""https://vocabs.sshopencloud.eu/vocabularies/sshomp-keyword/"",""namespace"":""https://vocabs.sshopencloud.eu/vocabularies/sshomp-keyword/"",""label"":""Keywords from SSHOMP"",""closed"":false},""label"":""Sign language resources"",""notation"":"""",""uri"":""https://vocabs.sshopencloud.eu/vocabularies/sshomp-keyword/Sign+language+resources"",""candidate"":false}},{""type"":{""code"":""terms-of-use"",""label"":""Terms Of Use"",""type"":""string"",""groupName"":""Access"",""hidden"":false,""ord"":3},""value"":""Freely accessible""},{""type"":{""code"":""see-also"",""label"":""See also"",""type"":""url"",""groupName"":""Context"",""hidden"":false,""ord"":30},""value"":""http://sign.ilsp.gr/signilsp-site/index.php/el/noima/""},{""type"":{""code"":""keyword"",""label"":""Keyword"",""type"":""concept"",""groupName"":""Categorisation"",""hidden"":false,""ord"":18,""allowedVocabularies"":[{""code"":""sshoc-keyword"",""scheme"":""https://vocabs.sshopencloud.eu/vocabularies/sshomp-keyword/"",""namespace"":""https://vocabs.sshopencloud.eu/vocabularies/sshomp-keyword/"",""label"":""Keywords from SSHOMP"",""closed"":false}]},""concept"":{""code"":""GSL+synonyms"",""vocabulary"":{""code"":""sshoc-keyword"",""scheme"":""https://vocabs.sshopencloud.eu/vocabularies/sshomp-keyword/"",""namespace"":""https://vocabs.sshopencloud.eu/vocabularies/sshomp-keyword/"",""label"":""Keywords from SSHOMP"",""closed"":false},""label"":""GSL synonyms"",""notation"":"""",""uri"":""https://vocabs.sshopencloud.eu/vocabularies/sshomp-keyword/GSL+synonyms"",""candidate"":false}},{""type"":{""code"":""keyword"",""label"":""Keyword"",""type"":""concept"",""groupName"":""Categorisation"",""hidden"":false,""ord"":18,""allowedVocabularies"":[{""code"":""sshoc-keyword"",""scheme"":""https://vocabs.sshopencloud.eu/vocabularies/sshomp-keyword/"",""namespace"":""https://vocabs.sshopencloud.eu/vocabularies/sshomp-keyword/"",""label"":""Keywords from SSHOMP"",""closed"":false}]},""concept"":{""code"":""usage+examples"",""vocabulary"":{""code"":""sshoc-keyword"",""scheme"":""https://vocabs.sshopencloud.eu/vocabularies/sshomp-keyword/"",""namespace"":""https://vocabs.sshopencloud.eu/vocabularies/sshomp-keyword/"",""label"":""Keywords from SSHOMP"",""closed"":false},""label"":""usage examples"",""notation"":"""",""uri"":""https://vocabs.sshopencloud.eu/vocabularies/sshomp-keyword/usage+examples"",""candidate"":false}},{""type"":{""code"":""language"",""label"":""Language"",""type"":""concept"",""groupName"":""Categorisation"",""hidden"":false,""ord"":20,""allowedVocabularies"":[{""code"":""iso-639-3"",""scheme"":""https://vocabs.acdh.oeaw.ac.at/iso6393/Schema"",""namespace"":""https://vocabs.acdh.oeaw.ac.at/iso6393/"",""label"":""ISO 639-3 Language Codes"",""closed"":true}]},""concept"":{""code"":""ell"",""vocabulary"":{""code"":""iso-639-3"",""scheme"":""https://vocabs.acdh.oeaw.ac.at/iso6393/Schema"",""namespace"":""https://vocabs.acdh.oeaw.ac.at/iso6393/"",""label"":""ISO 639-3 Language Codes"",""closed"":true},""label"":""Modern Greek (1453-)"",""notation"":"""",""uri"":""https://vocabs.acdh.oeaw.ac.at/iso6393/ell"",""candidate"":false}}]",[],"[""http://sign.ilsp.gr/signilsp-site/index.php/el/noima/""]",,[],[],5,System moderator,System Moderator,enabled,2021-09-03T13:37:00+0000,system-moderator,True,,,,,,,,,,,,,,,,,,,,,,,,,
dataset/HXbNFe,76564,dataset,NOEMA+,HXbNFe,2025-07-04T10:15:56+0000,approved,"This is an online dictionary of lemmas taken from three previously developed resources, namely (i) the [NOEMA DB](http://archive.ilsp.gr/en/services-products/products/item/1-langtechn/2-noema), from which it incorporates 3,000 revised entries, (ii) the GSL segment of the [Dicta Sign Corpus](http://hdl.handle.net/11500/ATHENA-0000-0000-28C5-5), from which it incorporates 2,000 entries, and the [POLYTROPON Parallel Corpus](http://hdl.handle.net/11500/ATHENA-0000-0000-4C77-6) corpus, from which it incorporates 3,616 new entries.
The lexicon is available for online browsing through an interface provided by the CLARIN:EL consortium.",[],"[{""type"":{""code"":""extent"",""label"":""Extent"",""type"":""string"",""groupName"":""Categorisation"",""hidden"":false,""ord"":26},""value"":""8,616 lemmas""},{""type"":{""code"":""keyword"",""label"":""Keyword"",""type"":""concept"",""groupName"":""Categorisation"",""hidden"":false,""ord"":18,""allowedVocabularies"":[{""code"":""sshoc-keyword"",""scheme"":""https://vocabs.sshopencloud.eu/vocabularies/sshomp-keyword/"",""namespace"":""https://vocabs.sshopencloud.eu/vocabularies/sshomp-keyword/"",""label"":""Keywords from SSHOMP"",""closed"":false}]},""concept"":{""code"":""Sign+language+resources"",""vocabulary"":{""code"":""sshoc-keyword"",""scheme"":""https://vocabs.sshopencloud.eu/vocabularies/sshomp-keyword/"",""namespace"":""https://vocabs.sshopencloud.eu/vocabularies/sshomp-keyword/"",""label"":""Keywords from SSHOMP"",""closed"":false},""label"":""Sign language resources"",""notation"":"""",""uri"":""https://vocabs.sshopencloud.eu/vocabularies/sshomp-keyword/Sign+language+resources"",""candidate"":false}},{""type"":{""code"":""terms-of-use"",""label"":""Terms Of Use"",""type"":""string"",""groupName"":""Access"",""hidden"":false,""ord"":3},""value"":""Freely accessible""},{""type"":{""code"":""see-also"",""label"":""See also"",""type"":""url"",""groupName"":""Context"",""hidden"":false,""ord"":30},""value"":""http://sign.ilsp.gr/signilsp-site/index.php/el/noima/""}]",[],"[""http://sign.ilsp.gr/signilsp-site/index.php/el/noima/""]",corpora%2Fsign-language-resources%2Fnoema-plus.json,[],[],764,DACE Importer,DACE Importer,enabled,2022-07-26T14:42:54+0000,system-moderator,True,652.0,CLARIN Resource Families,https://github.com/clarin-eric/clarin-resource-families,https://github.com/clarin-eric/clarin-resource-families/blob/main/{source-item-id},,,,,,,,,,,,,,,,,,,,,
dataset/z9gTvv,76138,dataset,Old Bailey Corpus,z9gTvv,2025-07-04T10:14:10+0000,approved,"This historical corpus consists of [Proceedings of the Old Bailey](http://www.oldbaileyonline.org/); the Old Bailey was London’s central criminal court between 1674 and 1913. The corpus consists of texts from 1970 to 1913, and is annotated for detailed utterance-level sociolinguistic annotation at the following three levels: sociobiographical speaker information (gender, age, occupation, social class), pragmatic information (speaker role in the courtroom such as judge, witness, etc.), and metatextual information (the scribe, printer, and publisher of the individual Proceeding).
The corpus is available for download from CLARIN-D (Saarland University) and for online browsing through CQPWeb.",[],"[{""type"":{""code"":""extent"",""label"":""Extent"",""type"":""string"",""groupName"":""Categorisation"",""hidden"":false,""ord"":26},""value"":""24.4 million words""},{""type"":{""code"":""keyword"",""label"":""Keyword"",""type"":""concept"",""groupName"":""Categorisation"",""hidden"":false,""ord"":18,""allowedVocabularies"":[{""code"":""sshoc-keyword"",""scheme"":""https://vocabs.sshopencloud.eu/vocabularies/sshomp-keyword/"",""namespace"":""https://vocabs.sshopencloud.eu/vocabularies/sshomp-keyword/"",""label"":""Keywords from SSHOMP"",""closed"":false}]},""concept"":{""code"":""sociolinguistic+annotation"",""vocabulary"":{""code"":""sshoc-keyword"",""scheme"":""https://vocabs.sshopencloud.eu/vocabularies/sshomp-keyword/"",""namespace"":""https://vocabs.sshopencloud.eu/vocabularies/sshomp-keyword/"",""label"":""Keywords from SSHOMP"",""closed"":false},""label"":""sociolinguistic annotation"",""notation"":"""",""uri"":""https://vocabs.sshopencloud.eu/vocabularies/sshomp-keyword/sociolinguistic+annotation"",""candidate"":false}},{""type"":{""code"":""keyword"",""label"":""Keyword"",""type"":""concept"",""groupName"":""Categorisation"",""hidden"":false,""ord"":18,""allowedVocabularies"":[{""code"":""sshoc-keyword"",""scheme"":""https://vocabs.sshopencloud.eu/vocabularies/sshomp-keyword/"",""namespace"":""https://vocabs.sshopencloud.eu/vocabularies/sshomp-keyword/"",""label"":""Keywords from SSHOMP"",""closed"":false}]},""concept"":{""code"":""Legal+corpora"",""vocabulary"":{""code"":""sshoc-keyword"",""scheme"":""https://vocabs.sshopencloud.eu/vocabularies/sshomp-keyword/"",""namespace"":""https://vocabs.sshopencloud.eu/vocabularies/sshomp-keyword/"",""label"":""Keywords from SSHOMP"",""closed"":false},""label"":""Legal corpora"",""notation"":"""",""uri"":""https://vocabs.sshopencloud.eu/vocabularies/sshomp-keyword/Legal+corpora"",""candidate"":false}},{""type"":{""code"":""terms-of-use"",""label"":""Terms Of Use"",""type"":""string"",""groupName"":""Access"",""hidden"":false,""ord"":3},""value"":""CC BY-NC-SA 4.0""},{""type"":{""code"":""see-also"",""label"":""See also"",""type"":""url"",""groupName"":""Context"",""hidden"":false,""ord"":30},""value"":""http://fedora.clarin-d.uni-saarland.de/oldbailey/downloads.html""},{""type"":{""code"":""see-also"",""label"":""See also"",""type"":""url"",""groupName"":""Context"",""hidden"":false,""ord"":30},""value"":""http://corpora.clarin-d.uni-saarland.de/cqpweb""}]",[],"[""http://hdl.handle.net/11858/00-246C-0000-0023-8CFB-2""]",corpora%2Flegal-corpora%2Fold-bailey.json,[],[],764,DACE Importer,DACE Importer,enabled,2022-07-26T14:42:54+0000,system-moderator,True,652.0,CLARIN Resource Families,https://github.com/clarin-eric/clarin-resource-families,https://github.com/clarin-eric/clarin-resource-families/blob/main/{source-item-id},,,,,,,,,,,,,,,,,,,,,
dataset/D0mHVr,76536,dataset,Parallel Global Voices,D0mHVr,2025-07-04T10:15:49+0000,approved,"This corpus contains texts crawled from the Global Voices webpage.
The corpus is available for download from a dedicated webpage.",[],"[{""type"":{""code"":""extent"",""label"":""Extent"",""type"":""string"",""groupName"":""Categorisation"",""hidden"":false,""ord"":26},""value"":""174,629 documents""},{""type"":{""code"":""keyword"",""label"":""Keyword"",""type"":""concept"",""groupName"":""Categorisation"",""hidden"":false,""ord"":18,""allowedVocabularies"":[{""code"":""sshoc-keyword"",""scheme"":""https://vocabs.sshopencloud.eu/vocabularies/sshomp-keyword/"",""namespace"":""https://vocabs.sshopencloud.eu/vocabularies/sshomp-keyword/"",""label"":""Keywords from SSHOMP"",""closed"":false}]},""concept"":{""code"":""sentence+aligned"",""vocabulary"":{""code"":""sshoc-keyword"",""scheme"":""https://vocabs.sshopencloud.eu/vocabularies/sshomp-keyword/"",""namespace"":""https://vocabs.sshopencloud.eu/vocabularies/sshomp-keyword/"",""label"":""Keywords from SSHOMP"",""closed"":false},""label"":""sentence aligned"",""notation"":"""",""uri"":""https://vocabs.sshopencloud.eu/vocabularies/sshomp-keyword/sentence+aligned"",""candidate"":false}},{""type"":{""code"":""keyword"",""label"":""Keyword"",""type"":""concept"",""groupName"":""Categorisation"",""hidden"":false,""ord"":18,""allowedVocabularies"":[{""code"":""sshoc-keyword"",""scheme"":""https://vocabs.sshopencloud.eu/vocabularies/sshomp-keyword/"",""namespace"":""https://vocabs.sshopencloud.eu/vocabularies/sshomp-keyword/"",""label"":""Keywords from SSHOMP"",""closed"":false}]},""concept"":{""code"":""Parallel+corpora"",""vocabulary"":{""code"":""sshoc-keyword"",""scheme"":""https://vocabs.sshopencloud.eu/vocabularies/sshomp-keyword/"",""namespace"":""https://vocabs.sshopencloud.eu/vocabularies/sshomp-keyword/"",""label"":""Keywords from SSHOMP"",""closed"":false},""label"":""Parallel corpora"",""notation"":"""",""uri"":""https://vocabs.sshopencloud.eu/vocabularies/sshomp-keyword/Parallel+corpora"",""candidate"":false}},{""type"":{""code"":""terms-of-use"",""label"":""Terms Of Use"",""type"":""string"",""groupName"":""Access"",""hidden"":false,""ord"":3},""value"":""CC-BY""},{""type"":{""code"":""see-also"",""label"":""See also"",""type"":""url"",""groupName"":""Context"",""hidden"":false,""ord"":30},""value"":""http://nlp.ilsp.gr/pgv/""}]",[],"[""http://hdl.grnet.gr/11500/ATHENA-0000-0000-25DD-E""]",corpora%2Fparallel-corpora%2Fpara-global-voices.json,[],[],764,DACE Importer,DACE Importer,enabled,2022-07-26T14:42:54+0000,system-moderator,True,652.0,CLARIN Resource Families,https://github.com/clarin-eric/clarin-resource-families,https://github.com/clarin-eric/clarin-resource-families/blob/main/{source-item-id},,,,,,,,,,,,,,,,,,,,,
dataset/3DkLbM,76719,dataset,Parallel Global Voices,3DkLbM,2025-07-04T10:16:40+0000,approved,"This corpus contains articles from the https://globalvoices.org/ website, where volunteers publish and translate news stories in more than 40 languages.",[],"[{""type"":{""code"":""extent"",""label"":""Extent"",""type"":""string"",""groupName"":""Categorisation"",""hidden"":false,""ord"":26},""value"":""8 million units""},{""type"":{""code"":""keyword"",""label"":""Keyword"",""type"":""concept"",""groupName"":""Categorisation"",""hidden"":false,""ord"":18,""allowedVocabularies"":[{""code"":""sshoc-keyword"",""scheme"":""https://vocabs.sshopencloud.eu/vocabularies/sshomp-keyword/"",""namespace"":""https://vocabs.sshopencloud.eu/vocabularies/sshomp-keyword/"",""label"":""Keywords from SSHOMP"",""closed"":false}]},""concept"":{""code"":""Newspaper+corpora"",""vocabulary"":{""code"":""sshoc-keyword"",""scheme"":""https://vocabs.sshopencloud.eu/vocabularies/sshomp-keyword/"",""namespace"":""https://vocabs.sshopencloud.eu/vocabularies/sshomp-keyword/"",""label"":""Keywords from SSHOMP"",""closed"":false},""label"":""Newspaper corpora"",""notation"":"""",""uri"":""https://vocabs.sshopencloud.eu/vocabularies/sshomp-keyword/Newspaper+corpora"",""candidate"":false}},{""type"":{""code"":""terms-of-use"",""label"":""Terms Of Use"",""type"":""string"",""groupName"":""Access"",""hidden"":false,""ord"":3},""value"":""CC BY""},{""type"":{""code"":""see-also"",""label"":""See also"",""type"":""url"",""groupName"":""Context"",""hidden"":false,""ord"":30},""value"":""http://hdl.grnet.gr/11500/ATHENA-0000-0000-25DD-E""}]",[],"[""http://hdl.grnet.gr/11500/ATHENA-0000-0000-25DD-E""]",corpora%2Fnewspaper-corpora%2Fparallel-global.json,[],[],764,DACE Importer,DACE Importer,enabled,2022-07-26T14:42:54+0000,system-moderator,True,652.0,CLARIN Resource Families,https://github.com/clarin-eric/clarin-resource-families,https://github.com/clarin-eric/clarin-resource-families/blob/main/{source-item-id},,,,,,,,,,,,,,,,,,,,,
dataset/pjPwXf,77481,dataset,Parliamentary corpus of first Yugoslavia (1919-1939) yu1Parl 1.0,pjPwXf,2025-07-04T12:02:59+0000,approved,"This historical parliamentary corpus contains meeting proceedings of the National Representation of the Kingdom of Yugoslavia from 191 to 1939. The corpus comprises 714 sessions.
The source data (scanned images of printed Stenographic Minutes) come from the [History of Slovenia - SIstory](https://www.sistory.si) portal. The images were OCR processed and the results saved as pdf, docx and txt. The documents are multilingual, in Serbo-Croatian and Slovenian, depending on the speaker. Serbo-Croatian is typeset in the Cyrillic (Serbian) or in the Latin (Croatian) alphabet.
The documents were automatically processed and the following data extracted: titles, agenda, attending, start and end of the session, speakers, and comments. [Lingua](https://github.com/pemistahl/lingua-py) was used for language detection on the sentence level. Roughly 59% of sentences are in Serbian (Cyrillic script), 38% in Croatian (Latin script) and 3% in Slovenian. Some sentences in German and French were also detected. Linguistic annotation (tokenisation, MSD tagging and lemmatisation) was added using [CLASSLA](https://github.com/clarinsi/classla) for Serbian, Croatian and Slovenian. Words in Serbian (Cyrillic script) have lemmas in Latin script.
The corpus is available for download from the CLARIN.SI repository as well as for online browsing through the noSketch Engine and KonText concordancers.",[],"[{""type"":{""code"":""language"",""label"":""Language"",""type"":""concept"",""groupName"":""Categorisation"",""hidden"":false,""ord"":20,""allowedVocabularies"":[{""code"":""iso-639-3"",""scheme"":""https://vocabs.acdh.oeaw.ac.at/iso6393/Schema"",""namespace"":""https://vocabs.acdh.oeaw.ac.at/iso6393/"",""label"":""ISO 639-3 Language Codes"",""closed"":true}]},""concept"":{""code"":""hrv"",""vocabulary"":{""code"":""iso-639-3"",""scheme"":""https://vocabs.acdh.oeaw.ac.at/iso6393/Schema"",""namespace"":""https://vocabs.acdh.oeaw.ac.at/iso6393/"",""label"":""ISO 639-3 Language Codes"",""closed"":true},""label"":""Croatian"",""notation"":"""",""uri"":""https://vocabs.acdh.oeaw.ac.at/iso6393/hrv"",""candidate"":false}},{""type"":{""code"":""language"",""label"":""Language"",""type"":""concept"",""groupName"":""Categorisation"",""hidden"":false,""ord"":20,""allowedVocabularies"":[{""code"":""iso-639-3"",""scheme"":""https://vocabs.acdh.oeaw.ac.at/iso6393/Schema"",""namespace"":""https://vocabs.acdh.oeaw.ac.at/iso6393/"",""label"":""ISO 639-3 Language Codes"",""closed"":true}]},""concept"":{""code"":""srp"",""vocabulary"":{""code"":""iso-639-3"",""scheme"":""https://vocabs.acdh.oeaw.ac.at/iso6393/Schema"",""namespace"":""https://vocabs.acdh.oeaw.ac.at/iso6393/"",""label"":""ISO 639-3 Language Codes"",""closed"":true},""label"":""Serbian"",""notation"":"""",""uri"":""https://vocabs.acdh.oeaw.ac.at/iso6393/srp"",""candidate"":false}},{""type"":{""code"":""language"",""label"":""Language"",""type"":""concept"",""groupName"":""Categorisation"",""hidden"":false,""ord"":20,""allowedVocabularies"":[{""code"":""iso-639-3"",""scheme"":""https://vocabs.acdh.oeaw.ac.at/iso6393/Schema"",""namespace"":""https://vocabs.acdh.oeaw.ac.at/iso6393/"",""label"":""ISO 639-3 Language Codes"",""closed"":true}]},""concept"":{""code"":""slv"",""vocabulary"":{""code"":""iso-639-3"",""scheme"":""https://vocabs.acdh.oeaw.ac.at/iso6393/Schema"",""namespace"":""https://vocabs.acdh.oeaw.ac.at/iso6393/"",""label"":""ISO 639-3 Language Codes"",""closed"":true},""label"":""Slovenian"",""notation"":"""",""uri"":""https://vocabs.acdh.oeaw.ac.at/iso6393/slv"",""candidate"":false}},{""type"":{""code"":""extent"",""label"":""Extent"",""type"":""string"",""groupName"":""Categorisation"",""hidden"":false,""ord"":26},""value"":""34,542 utterances""},{""type"":{""code"":""extent"",""label"":""Extent"",""type"":""string"",""groupName"":""Categorisation"",""hidden"":false,""ord"":26},""value"":""578,958 sentences""},{""type"":{""code"":""extent"",""label"":""Extent"",""type"":""string"",""groupName"":""Categorisation"",""hidden"":false,""ord"":26},""value"":""13,271,885 words""},{""type"":{""code"":""extent"",""label"":""Extent"",""type"":""string"",""groupName"":""Categorisation"",""hidden"":false,""ord"":26},""value"":""15,403 pages""},{""type"":{""code"":""keyword"",""label"":""Keyword"",""type"":""concept"",""groupName"":""Categorisation"",""hidden"":false,""ord"":18,""allowedVocabularies"":[{""code"":""sshoc-keyword"",""scheme"":""https://vocabs.sshopencloud.eu/vocabularies/sshomp-keyword/"",""namespace"":""https://vocabs.sshopencloud.eu/vocabularies/sshomp-keyword/"",""label"":""Keywords from SSHOMP"",""closed"":false}]},""concept"":{""code"":""tokenised"",""vocabulary"":{""code"":""sshoc-keyword"",""scheme"":""https://vocabs.sshopencloud.eu/vocabularies/sshomp-keyword/"",""namespace"":""https://vocabs.sshopencloud.eu/vocabularies/sshomp-keyword/"",""label"":""Keywords from SSHOMP"",""closed"":false},""label"":""tokenised"",""notation"":"""",""uri"":""https://vocabs.sshopencloud.eu/vocabularies/sshomp-keyword/tokenised"",""candidate"":false}},{""type"":{""code"":""keyword"",""label"":""Keyword"",""type"":""concept"",""groupName"":""Categorisation"",""hidden"":false,""ord"":18,""allowedVocabularies"":[{""code"":""sshoc-keyword"",""scheme"":""https://vocabs.sshopencloud.eu/vocabularies/sshomp-keyword/"",""namespace"":""https://vocabs.sshopencloud.eu/vocabularies/sshomp-keyword/"",""label"":""Keywords from SSHOMP"",""closed"":false}]},""concept"":{""code"":""lemmatised"",""vocabulary"":{""code"":""sshoc-keyword"",""scheme"":""https://vocabs.sshopencloud.eu/vocabularies/sshomp-keyword/"",""namespace"":""https://vocabs.sshopencloud.eu/vocabularies/sshomp-keyword/"",""label"":""Keywords from SSHOMP"",""closed"":false},""label"":""lemmatised"",""notation"":"""",""uri"":""https://vocabs.sshopencloud.eu/vocabularies/sshomp-keyword/lemmatised"",""candidate"":false}},{""type"":{""code"":""keyword"",""label"":""Keyword"",""type"":""concept"",""groupName"":""Categorisation"",""hidden"":false,""ord"":18,""allowedVocabularies"":[{""code"":""sshoc-keyword"",""scheme"":""https://vocabs.sshopencloud.eu/vocabularies/sshomp-keyword/"",""namespace"":""https://vocabs.sshopencloud.eu/vocabularies/sshomp-keyword/"",""label"":""Keywords from SSHOMP"",""closed"":false}]},""concept"":{""code"":""historical_corpora"",""vocabulary"":{""code"":""sshoc-keyword"",""scheme"":""https://vocabs.sshopencloud.eu/vocabularies/sshomp-keyword/"",""namespace"":""https://vocabs.sshopencloud.eu/vocabularies/sshomp-keyword/"",""label"":""Keywords from SSHOMP"",""closed"":false},""label"":""Historical Corpora"",""notation"":"""",""uri"":""https://vocabs.sshopencloud.eu/vocabularies/sshomp-keyword/historical_corpora"",""candidate"":false}},{""type"":{""code"":""terms-of-use"",""label"":""Terms Of Use"",""type"":""string"",""groupName"":""Access"",""hidden"":false,""ord"":3},""value"":""CC BY 4.0""},{""type"":{""code"":""see-also"",""label"":""See also"",""type"":""url"",""groupName"":""Context"",""hidden"":false,""ord"":30},""value"":""http://hdl.handle.net/11356/1845""}]",[],"[""http://hdl.handle.net/11356/1845""]",corpora%2Fhistorical-corpora%2Fyu1parl.json,"[{""id"":77662,""persistentId"":""RW7100"",""category"":""tool-or-service"",""label"":""KonText"",""description"":""KonText is a basic web application for querying corpora available within the LINDAT/CLARIAH-CZ project. It allows evaluation of simple and complex queries, displaying their results as concordance lines, computing frequency distribution, calculating association measures for collocations and further work with language data."",""relation"":{""code"":""relates-to"",""label"":""Relates to"",""inverseOf"":""is-related-to""}}]",[],1,Administrator,Administrator,enabled,2021-05-28T15:28:06+0000,administrator,True,652.0,CLARIN Resource Families,https://github.com/clarin-eric/clarin-resource-families,https://github.com/clarin-eric/clarin-resource-families/blob/main/{source-item-id},,,,,,,,,,,,,,,,,,,,,
dataset/04BIwz,77483,dataset,Parliamentary corpus of first Yugoslavia (1919-1939) yu1Parl 1.0,04BIwz,2025-07-04T12:03:00+0000,approved,"This historical parliamentary corpus contains meeting proceedings of the National Representation of the Kingdom of Yugoslavia from 191 to 1939. The corpus comprises 714 sessions.
The source data (scanned images of printed Stenographic Minutes) come from the [History of Slovenia - SIstory](https://www.sistory.si) portal. The images were OCR processed and the results saved as pdf, docx and txt. The documents are multilingual, in Serbo-Croatian and Slovenian, depending on the speaker. Serbo-Croatian is typeset in the Cyrillic (Serbian) or in the Latin (Croatian) alphabet.
The documents were automatically processed and the following data extracted: titles, agenda, attending, start and end of the session, speakers, and comments. [Lingua](https://github.com/pemistahl/lingua-py) was used for language detection on the sentence level. Roughly 59% of sentences are in Serbian (Cyrillic script), 38% in Croatian (Latin script) and 3% in Slovenian. Some sentences in German and French were also detected. Linguistic annotation (tokenisation, MSD tagging and lemmatisation) was added using [CLASSLA](https://github.com/clarinsi/classla) for Serbian, Croatian and Slovenian. Words in Serbian (Cyrillic script) have lemmas in Latin script.
 The corpus is available for download from the CLARIN.SI repository as well as for online browsing through the noSketch Engine and KonText concordancers.",[],"[{""type"":{""code"":""language"",""label"":""Language"",""type"":""concept"",""groupName"":""Categorisation"",""hidden"":false,""ord"":20,""allowedVocabularies"":[{""code"":""iso-639-3"",""scheme"":""https://vocabs.acdh.oeaw.ac.at/iso6393/Schema"",""namespace"":""https://vocabs.acdh.oeaw.ac.at/iso6393/"",""label"":""ISO 639-3 Language Codes"",""closed"":true}]},""concept"":{""code"":""hrv"",""vocabulary"":{""code"":""iso-639-3"",""scheme"":""https://vocabs.acdh.oeaw.ac.at/iso6393/Schema"",""namespace"":""https://vocabs.acdh.oeaw.ac.at/iso6393/"",""label"":""ISO 639-3 Language Codes"",""closed"":true},""label"":""Croatian"",""notation"":"""",""uri"":""https://vocabs.acdh.oeaw.ac.at/iso6393/hrv"",""candidate"":false}},{""type"":{""code"":""language"",""label"":""Language"",""type"":""concept"",""groupName"":""Categorisation"",""hidden"":false,""ord"":20,""allowedVocabularies"":[{""code"":""iso-639-3"",""scheme"":""https://vocabs.acdh.oeaw.ac.at/iso6393/Schema"",""namespace"":""https://vocabs.acdh.oeaw.ac.at/iso6393/"",""label"":""ISO 639-3 Language Codes"",""closed"":true}]},""concept"":{""code"":""srp"",""vocabulary"":{""code"":""iso-639-3"",""scheme"":""https://vocabs.acdh.oeaw.ac.at/iso6393/Schema"",""namespace"":""https://vocabs.acdh.oeaw.ac.at/iso6393/"",""label"":""ISO 639-3 Language Codes"",""closed"":true},""label"":""Serbian"",""notation"":"""",""uri"":""https://vocabs.acdh.oeaw.ac.at/iso6393/srp"",""candidate"":false}},{""type"":{""code"":""language"",""label"":""Language"",""type"":""concept"",""groupName"":""Categorisation"",""hidden"":false,""ord"":20,""allowedVocabularies"":[{""code"":""iso-639-3"",""scheme"":""https://vocabs.acdh.oeaw.ac.at/iso6393/Schema"",""namespace"":""https://vocabs.acdh.oeaw.ac.at/iso6393/"",""label"":""ISO 639-3 Language Codes"",""closed"":true}]},""concept"":{""code"":""slv"",""vocabulary"":{""code"":""iso-639-3"",""scheme"":""https://vocabs.acdh.oeaw.ac.at/iso6393/Schema"",""namespace"":""https://vocabs.acdh.oeaw.ac.at/iso6393/"",""label"":""ISO 639-3 Language Codes"",""closed"":true},""label"":""Slovenian"",""notation"":"""",""uri"":""https://vocabs.acdh.oeaw.ac.at/iso6393/slv"",""candidate"":false}},{""type"":{""code"":""extent"",""label"":""Extent"",""type"":""string"",""groupName"":""Categorisation"",""hidden"":false,""ord"":26},""value"":""34,542 utterances""},{""type"":{""code"":""extent"",""label"":""Extent"",""type"":""string"",""groupName"":""Categorisation"",""hidden"":false,""ord"":26},""value"":""578,958 sentences""},{""type"":{""code"":""extent"",""label"":""Extent"",""type"":""string"",""groupName"":""Categorisation"",""hidden"":false,""ord"":26},""value"":""13,271,885 words""},{""type"":{""code"":""extent"",""label"":""Extent"",""type"":""string"",""groupName"":""Categorisation"",""hidden"":false,""ord"":26},""value"":""15,403 pages""},{""type"":{""code"":""keyword"",""label"":""Keyword"",""type"":""concept"",""groupName"":""Categorisation"",""hidden"":false,""ord"":18,""allowedVocabularies"":[{""code"":""sshoc-keyword"",""scheme"":""https://vocabs.sshopencloud.eu/vocabularies/sshomp-keyword/"",""namespace"":""https://vocabs.sshopencloud.eu/vocabularies/sshomp-keyword/"",""label"":""Keywords from SSHOMP"",""closed"":false}]},""concept"":{""code"":""tokenised"",""vocabulary"":{""code"":""sshoc-keyword"",""scheme"":""https://vocabs.sshopencloud.eu/vocabularies/sshomp-keyword/"",""namespace"":""https://vocabs.sshopencloud.eu/vocabularies/sshomp-keyword/"",""label"":""Keywords from SSHOMP"",""closed"":false},""label"":""tokenised"",""notation"":"""",""uri"":""https://vocabs.sshopencloud.eu/vocabularies/sshomp-keyword/tokenised"",""candidate"":false}},{""type"":{""code"":""keyword"",""label"":""Keyword"",""type"":""concept"",""groupName"":""Categorisation"",""hidden"":false,""ord"":18,""allowedVocabularies"":[{""code"":""sshoc-keyword"",""scheme"":""https://vocabs.sshopencloud.eu/vocabularies/sshomp-keyword/"",""namespace"":""https://vocabs.sshopencloud.eu/vocabularies/sshomp-keyword/"",""label"":""Keywords from SSHOMP"",""closed"":false}]},""concept"":{""code"":""lemmatised"",""vocabulary"":{""code"":""sshoc-keyword"",""scheme"":""https://vocabs.sshopencloud.eu/vocabularies/sshomp-keyword/"",""namespace"":""https://vocabs.sshopencloud.eu/vocabularies/sshomp-keyword/"",""label"":""Keywords from SSHOMP"",""closed"":false},""label"":""lemmatised"",""notation"":"""",""uri"":""https://vocabs.sshopencloud.eu/vocabularies/sshomp-keyword/lemmatised"",""candidate"":false}},{""type"":{""code"":""keyword"",""label"":""Keyword"",""type"":""concept"",""groupName"":""Categorisation"",""hidden"":false,""ord"":18,""allowedVocabularies"":[{""code"":""sshoc-keyword"",""scheme"":""https://vocabs.sshopencloud.eu/vocabularies/sshomp-keyword/"",""namespace"":""https://vocabs.sshopencloud.eu/vocabularies/sshomp-keyword/"",""label"":""Keywords from SSHOMP"",""closed"":false}]},""concept"":{""code"":""Parliamentary+corpora"",""vocabulary"":{""code"":""sshoc-keyword"",""scheme"":""https://vocabs.sshopencloud.eu/vocabularies/sshomp-keyword/"",""namespace"":""https://vocabs.sshopencloud.eu/vocabularies/sshomp-keyword/"",""label"":""Keywords from SSHOMP"",""closed"":false},""label"":""Parliamentary corpora"",""notation"":"""",""uri"":""https://vocabs.sshopencloud.eu/vocabularies/sshomp-keyword/Parliamentary+corpora"",""candidate"":false}},{""type"":{""code"":""terms-of-use"",""label"":""Terms Of Use"",""type"":""string"",""groupName"":""Access"",""hidden"":false,""ord"":3},""value"":""CC BY 4.0""},{""type"":{""code"":""see-also"",""label"":""See also"",""type"":""url"",""groupName"":""Context"",""hidden"":false,""ord"":30},""value"":""http://hdl.handle.net/11356/1845""}]",[],"[""http://hdl.handle.net/11356/1845""]",corpora%2Fparliamentary-corpora%2Fyu1parl.json,"[{""id"":77662,""persistentId"":""RW7100"",""category"":""tool-or-service"",""label"":""KonText"",""description"":""KonText is a basic web application for querying corpora available within the LINDAT/CLARIAH-CZ project. It allows evaluation of simple and complex queries, displaying their results as concordance lines, computing frequency distribution, calculating association measures for collocations and further work with language data."",""relation"":{""code"":""relates-to"",""label"":""Relates to"",""inverseOf"":""is-related-to""}}]",[],1,Administrator,Administrator,enabled,2021-05-28T15:28:06+0000,administrator,True,652.0,CLARIN Resource Families,https://github.com/clarin-eric/clarin-resource-families,https://github.com/clarin-eric/clarin-resource-families/blob/main/{source-item-id},,,,,,,,,,,,,,,,,,,,,
dataset/jaQcnm,76375,dataset,ParRus,jaQcnm,2025-07-04T10:15:10+0000,approved,"This corpus contains texts from classical and 20th century literature.
The corpus is available through the concordancer Korp.",[],"[{""type"":{""code"":""extent"",""label"":""Extent"",""type"":""string"",""groupName"":""Categorisation"",""hidden"":false,""ord"":26},""value"":""5.9 million tokens""},{""type"":{""code"":""keyword"",""label"":""Keyword"",""type"":""concept"",""groupName"":""Categorisation"",""hidden"":false,""ord"":18,""allowedVocabularies"":[{""code"":""sshoc-keyword"",""scheme"":""https://vocabs.sshopencloud.eu/vocabularies/sshomp-keyword/"",""namespace"":""https://vocabs.sshopencloud.eu/vocabularies/sshomp-keyword/"",""label"":""Keywords from SSHOMP"",""closed"":false}]},""concept"":{""code"":""tokenised"",""vocabulary"":{""code"":""sshoc-keyword"",""scheme"":""https://vocabs.sshopencloud.eu/vocabularies/sshomp-keyword/"",""namespace"":""https://vocabs.sshopencloud.eu/vocabularies/sshomp-keyword/"",""label"":""Keywords from SSHOMP"",""closed"":false},""label"":""tokenised"",""notation"":"""",""uri"":""https://vocabs.sshopencloud.eu/vocabularies/sshomp-keyword/tokenised"",""candidate"":false}},{""type"":{""code"":""keyword"",""label"":""Keyword"",""type"":""concept"",""groupName"":""Categorisation"",""hidden"":false,""ord"":18,""allowedVocabularies"":[{""code"":""sshoc-keyword"",""scheme"":""https://vocabs.sshopencloud.eu/vocabularies/sshomp-keyword/"",""namespace"":""https://vocabs.sshopencloud.eu/vocabularies/sshomp-keyword/"",""label"":""Keywords from SSHOMP"",""closed"":false}]},""concept"":{""code"":""Parallel+corpora"",""vocabulary"":{""code"":""sshoc-keyword"",""scheme"":""https://vocabs.sshopencloud.eu/vocabularies/sshomp-keyword/"",""namespace"":""https://vocabs.sshopencloud.eu/vocabularies/sshomp-keyword/"",""label"":""Keywords from SSHOMP"",""closed"":false},""label"":""Parallel corpora"",""notation"":"""",""uri"":""https://vocabs.sshopencloud.eu/vocabularies/sshomp-keyword/Parallel+corpora"",""candidate"":false}},{""type"":{""code"":""terms-of-use"",""label"":""Terms Of Use"",""type"":""string"",""groupName"":""Access"",""hidden"":false,""ord"":3},""value"":""CLARIN RES""}]",[],"[""http://urn.fi/urn:nbn:fi:lb-20140730173""]",corpora%2Fparallel-corpora%2Fparrus.json,[],[],764,DACE Importer,DACE Importer,enabled,2022-07-26T14:42:54+0000,system-moderator,True,652.0,CLARIN Resource Families,https://github.com/clarin-eric/clarin-resource-families,https://github.com/clarin-eric/clarin-resource-families/blob/main/{source-item-id},,,,,,,,,,,,,,,,,,,,,
dataset/nd2PoZ,76882,dataset,"ParRus 2016, Russian-Finnish Parallel Corpus of Literary Texts",nd2PoZ,2025-07-04T10:17:18+0000,approved,"This corpus contains Russian literary texts (classical literature & 20th century) and their translations into Finnish aligned at paragraph level.
The corpus is available for online browsing through Korp.",[],"[{""type"":{""code"":""language"",""label"":""Language"",""type"":""concept"",""groupName"":""Categorisation"",""hidden"":false,""ord"":20,""allowedVocabularies"":[{""code"":""iso-639-3"",""scheme"":""https://vocabs.acdh.oeaw.ac.at/iso6393/Schema"",""namespace"":""https://vocabs.acdh.oeaw.ac.at/iso6393/"",""label"":""ISO 639-3 Language Codes"",""closed"":true}]},""concept"":{""code"":""fin"",""vocabulary"":{""code"":""iso-639-3"",""scheme"":""https://vocabs.acdh.oeaw.ac.at/iso6393/Schema"",""namespace"":""https://vocabs.acdh.oeaw.ac.at/iso6393/"",""label"":""ISO 639-3 Language Codes"",""closed"":true},""label"":""Finnish"",""notation"":"""",""uri"":""https://vocabs.acdh.oeaw.ac.at/iso6393/fin"",""candidate"":false}},{""type"":{""code"":""language"",""label"":""Language"",""type"":""concept"",""groupName"":""Categorisation"",""hidden"":false,""ord"":20,""allowedVocabularies"":[{""code"":""iso-639-3"",""scheme"":""https://vocabs.acdh.oeaw.ac.at/iso6393/Schema"",""namespace"":""https://vocabs.acdh.oeaw.ac.at/iso6393/"",""label"":""ISO 639-3 Language Codes"",""closed"":true}]},""concept"":{""code"":""rus"",""vocabulary"":{""code"":""iso-639-3"",""scheme"":""https://vocabs.acdh.oeaw.ac.at/iso6393/Schema"",""namespace"":""https://vocabs.acdh.oeaw.ac.at/iso6393/"",""label"":""ISO 639-3 Language Codes"",""closed"":true},""label"":""Russian"",""notation"":"""",""uri"":""https://vocabs.acdh.oeaw.ac.at/iso6393/rus"",""candidate"":false}},{""type"":{""code"":""extent"",""label"":""Extent"",""type"":""string"",""groupName"":""Categorisation"",""hidden"":false,""ord"":26},""value"":""5,900,000 tokens""},{""type"":{""code"":""keyword"",""label"":""Keyword"",""type"":""concept"",""groupName"":""Categorisation"",""hidden"":false,""ord"":18,""allowedVocabularies"":[{""code"":""sshoc-keyword"",""scheme"":""https://vocabs.sshopencloud.eu/vocabularies/sshomp-keyword/"",""namespace"":""https://vocabs.sshopencloud.eu/vocabularies/sshomp-keyword/"",""label"":""Keywords from SSHOMP"",""closed"":false}]},""concept"":{""code"":""Literary+corpora"",""vocabulary"":{""code"":""sshoc-keyword"",""scheme"":""https://vocabs.sshopencloud.eu/vocabularies/sshomp-keyword/"",""namespace"":""https://vocabs.sshopencloud.eu/vocabularies/sshomp-keyword/"",""label"":""Keywords from SSHOMP"",""closed"":false},""label"":""Literary corpora"",""notation"":"""",""uri"":""https://vocabs.sshopencloud.eu/vocabularies/sshomp-keyword/Literary+corpora"",""candidate"":false}},{""type"":{""code"":""terms-of-use"",""label"":""Terms Of Use"",""type"":""string"",""groupName"":""Access"",""hidden"":false,""ord"":3},""value"":""CLARIN RES +NC +INF +ND""},{""type"":{""code"":""see-also"",""label"":""See also"",""type"":""url"",""groupName"":""Context"",""hidden"":false,""ord"":30},""value"":""http://urn.fi/urn:nbn:fi:lb-2016121604""}]",[],"[""http://urn.fi/urn:nbn:fi:lb-20140730173""]",corpora%2Fliterary-corpora%2Fparrus.json,[],[],764,DACE Importer,DACE Importer,enabled,2022-07-26T14:42:54+0000,system-moderator,True,652.0,CLARIN Resource Families,https://github.com/clarin-eric/clarin-resource-families,https://github.com/clarin-eric/clarin-resource-families/blob/main/{source-item-id},,,,,,,,,,,,,,,,,,,,,
dataset/VHUuAp,77487,dataset,PLWordNet to Sumo mapping,VHUuAp,2025-07-04T12:03:01+0000,approved,This conceptual resource provides a mapping of plWordNet onto the SUMO ontology. The resource is available for download from the CLARIN-PL repository.,[],"[{""type"":{""code"":""language"",""label"":""Language"",""type"":""concept"",""groupName"":""Categorisation"",""hidden"":false,""ord"":20,""allowedVocabularies"":[{""code"":""iso-639-3"",""scheme"":""https://vocabs.acdh.oeaw.ac.at/iso6393/Schema"",""namespace"":""https://vocabs.acdh.oeaw.ac.at/iso6393/"",""label"":""ISO 639-3 Language Codes"",""closed"":true}]},""concept"":{""code"":""pol"",""vocabulary"":{""code"":""iso-639-3"",""scheme"":""https://vocabs.acdh.oeaw.ac.at/iso6393/Schema"",""namespace"":""https://vocabs.acdh.oeaw.ac.at/iso6393/"",""label"":""ISO 639-3 Language Codes"",""closed"":true},""label"":""Polish"",""notation"":"""",""uri"":""https://vocabs.acdh.oeaw.ac.at/iso6393/pol"",""candidate"":false}},{""type"":{""code"":""extent"",""label"":""Extent"",""type"":""string"",""groupName"":""Categorisation"",""hidden"":false,""ord"":26},""value"":""175,635 synsets mapped to SUMO""},{""type"":{""code"":""keyword"",""label"":""Keyword"",""type"":""concept"",""groupName"":""Categorisation"",""hidden"":false,""ord"":18,""allowedVocabularies"":[{""code"":""sshoc-keyword"",""scheme"":""https://vocabs.sshopencloud.eu/vocabularies/sshomp-keyword/"",""namespace"":""https://vocabs.sshopencloud.eu/vocabularies/sshomp-keyword/"",""label"":""Keywords from SSHOMP"",""closed"":false}]},""concept"":{""code"":""Conceptual+resources"",""vocabulary"":{""code"":""sshoc-keyword"",""scheme"":""https://vocabs.sshopencloud.eu/vocabularies/sshomp-keyword/"",""namespace"":""https://vocabs.sshopencloud.eu/vocabularies/sshomp-keyword/"",""label"":""Keywords from SSHOMP"",""closed"":false},""label"":""Conceptual resources"",""notation"":"""",""uri"":""https://vocabs.sshopencloud.eu/vocabularies/sshomp-keyword/Conceptual+resources"",""candidate"":false}},{""type"":{""code"":""terms-of-use"",""label"":""Terms Of Use"",""type"":""string"",""groupName"":""Access"",""hidden"":false,""ord"":3},""value"":""CC-BY-NC-SA 3.0""},{""type"":{""code"":""see-also"",""label"":""See also"",""type"":""url"",""groupName"":""Context"",""hidden"":false,""ord"":30},""value"":""http://hdl.handle.net/11321/529""}]",[],"[""http://hdl.handle.net/11321/529""]",lexical-resources%2Fconceptual-resources%2Fplwordnet-sumo.json,"[{""id"":77656,""persistentId"":""r0kaTD"",""category"":""tool-or-service"",""label"":""CLARIN-PL"",""description"":""It is a set of tools created by the Polish branch of Common the Language Resource and Technology Infrastructure (CLARIN) mainly for the analysis of Polish text. It has many Natural Language Processing (NLP) tools among which are verb annotations, named entity recognition, phrase parser, and spacial expression recognition. Some of the tools can be used for German and English."",""relation"":{""code"":""relates-to"",""label"":""Relates to"",""inverseOf"":""is-related-to""}}]",[],1,Administrator,Administrator,enabled,2021-05-28T15:28:06+0000,administrator,True,652.0,CLARIN Resource Families,https://github.com/clarin-eric/clarin-resource-families,https://github.com/clarin-eric/clarin-resource-families/blob/main/{source-item-id},,,,,,,,,,,,,,,,,,,,,
dataset/Ld5r1r,76894,dataset,PropBankPT,Ld5r1r,2025-07-04T10:17:21+0000,approved,"This is a corpus of sentences annotated with their constituency structure and semantic role tags. The sentences are translations from the Wall Street Journal.
The corpus is available from PORTULAN.",[],"[{""type"":{""code"":""language"",""label"":""Language"",""type"":""concept"",""groupName"":""Categorisation"",""hidden"":false,""ord"":20,""allowedVocabularies"":[{""code"":""iso-639-3"",""scheme"":""https://vocabs.acdh.oeaw.ac.at/iso6393/Schema"",""namespace"":""https://vocabs.acdh.oeaw.ac.at/iso6393/"",""label"":""ISO 639-3 Language Codes"",""closed"":true}]},""concept"":{""code"":""por"",""vocabulary"":{""code"":""iso-639-3"",""scheme"":""https://vocabs.acdh.oeaw.ac.at/iso6393/Schema"",""namespace"":""https://vocabs.acdh.oeaw.ac.at/iso6393/"",""label"":""ISO 639-3 Language Codes"",""closed"":true},""label"":""Portuguese"",""notation"":"""",""uri"":""https://vocabs.acdh.oeaw.ac.at/iso6393/por"",""candidate"":false}},{""type"":{""code"":""extent"",""label"":""Extent"",""type"":""string"",""groupName"":""Categorisation"",""hidden"":false,""ord"":26},""value"":""3,406 sentences""},{""type"":{""code"":""extent"",""label"":""Extent"",""type"":""string"",""groupName"":""Categorisation"",""hidden"":false,""ord"":26},""value"":""44,598 tokens""},{""type"":{""code"":""keyword"",""label"":""Keyword"",""type"":""concept"",""groupName"":""Categorisation"",""hidden"":false,""ord"":18,""allowedVocabularies"":[{""code"":""sshoc-keyword"",""scheme"":""https://vocabs.sshopencloud.eu/vocabularies/sshomp-keyword/"",""namespace"":""https://vocabs.sshopencloud.eu/vocabularies/sshomp-keyword/"",""label"":""Keywords from SSHOMP"",""closed"":false}]},""concept"":{""code"":""Manually+annotated+corpora"",""vocabulary"":{""code"":""sshoc-keyword"",""scheme"":""https://vocabs.sshopencloud.eu/vocabularies/sshomp-keyword/"",""namespace"":""https://vocabs.sshopencloud.eu/vocabularies/sshomp-keyword/"",""label"":""Keywords from SSHOMP"",""closed"":false},""label"":""Manually annotated corpora"",""notation"":"""",""uri"":""https://vocabs.sshopencloud.eu/vocabularies/sshomp-keyword/Manually+annotated+corpora"",""candidate"":false}},{""type"":{""code"":""terms-of-use"",""label"":""Terms Of Use"",""type"":""string"",""groupName"":""Access"",""hidden"":false,""ord"":3},""value"":""CC BY""},{""type"":{""code"":""see-also"",""label"":""See also"",""type"":""url"",""groupName"":""Context"",""hidden"":false,""ord"":30},""value"":""https://hdl.handle.net/21.11129/0000-000B-D34B-3""}]",[],"[""https://hdl.handle.net/21.11129/0000-000B-D34B-3""]",corpora%2Fmanually-annotated-corpora%2Fpropbankpt.json,[],[],764,DACE Importer,DACE Importer,enabled,2022-07-26T14:42:54+0000,system-moderator,True,652.0,CLARIN Resource Families,https://github.com/clarin-eric/clarin-resource-families,https://github.com/clarin-eric/clarin-resource-families/blob/main/{source-item-id},,,,,,,,,,,,,,,,,,,,,
dataset/RjH5Wl,76218,dataset,Riksdag’s Open Data,RjH5Wl,2025-07-04T10:14:31+0000,approved,"The corpus contains Swedish parliamentary debates from 1971 to 2016. It is annotated with [Sparv](https://spraakbanken.gu.se/swe/forskning/infrastruktur/sparv).
The corpus is available for download from Språkbanken (all entries with ""Riksdag's Open Data"" in the subtitle) and through the concordancer Korp.",[],"[{""type"":{""code"":""language"",""label"":""Language"",""type"":""concept"",""groupName"":""Categorisation"",""hidden"":false,""ord"":20,""allowedVocabularies"":[{""code"":""iso-639-3"",""scheme"":""https://vocabs.acdh.oeaw.ac.at/iso6393/Schema"",""namespace"":""https://vocabs.acdh.oeaw.ac.at/iso6393/"",""label"":""ISO 639-3 Language Codes"",""closed"":true}]},""concept"":{""code"":""swe"",""vocabulary"":{""code"":""iso-639-3"",""scheme"":""https://vocabs.acdh.oeaw.ac.at/iso6393/Schema"",""namespace"":""https://vocabs.acdh.oeaw.ac.at/iso6393/"",""label"":""ISO 639-3 Language Codes"",""closed"":true},""label"":""Swedish"",""notation"":"""",""uri"":""https://vocabs.acdh.oeaw.ac.at/iso6393/swe"",""candidate"":false}},{""type"":{""code"":""extent"",""label"":""Extent"",""type"":""string"",""groupName"":""Categorisation"",""hidden"":false,""ord"":26},""value"":""1.25 billion tokens""},{""type"":{""code"":""keyword"",""label"":""Keyword"",""type"":""concept"",""groupName"":""Categorisation"",""hidden"":false,""ord"":18,""allowedVocabularies"":[{""code"":""sshoc-keyword"",""scheme"":""https://vocabs.sshopencloud.eu/vocabularies/sshomp-keyword/"",""namespace"":""https://vocabs.sshopencloud.eu/vocabularies/sshomp-keyword/"",""label"":""Keywords from SSHOMP"",""closed"":false}]},""concept"":{""code"":""tokenised"",""vocabulary"":{""code"":""sshoc-keyword"",""scheme"":""https://vocabs.sshopencloud.eu/vocabularies/sshomp-keyword/"",""namespace"":""https://vocabs.sshopencloud.eu/vocabularies/sshomp-keyword/"",""label"":""Keywords from SSHOMP"",""closed"":false},""label"":""tokenised"",""notation"":"""",""uri"":""https://vocabs.sshopencloud.eu/vocabularies/sshomp-keyword/tokenised"",""candidate"":false}},{""type"":{""code"":""keyword"",""label"":""Keyword"",""type"":""concept"",""groupName"":""Categorisation"",""hidden"":false,""ord"":18,""allowedVocabularies"":[{""code"":""sshoc-keyword"",""scheme"":""https://vocabs.sshopencloud.eu/vocabularies/sshomp-keyword/"",""namespace"":""https://vocabs.sshopencloud.eu/vocabularies/sshomp-keyword/"",""label"":""Keywords from SSHOMP"",""closed"":false}]},""concept"":{""code"":""lemmatised"",""vocabulary"":{""code"":""sshoc-keyword"",""scheme"":""https://vocabs.sshopencloud.eu/vocabularies/sshomp-keyword/"",""namespace"":""https://vocabs.sshopencloud.eu/vocabularies/sshomp-keyword/"",""label"":""Keywords from SSHOMP"",""closed"":false},""label"":""lemmatised"",""notation"":"""",""uri"":""https://vocabs.sshopencloud.eu/vocabularies/sshomp-keyword/lemmatised"",""candidate"":false}},{""type"":{""code"":""keyword"",""label"":""Keyword"",""type"":""concept"",""groupName"":""Categorisation"",""hidden"":false,""ord"":18,""allowedVocabularies"":[{""code"":""sshoc-keyword"",""scheme"":""https://vocabs.sshopencloud.eu/vocabularies/sshomp-keyword/"",""namespace"":""https://vocabs.sshopencloud.eu/vocabularies/sshomp-keyword/"",""label"":""Keywords from SSHOMP"",""closed"":false}]},""concept"":{""code"":""Parliamentary+corpora"",""vocabulary"":{""code"":""sshoc-keyword"",""scheme"":""https://vocabs.sshopencloud.eu/vocabularies/sshomp-keyword/"",""namespace"":""https://vocabs.sshopencloud.eu/vocabularies/sshomp-keyword/"",""label"":""Keywords from SSHOMP"",""closed"":false},""label"":""Parliamentary corpora"",""notation"":"""",""uri"":""https://vocabs.sshopencloud.eu/vocabularies/sshomp-keyword/Parliamentary+corpora"",""candidate"":false}},{""type"":{""code"":""terms-of-use"",""label"":""Terms Of Use"",""type"":""string"",""groupName"":""Access"",""hidden"":false,""ord"":3},""value"":""CC-BY""},{""type"":{""code"":""see-also"",""label"":""See also"",""type"":""url"",""groupName"":""Context"",""hidden"":false,""ord"":30},""value"":""http://spraakbanken.gu.se/eng/resources""}]",[],"[""https://spraakbanken.gu.se/eng/resources""]",corpora%2Fparliamentary-corpora%2Friksdag-open-data.json,[],[],764,DACE Importer,DACE Importer,enabled,2022-07-26T14:42:54+0000,system-moderator,True,652.0,CLARIN Resource Families,https://github.com/clarin-eric/clarin-resource-families,https://github.com/clarin-eric/clarin-resource-families/blob/main/{source-item-id},,,,,,,,,,,,,,,,,,,,,
dataset/wj6U6C,77539,dataset,SETimes,wj6U6C,2025-07-04T12:03:22+0000,approved,"This corpus contains texts from the setimes.com website.
The corpus is available for download from the CLARIN:EL repository.",[],"[{""type"":{""code"":""extent"",""label"":""Extent"",""type"":""string"",""groupName"":""Categorisation"",""hidden"":false,""ord"":26},""value"":""43 million tokens""},{""type"":{""code"":""keyword"",""label"":""Keyword"",""type"":""concept"",""groupName"":""Categorisation"",""hidden"":false,""ord"":18,""allowedVocabularies"":[{""code"":""sshoc-keyword"",""scheme"":""https://vocabs.sshopencloud.eu/vocabularies/sshomp-keyword/"",""namespace"":""https://vocabs.sshopencloud.eu/vocabularies/sshomp-keyword/"",""label"":""Keywords from SSHOMP"",""closed"":false}]},""concept"":{""code"":""partially+sentence+aligned"",""vocabulary"":{""code"":""sshoc-keyword"",""scheme"":""https://vocabs.sshopencloud.eu/vocabularies/sshomp-keyword/"",""namespace"":""https://vocabs.sshopencloud.eu/vocabularies/sshomp-keyword/"",""label"":""Keywords from SSHOMP"",""closed"":false},""label"":""partially sentence aligned"",""notation"":"""",""uri"":""https://vocabs.sshopencloud.eu/vocabularies/sshomp-keyword/partially+sentence+aligned"",""candidate"":false}},{""type"":{""code"":""keyword"",""label"":""Keyword"",""type"":""concept"",""groupName"":""Categorisation"",""hidden"":false,""ord"":18,""allowedVocabularies"":[{""code"":""sshoc-keyword"",""scheme"":""https://vocabs.sshopencloud.eu/vocabularies/sshomp-keyword/"",""namespace"":""https://vocabs.sshopencloud.eu/vocabularies/sshomp-keyword/"",""label"":""Keywords from SSHOMP"",""closed"":false}]},""concept"":{""code"":""Parallel+corpora"",""vocabulary"":{""code"":""sshoc-keyword"",""scheme"":""https://vocabs.sshopencloud.eu/vocabularies/sshomp-keyword/"",""namespace"":""https://vocabs.sshopencloud.eu/vocabularies/sshomp-keyword/"",""label"":""Keywords from SSHOMP"",""closed"":false},""label"":""Parallel corpora"",""notation"":"""",""uri"":""https://vocabs.sshopencloud.eu/vocabularies/sshomp-keyword/Parallel+corpora"",""candidate"":false}},{""type"":{""code"":""terms-of-use"",""label"":""Terms Of Use"",""type"":""string"",""groupName"":""Access"",""hidden"":false,""ord"":3},""value"":""CC-BY""},{""type"":{""code"":""see-also"",""label"":""See also"",""type"":""url"",""groupName"":""Context"",""hidden"":false,""ord"":30},""value"":""http://hdl.grnet.gr/11500/ATHENA-0000-0000-2591-2""}]",[],"[""http://hdl.grnet.gr/11500/ATHENA-0000-0000-2591-2""]",corpora%2Fparallel-corpora%2Fsetimes-clarin.json,[],[],1,Administrator,Administrator,enabled,2021-05-28T15:28:06+0000,administrator,True,652.0,CLARIN Resource Families,https://github.com/clarin-eric/clarin-resource-families,https://github.com/clarin-eric/clarin-resource-families/blob/main/{source-item-id},,,,,,,,,,,,,,,,,,,,,
dataset/8KImBY,76180,dataset,SETIMES - A parallel corpus of the Balkan languages,8KImBY,2025-07-04T10:14:22+0000,approved,"This parallel corpus contains online news articles extracted from the [SETimes webpage](http://www.setimes.com/).
The corpus is available for download from the CLARIN:EL repository.",[],"[{""type"":{""code"":""language"",""label"":""Language"",""type"":""concept"",""groupName"":""Categorisation"",""hidden"":false,""ord"":20,""allowedVocabularies"":[{""code"":""iso-639-3"",""scheme"":""https://vocabs.acdh.oeaw.ac.at/iso6393/Schema"",""namespace"":""https://vocabs.acdh.oeaw.ac.at/iso6393/"",""label"":""ISO 639-3 Language Codes"",""closed"":true}]},""concept"":{""code"":""ron"",""vocabulary"":{""code"":""iso-639-3"",""scheme"":""https://vocabs.acdh.oeaw.ac.at/iso6393/Schema"",""namespace"":""https://vocabs.acdh.oeaw.ac.at/iso6393/"",""label"":""ISO 639-3 Language Codes"",""closed"":true},""label"":""Romanian"",""notation"":"""",""uri"":""https://vocabs.acdh.oeaw.ac.at/iso6393/ron"",""candidate"":false}},{""type"":{""code"":""language"",""label"":""Language"",""type"":""concept"",""groupName"":""Categorisation"",""hidden"":false,""ord"":20,""allowedVocabularies"":[{""code"":""iso-639-3"",""scheme"":""https://vocabs.acdh.oeaw.ac.at/iso6393/Schema"",""namespace"":""https://vocabs.acdh.oeaw.ac.at/iso6393/"",""label"":""ISO 639-3 Language Codes"",""closed"":true}]},""concept"":{""code"":""tur"",""vocabulary"":{""code"":""iso-639-3"",""scheme"":""https://vocabs.acdh.oeaw.ac.at/iso6393/Schema"",""namespace"":""https://vocabs.acdh.oeaw.ac.at/iso6393/"",""label"":""ISO 639-3 Language Codes"",""closed"":true},""label"":""Turkish"",""notation"":"""",""uri"":""https://vocabs.acdh.oeaw.ac.at/iso6393/tur"",""candidate"":false}},{""type"":{""code"":""language"",""label"":""Language"",""type"":""concept"",""groupName"":""Categorisation"",""hidden"":false,""ord"":20,""allowedVocabularies"":[{""code"":""iso-639-3"",""scheme"":""https://vocabs.acdh.oeaw.ac.at/iso6393/Schema"",""namespace"":""https://vocabs.acdh.oeaw.ac.at/iso6393/"",""label"":""ISO 639-3 Language Codes"",""closed"":true}]},""concept"":{""code"":""srp"",""vocabulary"":{""code"":""iso-639-3"",""scheme"":""https://vocabs.acdh.oeaw.ac.at/iso6393/Schema"",""namespace"":""https://vocabs.acdh.oeaw.ac.at/iso6393/"",""label"":""ISO 639-3 Language Codes"",""closed"":true},""label"":""Serbian"",""notation"":"""",""uri"":""https://vocabs.acdh.oeaw.ac.at/iso6393/srp"",""candidate"":false}},{""type"":{""code"":""language"",""label"":""Language"",""type"":""concept"",""groupName"":""Categorisation"",""hidden"":false,""ord"":20,""allowedVocabularies"":[{""code"":""iso-639-3"",""scheme"":""https://vocabs.acdh.oeaw.ac.at/iso6393/Schema"",""namespace"":""https://vocabs.acdh.oeaw.ac.at/iso6393/"",""label"":""ISO 639-3 Language Codes"",""closed"":true}]},""concept"":{""code"":""eng"",""vocabulary"":{""code"":""iso-639-3"",""scheme"":""https://vocabs.acdh.oeaw.ac.at/iso6393/Schema"",""namespace"":""https://vocabs.acdh.oeaw.ac.at/iso6393/"",""label"":""ISO 639-3 Language Codes"",""closed"":true},""label"":""English"",""notation"":"""",""uri"":""https://vocabs.acdh.oeaw.ac.at/iso6393/eng"",""candidate"":false}},{""type"":{""code"":""language"",""label"":""Language"",""type"":""concept"",""groupName"":""Categorisation"",""hidden"":false,""ord"":20,""allowedVocabularies"":[{""code"":""iso-639-3"",""scheme"":""https://vocabs.acdh.oeaw.ac.at/iso6393/Schema"",""namespace"":""https://vocabs.acdh.oeaw.ac.at/iso6393/"",""label"":""ISO 639-3 Language Codes"",""closed"":true}]},""concept"":{""code"":""bul"",""vocabulary"":{""code"":""iso-639-3"",""scheme"":""https://vocabs.acdh.oeaw.ac.at/iso6393/Schema"",""namespace"":""https://vocabs.acdh.oeaw.ac.at/iso6393/"",""label"":""ISO 639-3 Language Codes"",""closed"":true},""label"":""Bulgarian"",""notation"":"""",""uri"":""https://vocabs.acdh.oeaw.ac.at/iso6393/bul"",""candidate"":false}},{""type"":{""code"":""language"",""label"":""Language"",""type"":""concept"",""groupName"":""Categorisation"",""hidden"":false,""ord"":20,""allowedVocabularies"":[{""code"":""iso-639-3"",""scheme"":""https://vocabs.acdh.oeaw.ac.at/iso6393/Schema"",""namespace"":""https://vocabs.acdh.oeaw.ac.at/iso6393/"",""label"":""ISO 639-3 Language Codes"",""closed"":true}]},""concept"":{""code"":""mkd"",""vocabulary"":{""code"":""iso-639-3"",""scheme"":""https://vocabs.acdh.oeaw.ac.at/iso6393/Schema"",""namespace"":""https://vocabs.acdh.oeaw.ac.at/iso6393/"",""label"":""ISO 639-3 Language Codes"",""closed"":true},""label"":""Macedonian"",""notation"":"""",""uri"":""https://vocabs.acdh.oeaw.ac.at/iso6393/mkd"",""candidate"":false}},{""type"":{""code"":""language"",""label"":""Language"",""type"":""concept"",""groupName"":""Categorisation"",""hidden"":false,""ord"":20,""allowedVocabularies"":[{""code"":""iso-639-3"",""scheme"":""https://vocabs.acdh.oeaw.ac.at/iso6393/Schema"",""namespace"":""https://vocabs.acdh.oeaw.ac.at/iso6393/"",""label"":""ISO 639-3 Language Codes"",""closed"":true}]},""concept"":{""code"":""hrv"",""vocabulary"":{""code"":""iso-639-3"",""scheme"":""https://vocabs.acdh.oeaw.ac.at/iso6393/Schema"",""namespace"":""https://vocabs.acdh.oeaw.ac.at/iso6393/"",""label"":""ISO 639-3 Language Codes"",""closed"":true},""label"":""Croatian"",""notation"":"""",""uri"":""https://vocabs.acdh.oeaw.ac.at/iso6393/hrv"",""candidate"":false}},{""type"":{""code"":""language"",""label"":""Language"",""type"":""concept"",""groupName"":""Categorisation"",""hidden"":false,""ord"":20,""allowedVocabularies"":[{""code"":""iso-639-3"",""scheme"":""https://vocabs.acdh.oeaw.ac.at/iso6393/Schema"",""namespace"":""https://vocabs.acdh.oeaw.ac.at/iso6393/"",""label"":""ISO 639-3 Language Codes"",""closed"":true}]},""concept"":{""code"":""ell"",""vocabulary"":{""code"":""iso-639-3"",""scheme"":""https://vocabs.acdh.oeaw.ac.at/iso6393/Schema"",""namespace"":""https://vocabs.acdh.oeaw.ac.at/iso6393/"",""label"":""ISO 639-3 Language Codes"",""closed"":true},""label"":""Modern Greek (1453-)"",""notation"":"""",""uri"":""https://vocabs.acdh.oeaw.ac.at/iso6393/ell"",""candidate"":false}},{""type"":{""code"":""language"",""label"":""Language"",""type"":""concept"",""groupName"":""Categorisation"",""hidden"":false,""ord"":20,""allowedVocabularies"":[{""code"":""iso-639-3"",""scheme"":""https://vocabs.acdh.oeaw.ac.at/iso6393/Schema"",""namespace"":""https://vocabs.acdh.oeaw.ac.at/iso6393/"",""label"":""ISO 639-3 Language Codes"",""closed"":true}]},""concept"":{""code"":""sqi"",""vocabulary"":{""code"":""iso-639-3"",""scheme"":""https://vocabs.acdh.oeaw.ac.at/iso6393/Schema"",""namespace"":""https://vocabs.acdh.oeaw.ac.at/iso6393/"",""label"":""ISO 639-3 Language Codes"",""closed"":true},""label"":""Albanian"",""notation"":"""",""uri"":""https://vocabs.acdh.oeaw.ac.at/iso6393/sqi"",""candidate"":false}},{""type"":{""code"":""extent"",""label"":""Extent"",""type"":""string"",""groupName"":""Categorisation"",""hidden"":false,""ord"":26},""value"":""341.83 million tokens""},{""type"":{""code"":""keyword"",""label"":""Keyword"",""type"":""concept"",""groupName"":""Categorisation"",""hidden"":false,""ord"":18,""allowedVocabularies"":[{""code"":""sshoc-keyword"",""scheme"":""https://vocabs.sshopencloud.eu/vocabularies/sshomp-keyword/"",""namespace"":""https://vocabs.sshopencloud.eu/vocabularies/sshomp-keyword/"",""label"":""Keywords from SSHOMP"",""closed"":false}]},""concept"":{""code"":""Newspaper+corpora"",""vocabulary"":{""code"":""sshoc-keyword"",""scheme"":""https://vocabs.sshopencloud.eu/vocabularies/sshomp-keyword/"",""namespace"":""https://vocabs.sshopencloud.eu/vocabularies/sshomp-keyword/"",""label"":""Keywords from SSHOMP"",""closed"":false},""label"":""Newspaper corpora"",""notation"":"""",""uri"":""https://vocabs.sshopencloud.eu/vocabularies/sshomp-keyword/Newspaper+corpora"",""candidate"":false}},{""type"":{""code"":""terms-of-use"",""label"":""Terms Of Use"",""type"":""string"",""groupName"":""Access"",""hidden"":false,""ord"":3},""value"":""Open For Reuse With Restrictions""},{""type"":{""code"":""see-also"",""label"":""See also"",""type"":""url"",""groupName"":""Context"",""hidden"":false,""ord"":30},""value"":""http://hdl.grnet.gr/11500/ATHENA-0000-0000-2591-2""}]",[],"[""http://hdl.grnet.gr/11500/ATHENA-0000-0000-2591-2""]",corpora%2Fnewspaper-corpora%2Fsetimes.json,[],[],764,DACE Importer,DACE Importer,enabled,2022-07-26T14:42:54+0000,system-moderator,True,652.0,CLARIN Resource Families,https://github.com/clarin-eric/clarin-resource-families,https://github.com/clarin-eric/clarin-resource-families/blob/main/{source-item-id},,,,,,,,,,,,,,,,,,,,,
dataset/erssrY,76288,dataset,SLI RU-Kentalis database,erssrY,2025-07-04T10:14:49+0000,approved,The corpus has been collected to investigate of the expression of spatial relations by children with SLI and normally developing children in their spoken language production. ,[],"[{""type"":{""code"":""language"",""label"":""Language"",""type"":""concept"",""groupName"":""Categorisation"",""hidden"":false,""ord"":20,""allowedVocabularies"":[{""code"":""iso-639-3"",""scheme"":""https://vocabs.acdh.oeaw.ac.at/iso6393/Schema"",""namespace"":""https://vocabs.acdh.oeaw.ac.at/iso6393/"",""label"":""ISO 639-3 Language Codes"",""closed"":true}]},""concept"":{""code"":""nld"",""vocabulary"":{""code"":""iso-639-3"",""scheme"":""https://vocabs.acdh.oeaw.ac.at/iso6393/Schema"",""namespace"":""https://vocabs.acdh.oeaw.ac.at/iso6393/"",""label"":""ISO 639-3 Language Codes"",""closed"":true},""label"":""Dutch"",""notation"":"""",""uri"":""https://vocabs.acdh.oeaw.ac.at/iso6393/nld"",""candidate"":false}},{""type"":{""code"":""extent"",""label"":""Extent"",""type"":""string"",""groupName"":""Categorisation"",""hidden"":false,""ord"":26},""value"":""2 GB""},{""type"":{""code"":""keyword"",""label"":""Keyword"",""type"":""concept"",""groupName"":""Categorisation"",""hidden"":false,""ord"":18,""allowedVocabularies"":[{""code"":""sshoc-keyword"",""scheme"":""https://vocabs.sshopencloud.eu/vocabularies/sshomp-keyword/"",""namespace"":""https://vocabs.sshopencloud.eu/vocabularies/sshomp-keyword/"",""label"":""Keywords from SSHOMP"",""closed"":false}]},""concept"":{""code"":""Corpora+of+Disordered+Speech"",""vocabulary"":{""code"":""sshoc-keyword"",""scheme"":""https://vocabs.sshopencloud.eu/vocabularies/sshomp-keyword/"",""namespace"":""https://vocabs.sshopencloud.eu/vocabularies/sshomp-keyword/"",""label"":""Keywords from SSHOMP"",""closed"":false},""label"":""Corpora of Disordered Speech"",""notation"":"""",""uri"":""https://vocabs.sshopencloud.eu/vocabularies/sshomp-keyword/Corpora%2Bof%2BDisordered%2BSpeech"",""candidate"":true}},{""type"":{""code"":""terms-of-use"",""label"":""Terms Of Use"",""type"":""string"",""groupName"":""Access"",""hidden"":false,""ord"":3},""value"":""CLARIN PUB (Transcriptions), CLARIN RESTRICTED (Recordings)""},{""type"":{""code"":""see-also"",""label"":""See also"",""type"":""url"",""groupName"":""Context"",""hidden"":false,""ord"":30},""value"":""https://hdl.handle.net/1839/00-712802F3-C245-4EF0-BE9D-D09714DEDE67""}]",[],"[""https://hdl.handle.net/1839/00-97AF29EA-877D-422A-BAF7-25FA269351A6""]",corpora%2Fcorpora-of-disordered-speech%2Fsli-ru-kentalis.json,[],[],764,DACE Importer,DACE Importer,enabled,2022-07-26T14:42:54+0000,system-moderator,True,652.0,CLARIN Resource Families,https://github.com/clarin-eric/clarin-resource-families,https://github.com/clarin-eric/clarin-resource-families/blob/main/{source-item-id},,,,,,,,,,,,,,,,,,,,,
dataset/4RV6Lf,76539,dataset,Slovene-English parallel corpus slenWaC 1.0,4RV6Lf,2025-07-04T10:15:49+0000,approved,"This corpus contains texts crawled from top-level Slovenian .si domains. The corpus was built with [Spidextor](https://github.com/abumatran/spidextor), a tool that glues together the output of SpiderLing used for crawling and Bitextor used for bitext extraction. The accuracy of the extracted bitext on the segment level is around 67% and on the word level around 68%.
The corpus is available for download from the CLARIN.SI repository.",[],"[{""type"":{""code"":""extent"",""label"":""Extent"",""type"":""string"",""groupName"":""Categorisation"",""hidden"":false,""ord"":26},""value"":""718,315 tokens""},{""type"":{""code"":""keyword"",""label"":""Keyword"",""type"":""concept"",""groupName"":""Categorisation"",""hidden"":false,""ord"":18,""allowedVocabularies"":[{""code"":""sshoc-keyword"",""scheme"":""https://vocabs.sshopencloud.eu/vocabularies/sshomp-keyword/"",""namespace"":""https://vocabs.sshopencloud.eu/vocabularies/sshomp-keyword/"",""label"":""Keywords from SSHOMP"",""closed"":false}]},""concept"":{""code"":""tokenised"",""vocabulary"":{""code"":""sshoc-keyword"",""scheme"":""https://vocabs.sshopencloud.eu/vocabularies/sshomp-keyword/"",""namespace"":""https://vocabs.sshopencloud.eu/vocabularies/sshomp-keyword/"",""label"":""Keywords from SSHOMP"",""closed"":false},""label"":""tokenised"",""notation"":"""",""uri"":""https://vocabs.sshopencloud.eu/vocabularies/sshomp-keyword/tokenised"",""candidate"":false}},{""type"":{""code"":""keyword"",""label"":""Keyword"",""type"":""concept"",""groupName"":""Categorisation"",""hidden"":false,""ord"":18,""allowedVocabularies"":[{""code"":""sshoc-keyword"",""scheme"":""https://vocabs.sshopencloud.eu/vocabularies/sshomp-keyword/"",""namespace"":""https://vocabs.sshopencloud.eu/vocabularies/sshomp-keyword/"",""label"":""Keywords from SSHOMP"",""closed"":false}]},""concept"":{""code"":""Parallel+corpora"",""vocabulary"":{""code"":""sshoc-keyword"",""scheme"":""https://vocabs.sshopencloud.eu/vocabularies/sshomp-keyword/"",""namespace"":""https://vocabs.sshopencloud.eu/vocabularies/sshomp-keyword/"",""label"":""Keywords from SSHOMP"",""closed"":false},""label"":""Parallel corpora"",""notation"":"""",""uri"":""https://vocabs.sshopencloud.eu/vocabularies/sshomp-keyword/Parallel+corpora"",""candidate"":false}},{""type"":{""code"":""terms-of-use"",""label"":""Terms Of Use"",""type"":""string"",""groupName"":""Access"",""hidden"":false,""ord"":3},""value"":""CLARIN.SI User License for Internet Corpora""},{""type"":{""code"":""see-also"",""label"":""See also"",""type"":""url"",""groupName"":""Context"",""hidden"":false,""ord"":30},""value"":""http://hdl.handle.net/11356/1061""}]",[],"[""http://hdl.handle.net/11356/1061""]",corpora%2Fparallel-corpora%2Fslenwac.json,[],[],764,DACE Importer,DACE Importer,enabled,2022-07-26T14:42:54+0000,system-moderator,True,652.0,CLARIN Resource Families,https://github.com/clarin-eric/clarin-resource-families,https://github.com/clarin-eric/clarin-resource-families/blob/main/{source-item-id},,,,,,,,,,,,,,,,,,,,,
dataset/FF5Lwb,77571,dataset,SoNaR,FF5Lwb,2025-07-04T12:03:34+0000,approved,"This corpus includes representative Dutch texts (fiction, brochures, magazines, legal texts, newspapers, parliamentary proceedings, and computer-mediated communication).
Aside from written materials, the corpus also contains transcriptions of spoken language. The corpus is encoded in FoLiA.
The corpus is available for online browsing through the OpenSONAR concordancer and can be downloaded from the Dutch Language Institute (CLARIAH-NL).",[],"[{""type"":{""code"":""language"",""label"":""Language"",""type"":""concept"",""groupName"":""Categorisation"",""hidden"":false,""ord"":20,""allowedVocabularies"":[{""code"":""iso-639-3"",""scheme"":""https://vocabs.acdh.oeaw.ac.at/iso6393/Schema"",""namespace"":""https://vocabs.acdh.oeaw.ac.at/iso6393/"",""label"":""ISO 639-3 Language Codes"",""closed"":true}]},""concept"":{""code"":""nld"",""vocabulary"":{""code"":""iso-639-3"",""scheme"":""https://vocabs.acdh.oeaw.ac.at/iso6393/Schema"",""namespace"":""https://vocabs.acdh.oeaw.ac.at/iso6393/"",""label"":""ISO 639-3 Language Codes"",""closed"":true},""label"":""Dutch"",""notation"":"""",""uri"":""https://vocabs.acdh.oeaw.ac.at/iso6393/nld"",""candidate"":false}},{""type"":{""code"":""extent"",""label"":""Extent"",""type"":""string"",""groupName"":""Categorisation"",""hidden"":false,""ord"":26},""value"":""500 million words""},{""type"":{""code"":""keyword"",""label"":""Keyword"",""type"":""concept"",""groupName"":""Categorisation"",""hidden"":false,""ord"":18,""allowedVocabularies"":[{""code"":""sshoc-keyword"",""scheme"":""https://vocabs.sshopencloud.eu/vocabularies/sshomp-keyword/"",""namespace"":""https://vocabs.sshopencloud.eu/vocabularies/sshomp-keyword/"",""label"":""Keywords from SSHOMP"",""closed"":false}]},""concept"":{""code"":""lemmatized"",""vocabulary"":{""code"":""sshoc-keyword"",""scheme"":""https://vocabs.sshopencloud.eu/vocabularies/sshomp-keyword/"",""namespace"":""https://vocabs.sshopencloud.eu/vocabularies/sshomp-keyword/"",""label"":""Keywords from SSHOMP"",""closed"":false},""label"":""lemmatized"",""notation"":"""",""uri"":""https://vocabs.sshopencloud.eu/vocabularies/sshomp-keyword/lemmatized"",""candidate"":false}},{""type"":{""code"":""keyword"",""label"":""Keyword"",""type"":""concept"",""groupName"":""Categorisation"",""hidden"":false,""ord"":18,""allowedVocabularies"":[{""code"":""sshoc-keyword"",""scheme"":""https://vocabs.sshopencloud.eu/vocabularies/sshomp-keyword/"",""namespace"":""https://vocabs.sshopencloud.eu/vocabularies/sshomp-keyword/"",""label"":""Keywords from SSHOMP"",""closed"":false}]},""concept"":{""code"":""Reference+corpora"",""vocabulary"":{""code"":""sshoc-keyword"",""scheme"":""https://vocabs.sshopencloud.eu/vocabularies/sshomp-keyword/"",""namespace"":""https://vocabs.sshopencloud.eu/vocabularies/sshomp-keyword/"",""label"":""Keywords from SSHOMP"",""closed"":false},""label"":""Reference corpora"",""notation"":"""",""uri"":""https://vocabs.sshopencloud.eu/vocabularies/sshomp-keyword/Reference+corpora"",""candidate"":false}},{""type"":{""code"":""terms-of-use-url"",""label"":""Terms of Use URL"",""type"":""url"",""groupName"":""Access"",""hidden"":false,""ord"":2},""value"":""https://ivdnt.org/images/stories/producten/voorwaarden/voorwaarden_sonar-corpus.pdf""},{""type"":{""code"":""see-also"",""label"":""See also"",""type"":""url"",""groupName"":""Context"",""hidden"":false,""ord"":30},""value"":""http://hdl.handle.net/10032/tm-a2-h5""}]",[],"[""http://hdl.handle.net/10032/tm-a2-h5""]",corpora%2Freference-corpora%2Fsonar.json,[],[],1,Administrator,Administrator,enabled,2021-05-28T15:28:06+0000,administrator,True,652.0,CLARIN Resource Families,https://github.com/clarin-eric/clarin-resource-families,https://github.com/clarin-eric/clarin-resource-families/blob/main/{source-item-id},,,,,,,,,,,,,,,,,,,,,
dataset/LCO2Hx,77577,dataset,SoNaR-1,LCO2Hx,2025-07-04T12:03:36+0000,approved,"This is a manually annotated subset of the much larger (approx. 500 million) word) SoNaR corpus.
The corpus is available for download from the Dutch Language Institute.",[],"[{""type"":{""code"":""language"",""label"":""Language"",""type"":""concept"",""groupName"":""Categorisation"",""hidden"":false,""ord"":20,""allowedVocabularies"":[{""code"":""iso-639-3"",""scheme"":""https://vocabs.acdh.oeaw.ac.at/iso6393/Schema"",""namespace"":""https://vocabs.acdh.oeaw.ac.at/iso6393/"",""label"":""ISO 639-3 Language Codes"",""closed"":true}]},""concept"":{""code"":""nld"",""vocabulary"":{""code"":""iso-639-3"",""scheme"":""https://vocabs.acdh.oeaw.ac.at/iso6393/Schema"",""namespace"":""https://vocabs.acdh.oeaw.ac.at/iso6393/"",""label"":""ISO 639-3 Language Codes"",""closed"":true},""label"":""Dutch"",""notation"":"""",""uri"":""https://vocabs.acdh.oeaw.ac.at/iso6393/nld"",""candidate"":false}},{""type"":{""code"":""extent"",""label"":""Extent"",""type"":""string"",""groupName"":""Categorisation"",""hidden"":false,""ord"":26},""value"":""1 million words""},{""type"":{""code"":""keyword"",""label"":""Keyword"",""type"":""concept"",""groupName"":""Categorisation"",""hidden"":false,""ord"":18,""allowedVocabularies"":[{""code"":""sshoc-keyword"",""scheme"":""https://vocabs.sshopencloud.eu/vocabularies/sshomp-keyword/"",""namespace"":""https://vocabs.sshopencloud.eu/vocabularies/sshomp-keyword/"",""label"":""Keywords from SSHOMP"",""closed"":false}]},""concept"":{""code"":""PoS+tagging"",""vocabulary"":{""code"":""sshoc-keyword"",""scheme"":""https://vocabs.sshopencloud.eu/vocabularies/sshomp-keyword/"",""namespace"":""https://vocabs.sshopencloud.eu/vocabularies/sshomp-keyword/"",""label"":""Keywords from SSHOMP"",""closed"":false},""label"":""PoS tagging"",""notation"":"""",""uri"":""https://vocabs.sshopencloud.eu/vocabularies/sshomp-keyword/PoS+tagging"",""candidate"":false}},{""type"":{""code"":""keyword"",""label"":""Keyword"",""type"":""concept"",""groupName"":""Categorisation"",""hidden"":false,""ord"":18,""allowedVocabularies"":[{""code"":""sshoc-keyword"",""scheme"":""https://vocabs.sshopencloud.eu/vocabularies/sshomp-keyword/"",""namespace"":""https://vocabs.sshopencloud.eu/vocabularies/sshomp-keyword/"",""label"":""Keywords from SSHOMP"",""closed"":false}]},""concept"":{""code"":""syntactic+parsing"",""vocabulary"":{""code"":""sshoc-keyword"",""scheme"":""https://vocabs.sshopencloud.eu/vocabularies/sshomp-keyword/"",""namespace"":""https://vocabs.sshopencloud.eu/vocabularies/sshomp-keyword/"",""label"":""Keywords from SSHOMP"",""closed"":false},""label"":""syntactic parsing"",""notation"":"""",""uri"":""https://vocabs.sshopencloud.eu/vocabularies/sshomp-keyword/syntactic+parsing"",""candidate"":false}},{""type"":{""code"":""keyword"",""label"":""Keyword"",""type"":""concept"",""groupName"":""Categorisation"",""hidden"":false,""ord"":18,""allowedVocabularies"":[{""code"":""sshoc-keyword"",""scheme"":""https://vocabs.sshopencloud.eu/vocabularies/sshomp-keyword/"",""namespace"":""https://vocabs.sshopencloud.eu/vocabularies/sshomp-keyword/"",""label"":""Keywords from SSHOMP"",""closed"":false}]},""concept"":{""code"":""semantic+role+labelling"",""vocabulary"":{""code"":""sshoc-keyword"",""scheme"":""https://vocabs.sshopencloud.eu/vocabularies/sshomp-keyword/"",""namespace"":""https://vocabs.sshopencloud.eu/vocabularies/sshomp-keyword/"",""label"":""Keywords from SSHOMP"",""closed"":false},""label"":""semantic role labelling"",""notation"":"""",""uri"":""https://vocabs.sshopencloud.eu/vocabularies/sshomp-keyword/semantic+role+labelling"",""candidate"":false}},{""type"":{""code"":""keyword"",""label"":""Keyword"",""type"":""concept"",""groupName"":""Categorisation"",""hidden"":false,""ord"":18,""allowedVocabularies"":[{""code"":""sshoc-keyword"",""scheme"":""https://vocabs.sshopencloud.eu/vocabularies/sshomp-keyword/"",""namespace"":""https://vocabs.sshopencloud.eu/vocabularies/sshomp-keyword/"",""label"":""Keywords from SSHOMP"",""closed"":false}]},""concept"":{""code"":""Manually+annotated+corpora"",""vocabulary"":{""code"":""sshoc-keyword"",""scheme"":""https://vocabs.sshopencloud.eu/vocabularies/sshomp-keyword/"",""namespace"":""https://vocabs.sshopencloud.eu/vocabularies/sshomp-keyword/"",""label"":""Keywords from SSHOMP"",""closed"":false},""label"":""Manually annotated corpora"",""notation"":"""",""uri"":""https://vocabs.sshopencloud.eu/vocabularies/sshomp-keyword/Manually+annotated+corpora"",""candidate"":false}},{""type"":{""code"":""see-also"",""label"":""See also"",""type"":""url"",""groupName"":""Context"",""hidden"":false,""ord"":30},""value"":""http://hdl.handle.net/10032/tm-a2-h5""}]",[],"[""http://hdl.handle.net/10032/tm-a2-h5""]",corpora%2Fmanually-annotated-corpora%2Fsonar.json,[],[],1,Administrator,Administrator,enabled,2021-05-28T15:28:06+0000,administrator,True,652.0,CLARIN Resource Families,https://github.com/clarin-eric/clarin-resource-families,https://github.com/clarin-eric/clarin-resource-families/blob/main/{source-item-id},,,,,,,,,,,,,,,,,,,,,
dataset/cbKX4y,76253,dataset,Spoken corpus Gos 2.0,cbKX4y,2025-07-04T10:14:39+0000,approved,"This corpus contains transcripts from radio and TV shows, school lessons, private conversations, business meetings. It is composed of three different sources: [Spoken corpus Gos 1.1](http://hdl.handle.net/11356/1438) (112 hours, 1 million words), [Spoken corpus Gos VideoLectures 4.2](http://hdl.handle.net/11356/1444) (22 hours, 179,000 words), a selection from the [ASR database ARTUR 1.0](http://hdl.handle.net/11356/1772) (185 hours, 1.2 mllion words).
The corpus is available for download from CLARIN.SI as well as through a dedicated webconcordancer.",[],"[{""type"":{""code"":""language"",""label"":""Language"",""type"":""concept"",""groupName"":""Categorisation"",""hidden"":false,""ord"":20,""allowedVocabularies"":[{""code"":""iso-639-3"",""scheme"":""https://vocabs.acdh.oeaw.ac.at/iso6393/Schema"",""namespace"":""https://vocabs.acdh.oeaw.ac.at/iso6393/"",""label"":""ISO 639-3 Language Codes"",""closed"":true}]},""concept"":{""code"":""slv"",""vocabulary"":{""code"":""iso-639-3"",""scheme"":""https://vocabs.acdh.oeaw.ac.at/iso6393/Schema"",""namespace"":""https://vocabs.acdh.oeaw.ac.at/iso6393/"",""label"":""ISO 639-3 Language Codes"",""closed"":true},""label"":""Slovenian"",""notation"":"""",""uri"":""https://vocabs.acdh.oeaw.ac.at/iso6393/slv"",""candidate"":false}},{""type"":{""code"":""extent"",""label"":""Extent"",""type"":""string"",""groupName"":""Categorisation"",""hidden"":false,""ord"":26},""value"":""1534 texts""},{""type"":{""code"":""extent"",""label"":""Extent"",""type"":""string"",""groupName"":""Categorisation"",""hidden"":false,""ord"":26},""value"":""127,604 utterances""},{""type"":{""code"":""extent"",""label"":""Extent"",""type"":""string"",""groupName"":""Categorisation"",""hidden"":false,""ord"":26},""value"":""2,462,368 words""},{""type"":{""code"":""keyword"",""label"":""Keyword"",""type"":""concept"",""groupName"":""Categorisation"",""hidden"":false,""ord"":18,""allowedVocabularies"":[{""code"":""sshoc-keyword"",""scheme"":""https://vocabs.sshopencloud.eu/vocabularies/sshomp-keyword/"",""namespace"":""https://vocabs.sshopencloud.eu/vocabularies/sshomp-keyword/"",""label"":""Keywords from SSHOMP"",""closed"":false}]},""concept"":{""code"":""orthographic+and+phonetic+transcription"",""vocabulary"":{""code"":""sshoc-keyword"",""scheme"":""https://vocabs.sshopencloud.eu/vocabularies/sshomp-keyword/"",""namespace"":""https://vocabs.sshopencloud.eu/vocabularies/sshomp-keyword/"",""label"":""Keywords from SSHOMP"",""closed"":false},""label"":""orthographic and phonetic transcription"",""notation"":"""",""uri"":""https://vocabs.sshopencloud.eu/vocabularies/sshomp-keyword/orthographic+and+phonetic+transcription"",""candidate"":false}},{""type"":{""code"":""keyword"",""label"":""Keyword"",""type"":""concept"",""groupName"":""Categorisation"",""hidden"":false,""ord"":18,""allowedVocabularies"":[{""code"":""sshoc-keyword"",""scheme"":""https://vocabs.sshopencloud.eu/vocabularies/sshomp-keyword/"",""namespace"":""https://vocabs.sshopencloud.eu/vocabularies/sshomp-keyword/"",""label"":""Keywords from SSHOMP"",""closed"":false}]},""concept"":{""code"":""PoS+tagging"",""vocabulary"":{""code"":""sshoc-keyword"",""scheme"":""https://vocabs.sshopencloud.eu/vocabularies/sshomp-keyword/"",""namespace"":""https://vocabs.sshopencloud.eu/vocabularies/sshomp-keyword/"",""label"":""Keywords from SSHOMP"",""closed"":false},""label"":""PoS tagging"",""notation"":"""",""uri"":""https://vocabs.sshopencloud.eu/vocabularies/sshomp-keyword/PoS+tagging"",""candidate"":false}},{""type"":{""code"":""keyword"",""label"":""Keyword"",""type"":""concept"",""groupName"":""Categorisation"",""hidden"":false,""ord"":18,""allowedVocabularies"":[{""code"":""sshoc-keyword"",""scheme"":""https://vocabs.sshopencloud.eu/vocabularies/sshomp-keyword/"",""namespace"":""https://vocabs.sshopencloud.eu/vocabularies/sshomp-keyword/"",""label"":""Keywords from SSHOMP"",""closed"":false}]},""concept"":{""code"":""lemmatisation"",""vocabulary"":{""code"":""sshoc-keyword"",""scheme"":""https://vocabs.sshopencloud.eu/vocabularies/sshomp-keyword/"",""namespace"":""https://vocabs.sshopencloud.eu/vocabularies/sshomp-keyword/"",""label"":""Keywords from SSHOMP"",""closed"":false},""label"":""lemmatisation"",""notation"":"""",""uri"":""https://vocabs.sshopencloud.eu/vocabularies/sshomp-keyword/lemmatisation"",""candidate"":false}},{""type"":{""code"":""keyword"",""label"":""Keyword"",""type"":""concept"",""groupName"":""Categorisation"",""hidden"":false,""ord"":18,""allowedVocabularies"":[{""code"":""sshoc-keyword"",""scheme"":""https://vocabs.sshopencloud.eu/vocabularies/sshomp-keyword/"",""namespace"":""https://vocabs.sshopencloud.eu/vocabularies/sshomp-keyword/"",""label"":""Keywords from SSHOMP"",""closed"":false}]},""concept"":{""code"":""Spoken+corpora"",""vocabulary"":{""code"":""sshoc-keyword"",""scheme"":""https://vocabs.sshopencloud.eu/vocabularies/sshomp-keyword/"",""namespace"":""https://vocabs.sshopencloud.eu/vocabularies/sshomp-keyword/"",""label"":""Keywords from SSHOMP"",""closed"":false},""label"":""Spoken corpora"",""notation"":"""",""uri"":""https://vocabs.sshopencloud.eu/vocabularies/sshomp-keyword/Spoken+corpora"",""candidate"":false}},{""type"":{""code"":""terms-of-use"",""label"":""Terms Of Use"",""type"":""string"",""groupName"":""Access"",""hidden"":false,""ord"":3},""value"":""CC BY-SA 4.0""},{""type"":{""code"":""see-also"",""label"":""See also"",""type"":""url"",""groupName"":""Context"",""hidden"":false,""ord"":30},""value"":""http://hdl.handle.net/11356/1771""}]",[],"[""http://hdl.handle.net/11356/1771""]",corpora%2Fspoken-corpora%2Fgos.json,[],[],764,DACE Importer,DACE Importer,enabled,2022-07-26T14:42:54+0000,system-moderator,True,652.0,CLARIN Resource Families,https://github.com/clarin-eric/clarin-resource-families,https://github.com/clarin-eric/clarin-resource-families/blob/main/{source-item-id},,,,,,,,,,,,,,,,,,,,,
dataset/mW0Gc1,76950,dataset,Spoken corpus Gos 2.0,mW0Gc1,2025-07-04T10:17:34+0000,approved,"This corpus contains transcripts from radio and TV shows, school lessons, private conversations, business meetings. It is composed of three different sources: [Spoken corpus Gos 1.1](http://hdl.handle.net/11356/1438) (112 hours, 1 million words), [Spoken corpus Gos VideoLectures 4.2](http://hdl.handle.net/11356/1444) (22 hours, 179,000 words), a selection from the [ASR database ARTUR 1.0](http://hdl.handle.net/11356/1772) (185 hours, 1.2 mllion words).
The corpus is available for download from CLARIN.SI as well as through a dedicated webconcordancer.",[],"[{""type"":{""code"":""language"",""label"":""Language"",""type"":""concept"",""groupName"":""Categorisation"",""hidden"":false,""ord"":20,""allowedVocabularies"":[{""code"":""iso-639-3"",""scheme"":""https://vocabs.acdh.oeaw.ac.at/iso6393/Schema"",""namespace"":""https://vocabs.acdh.oeaw.ac.at/iso6393/"",""label"":""ISO 639-3 Language Codes"",""closed"":true}]},""concept"":{""code"":""slv"",""vocabulary"":{""code"":""iso-639-3"",""scheme"":""https://vocabs.acdh.oeaw.ac.at/iso6393/Schema"",""namespace"":""https://vocabs.acdh.oeaw.ac.at/iso6393/"",""label"":""ISO 639-3 Language Codes"",""closed"":true},""label"":""Slovenian"",""notation"":"""",""uri"":""https://vocabs.acdh.oeaw.ac.at/iso6393/slv"",""candidate"":false}},{""type"":{""code"":""extent"",""label"":""Extent"",""type"":""string"",""groupName"":""Categorisation"",""hidden"":false,""ord"":26},""value"":""1534 texts""},{""type"":{""code"":""extent"",""label"":""Extent"",""type"":""string"",""groupName"":""Categorisation"",""hidden"":false,""ord"":26},""value"":""127,604 utterances""},{""type"":{""code"":""extent"",""label"":""Extent"",""type"":""string"",""groupName"":""Categorisation"",""hidden"":false,""ord"":26},""value"":""2,462,368 words""},{""type"":{""code"":""keyword"",""label"":""Keyword"",""type"":""concept"",""groupName"":""Categorisation"",""hidden"":false,""ord"":18,""allowedVocabularies"":[{""code"":""sshoc-keyword"",""scheme"":""https://vocabs.sshopencloud.eu/vocabularies/sshomp-keyword/"",""namespace"":""https://vocabs.sshopencloud.eu/vocabularies/sshomp-keyword/"",""label"":""Keywords from SSHOMP"",""closed"":false}]},""concept"":{""code"":""lemmatised"",""vocabulary"":{""code"":""sshoc-keyword"",""scheme"":""https://vocabs.sshopencloud.eu/vocabularies/sshomp-keyword/"",""namespace"":""https://vocabs.sshopencloud.eu/vocabularies/sshomp-keyword/"",""label"":""Keywords from SSHOMP"",""closed"":false},""label"":""lemmatised"",""notation"":"""",""uri"":""https://vocabs.sshopencloud.eu/vocabularies/sshomp-keyword/lemmatised"",""candidate"":false}},{""type"":{""code"":""keyword"",""label"":""Keyword"",""type"":""concept"",""groupName"":""Categorisation"",""hidden"":false,""ord"":18,""allowedVocabularies"":[{""code"":""sshoc-keyword"",""scheme"":""https://vocabs.sshopencloud.eu/vocabularies/sshomp-keyword/"",""namespace"":""https://vocabs.sshopencloud.eu/vocabularies/sshomp-keyword/"",""label"":""Keywords from SSHOMP"",""closed"":false}]},""concept"":{""code"":""Reference+corpora"",""vocabulary"":{""code"":""sshoc-keyword"",""scheme"":""https://vocabs.sshopencloud.eu/vocabularies/sshomp-keyword/"",""namespace"":""https://vocabs.sshopencloud.eu/vocabularies/sshomp-keyword/"",""label"":""Keywords from SSHOMP"",""closed"":false},""label"":""Reference corpora"",""notation"":"""",""uri"":""https://vocabs.sshopencloud.eu/vocabularies/sshomp-keyword/Reference+corpora"",""candidate"":false}},{""type"":{""code"":""terms-of-use"",""label"":""Terms Of Use"",""type"":""string"",""groupName"":""Access"",""hidden"":false,""ord"":3},""value"":""CC BY-SA 4.0""},{""type"":{""code"":""see-also"",""label"":""See also"",""type"":""url"",""groupName"":""Context"",""hidden"":false,""ord"":30},""value"":""http://hdl.handle.net/11356/1771""}]",[],"[""http://hdl.handle.net/11356/1771""]",corpora%2Freference-corpora%2Fgos.json,[],[],764,DACE Importer,DACE Importer,enabled,2022-07-26T14:42:54+0000,system-moderator,True,652.0,CLARIN Resource Families,https://github.com/clarin-eric/clarin-resource-families,https://github.com/clarin-eric/clarin-resource-families/blob/main/{source-item-id},,,,,,,,,,,,,,,,,,,,,
dataset/qD9v5p,76120,dataset,Syntactic Reference Corpus of Medieval French,qD9v5p,2025-07-04T10:14:06+0000,approved,"This corpus contains texts from the 9th to the 13th century.
The syntactic categories of the SRCMF annotation and the grammatical principles of the annotation are explained in detail in the [documentation](http://srcmf.org/fiches/index.html).
The corpus is available for download from a dedicated webpage.",[],"[{""type"":{""code"":""language"",""label"":""Language"",""type"":""concept"",""groupName"":""Categorisation"",""hidden"":false,""ord"":20,""allowedVocabularies"":[{""code"":""iso-639-3"",""scheme"":""https://vocabs.acdh.oeaw.ac.at/iso6393/Schema"",""namespace"":""https://vocabs.acdh.oeaw.ac.at/iso6393/"",""label"":""ISO 639-3 Language Codes"",""closed"":true}]},""concept"":{""code"":""fro"",""vocabulary"":{""code"":""iso-639-3"",""scheme"":""https://vocabs.acdh.oeaw.ac.at/iso6393/Schema"",""namespace"":""https://vocabs.acdh.oeaw.ac.at/iso6393/"",""label"":""ISO 639-3 Language Codes"",""closed"":true},""label"":""Old French (842-ca. 1400)"",""notation"":"""",""uri"":""https://vocabs.acdh.oeaw.ac.at/iso6393/fro"",""candidate"":false}},{""type"":{""code"":""extent"",""label"":""Extent"",""type"":""string"",""groupName"":""Categorisation"",""hidden"":false,""ord"":26},""value"":""245,000 tokens""},{""type"":{""code"":""keyword"",""label"":""Keyword"",""type"":""concept"",""groupName"":""Categorisation"",""hidden"":false,""ord"":18,""allowedVocabularies"":[{""code"":""sshoc-keyword"",""scheme"":""https://vocabs.sshopencloud.eu/vocabularies/sshomp-keyword/"",""namespace"":""https://vocabs.sshopencloud.eu/vocabularies/sshomp-keyword/"",""label"":""Keywords from SSHOMP"",""closed"":false}]},""concept"":{""code"":""tokenised"",""vocabulary"":{""code"":""sshoc-keyword"",""scheme"":""https://vocabs.sshopencloud.eu/vocabularies/sshomp-keyword/"",""namespace"":""https://vocabs.sshopencloud.eu/vocabularies/sshomp-keyword/"",""label"":""Keywords from SSHOMP"",""closed"":false},""label"":""tokenised"",""notation"":"""",""uri"":""https://vocabs.sshopencloud.eu/vocabularies/sshomp-keyword/tokenised"",""candidate"":false}},{""type"":{""code"":""keyword"",""label"":""Keyword"",""type"":""concept"",""groupName"":""Categorisation"",""hidden"":false,""ord"":18,""allowedVocabularies"":[{""code"":""sshoc-keyword"",""scheme"":""https://vocabs.sshopencloud.eu/vocabularies/sshomp-keyword/"",""namespace"":""https://vocabs.sshopencloud.eu/vocabularies/sshomp-keyword/"",""label"":""Keywords from SSHOMP"",""closed"":false}]},""concept"":{""code"":""historical_corpora"",""vocabulary"":{""code"":""sshoc-keyword"",""scheme"":""https://vocabs.sshopencloud.eu/vocabularies/sshomp-keyword/"",""namespace"":""https://vocabs.sshopencloud.eu/vocabularies/sshomp-keyword/"",""label"":""Keywords from SSHOMP"",""closed"":false},""label"":""Historical Corpora"",""notation"":"""",""uri"":""https://vocabs.sshopencloud.eu/vocabularies/sshomp-keyword/historical_corpora"",""candidate"":false}},{""type"":{""code"":""terms-of-use"",""label"":""Terms Of Use"",""type"":""string"",""groupName"":""Access"",""hidden"":false,""ord"":3},""value"":""CLARIN ACA""},{""type"":{""code"":""see-also"",""label"":""See also"",""type"":""url"",""groupName"":""Context"",""hidden"":false,""ord"":30},""value"":""http://srcmf.org/#sec:access""}]",[],"[""http://hdl.handle.net/11022/1007-0000-0000-9D2B-0""]",corpora%2Fhistorical-corpora%2Fsyn-ref-fra.json,[],[],764,DACE Importer,DACE Importer,enabled,2022-07-26T14:42:54+0000,system-moderator,True,652.0,CLARIN Resource Families,https://github.com/clarin-eric/clarin-resource-families,https://github.com/clarin-eric/clarin-resource-families/blob/main/{source-item-id},,,,,,,,,,,,,,,,,,,,,
dataset/YFtGG1,76346,dataset,Syntactic Reference Corpus of Medieval French,YFtGG1,2025-07-04T10:15:03+0000,approved,"This corpus contains Old French texts.
The corpus is available for download from the IMS CLARIN-D repository.",[],"[{""type"":{""code"":""language"",""label"":""Language"",""type"":""concept"",""groupName"":""Categorisation"",""hidden"":false,""ord"":20,""allowedVocabularies"":[{""code"":""iso-639-3"",""scheme"":""https://vocabs.acdh.oeaw.ac.at/iso6393/Schema"",""namespace"":""https://vocabs.acdh.oeaw.ac.at/iso6393/"",""label"":""ISO 639-3 Language Codes"",""closed"":true}]},""concept"":{""code"":""fra"",""vocabulary"":{""code"":""iso-639-3"",""scheme"":""https://vocabs.acdh.oeaw.ac.at/iso6393/Schema"",""namespace"":""https://vocabs.acdh.oeaw.ac.at/iso6393/"",""label"":""ISO 639-3 Language Codes"",""closed"":true},""label"":""French"",""notation"":"""",""uri"":""https://vocabs.acdh.oeaw.ac.at/iso6393/fra"",""candidate"":false}},{""type"":{""code"":""extent"",""label"":""Extent"",""type"":""string"",""groupName"":""Categorisation"",""hidden"":false,""ord"":26},""value"":""245,000 words""},{""type"":{""code"":""keyword"",""label"":""Keyword"",""type"":""concept"",""groupName"":""Categorisation"",""hidden"":false,""ord"":18,""allowedVocabularies"":[{""code"":""sshoc-keyword"",""scheme"":""https://vocabs.sshopencloud.eu/vocabularies/sshomp-keyword/"",""namespace"":""https://vocabs.sshopencloud.eu/vocabularies/sshomp-keyword/"",""label"":""Keywords from SSHOMP"",""closed"":false}]},""concept"":{""code"":""syntactic+parsing"",""vocabulary"":{""code"":""sshoc-keyword"",""scheme"":""https://vocabs.sshopencloud.eu/vocabularies/sshomp-keyword/"",""namespace"":""https://vocabs.sshopencloud.eu/vocabularies/sshomp-keyword/"",""label"":""Keywords from SSHOMP"",""closed"":false},""label"":""syntactic parsing"",""notation"":"""",""uri"":""https://vocabs.sshopencloud.eu/vocabularies/sshomp-keyword/syntactic+parsing"",""candidate"":false}},{""type"":{""code"":""keyword"",""label"":""Keyword"",""type"":""concept"",""groupName"":""Categorisation"",""hidden"":false,""ord"":18,""allowedVocabularies"":[{""code"":""sshoc-keyword"",""scheme"":""https://vocabs.sshopencloud.eu/vocabularies/sshomp-keyword/"",""namespace"":""https://vocabs.sshopencloud.eu/vocabularies/sshomp-keyword/"",""label"":""Keywords from SSHOMP"",""closed"":false}]},""concept"":{""code"":""Manually+annotated+corpora"",""vocabulary"":{""code"":""sshoc-keyword"",""scheme"":""https://vocabs.sshopencloud.eu/vocabularies/sshomp-keyword/"",""namespace"":""https://vocabs.sshopencloud.eu/vocabularies/sshomp-keyword/"",""label"":""Keywords from SSHOMP"",""closed"":false},""label"":""Manually annotated corpora"",""notation"":"""",""uri"":""https://vocabs.sshopencloud.eu/vocabularies/sshomp-keyword/Manually+annotated+corpora"",""candidate"":false}},{""type"":{""code"":""terms-of-use"",""label"":""Terms Of Use"",""type"":""string"",""groupName"":""Access"",""hidden"":false,""ord"":3},""value"":""CLARIN ACA""},{""type"":{""code"":""see-also"",""label"":""See also"",""type"":""url"",""groupName"":""Context"",""hidden"":false,""ord"":30},""value"":""http://hdl.handle.net/11022/1007-0000-0000-9D2B-0""}]",[],"[""http://hdl.handle.net/11022/1007-0000-0000-9D2B-0""]",corpora%2Fmanually-annotated-corpora%2Fsyn-ref-med-fra.json,[],[],764,DACE Importer,DACE Importer,enabled,2022-07-26T14:42:54+0000,system-moderator,True,652.0,CLARIN Resource Families,https://github.com/clarin-eric/clarin-resource-families,https://github.com/clarin-eric/clarin-resource-families/blob/main/{source-item-id},,,,,,,,,,,,,,,,,,,,,
dataset/Zb4Kb5,12646,dataset,TED Parallel Corpus,Zb4Kb5,2021-07-22T09:59:38+0000,approved,"TED parallel Corpora is growing collection of Bilingual parallel corpora, Multilingual parallel corpora and Monolingual corpora extracted from TED talks www.ted.com for 109 world languages. It includes Monolingual corpus, 12 languages for Bilingual parallel corpus over 120 million aligned sentences and 13 languages for Multilingual Parallel corpus with more than 600k sentences.","[{""actor"":{""id"":1752,""name"":""Eva Bacas"",""externalIds"":[],""affiliations"":[]},""role"":{""code"":""curator"",""label"":""Curator"",""ord"":11}},{""actor"":{""id"":1753,""name"":""Matt Lavin"",""externalIds"":[],""affiliations"":[]},""role"":{""code"":""curator"",""label"":""Curator"",""ord"":11}}]",[],[],"[""https://github.com/ajinkyakulkarni14/TED-Multilingual-Parallel-Corpus""]",215,[],[],4,System importer,System importer,enabled,2021-05-28T15:28:06+0000,system-contributor,True,102.0,Humanities Data,https://humanitiesdata.com/,https://humanitiesdata.com/resources/{source-item-id},,,,,,,,,,,,,,,,,,,,2020-04-24T14:54:12+0000,
dataset/JDJphT,76752,dataset,TED-Parallel-Corpus,JDJphT,2025-07-04T10:16:48+0000,approved,"This corpus contains TED talks in English and translations into the following languages: Arabic, Simplified Chinese, Traditional Chinese, Dutch, French, German, Hebrew, Italian, Japanese, Korean, and Russian.
The corpus is available for download from GIT-HUB.",[],"[{""type"":{""code"":""extent"",""label"":""Extent"",""type"":""string"",""groupName"":""Categorisation"",""hidden"":false,""ord"":26},""value"":""300,000 sentences""},{""type"":{""code"":""keyword"",""label"":""Keyword"",""type"":""concept"",""groupName"":""Categorisation"",""hidden"":false,""ord"":18,""allowedVocabularies"":[{""code"":""sshoc-keyword"",""scheme"":""https://vocabs.sshopencloud.eu/vocabularies/sshomp-keyword/"",""namespace"":""https://vocabs.sshopencloud.eu/vocabularies/sshomp-keyword/"",""label"":""Keywords from SSHOMP"",""closed"":false}]},""concept"":{""code"":""Parallel+corpora"",""vocabulary"":{""code"":""sshoc-keyword"",""scheme"":""https://vocabs.sshopencloud.eu/vocabularies/sshomp-keyword/"",""namespace"":""https://vocabs.sshopencloud.eu/vocabularies/sshomp-keyword/"",""label"":""Keywords from SSHOMP"",""closed"":false},""label"":""Parallel corpora"",""notation"":"""",""uri"":""https://vocabs.sshopencloud.eu/vocabularies/sshomp-keyword/Parallel+corpora"",""candidate"":false}},{""type"":{""code"":""see-also"",""label"":""See also"",""type"":""url"",""groupName"":""Context"",""hidden"":false,""ord"":30},""value"":""http://github.com/ajinkyakulkarni14/TED-Multilingual-Parallel-Corpus""}]",[],"[""https://github.com/ajinkyakulkarni14/TED-Multilingual-Parallel-Corpus""]",corpora%2Fparallel-corpora%2Fted-para.json,[],[],764,DACE Importer,DACE Importer,enabled,2022-07-26T14:42:54+0000,system-moderator,True,652.0,CLARIN Resource Families,https://github.com/clarin-eric/clarin-resource-families,https://github.com/clarin-eric/clarin-resource-families/blob/main/{source-item-id},,,,,,,,,,,,,,,,,,,,,
dataset/2XnqRb,76675,dataset,The Finnish Gutenberg Corpus,2XnqRb,2025-07-04T10:16:30+0000,approved,"This corpus contains Finnish books made available by the Gutenberg project. The texts have not been linguistically annotated.
The corpus is available for online browsing through Korp.",[],"[{""type"":{""code"":""language"",""label"":""Language"",""type"":""concept"",""groupName"":""Categorisation"",""hidden"":false,""ord"":20,""allowedVocabularies"":[{""code"":""iso-639-3"",""scheme"":""https://vocabs.acdh.oeaw.ac.at/iso6393/Schema"",""namespace"":""https://vocabs.acdh.oeaw.ac.at/iso6393/"",""label"":""ISO 639-3 Language Codes"",""closed"":true}]},""concept"":{""code"":""fin"",""vocabulary"":{""code"":""iso-639-3"",""scheme"":""https://vocabs.acdh.oeaw.ac.at/iso6393/Schema"",""namespace"":""https://vocabs.acdh.oeaw.ac.at/iso6393/"",""label"":""ISO 639-3 Language Codes"",""closed"":true},""label"":""Finnish"",""notation"":"""",""uri"":""https://vocabs.acdh.oeaw.ac.at/iso6393/fin"",""candidate"":false}},{""type"":{""code"":""extent"",""label"":""Extent"",""type"":""string"",""groupName"":""Categorisation"",""hidden"":false,""ord"":26},""value"":""34,487,420 words""},{""type"":{""code"":""keyword"",""label"":""Keyword"",""type"":""concept"",""groupName"":""Categorisation"",""hidden"":false,""ord"":18,""allowedVocabularies"":[{""code"":""sshoc-keyword"",""scheme"":""https://vocabs.sshopencloud.eu/vocabularies/sshomp-keyword/"",""namespace"":""https://vocabs.sshopencloud.eu/vocabularies/sshomp-keyword/"",""label"":""Keywords from SSHOMP"",""closed"":false}]},""concept"":{""code"":""Literary+corpora"",""vocabulary"":{""code"":""sshoc-keyword"",""scheme"":""https://vocabs.sshopencloud.eu/vocabularies/sshomp-keyword/"",""namespace"":""https://vocabs.sshopencloud.eu/vocabularies/sshomp-keyword/"",""label"":""Keywords from SSHOMP"",""closed"":false},""label"":""Literary corpora"",""notation"":"""",""uri"":""https://vocabs.sshopencloud.eu/vocabularies/sshomp-keyword/Literary+corpora"",""candidate"":false}},{""type"":{""code"":""terms-of-use"",""label"":""Terms Of Use"",""type"":""string"",""groupName"":""Access"",""hidden"":false,""ord"":3},""value"":""CC-BY""},{""type"":{""code"":""see-also"",""label"":""See also"",""type"":""url"",""groupName"":""Context"",""hidden"":false,""ord"":30},""value"":""http://urn.fi/urn:nbn:fi:lb-2014102101""}]",[],"[""http://urn.fi/urn:nbn:fi:lb-2014100301""]",corpora%2Fliterary-corpora%2Ffin-gutenberg.json,[],[],764,DACE Importer,DACE Importer,enabled,2022-07-26T14:42:54+0000,system-moderator,True,652.0,CLARIN Resource Families,https://github.com/clarin-eric/clarin-resource-families,https://github.com/clarin-eric/clarin-resource-families/blob/main/{source-item-id},,,,,,,,,,,,,,,,,,,,,
dataset/B7StEH,76838,dataset,The Finnish Gutenberg Corpus,B7StEH,2025-07-04T10:17:08+0000,approved,"This corpus contains books published up to 1925 that are made available through the Gutenberg project.
The corpus is available through the concordancer Korp.",[],"[{""type"":{""code"":""language"",""label"":""Language"",""type"":""concept"",""groupName"":""Categorisation"",""hidden"":false,""ord"":20,""allowedVocabularies"":[{""code"":""iso-639-3"",""scheme"":""https://vocabs.acdh.oeaw.ac.at/iso6393/Schema"",""namespace"":""https://vocabs.acdh.oeaw.ac.at/iso6393/"",""label"":""ISO 639-3 Language Codes"",""closed"":true}]},""concept"":{""code"":""fin"",""vocabulary"":{""code"":""iso-639-3"",""scheme"":""https://vocabs.acdh.oeaw.ac.at/iso6393/Schema"",""namespace"":""https://vocabs.acdh.oeaw.ac.at/iso6393/"",""label"":""ISO 639-3 Language Codes"",""closed"":true},""label"":""Finnish"",""notation"":"""",""uri"":""https://vocabs.acdh.oeaw.ac.at/iso6393/fin"",""candidate"":false}},{""type"":{""code"":""extent"",""label"":""Extent"",""type"":""string"",""groupName"":""Categorisation"",""hidden"":false,""ord"":26},""value"":""34.5 million words""},{""type"":{""code"":""keyword"",""label"":""Keyword"",""type"":""concept"",""groupName"":""Categorisation"",""hidden"":false,""ord"":18,""allowedVocabularies"":[{""code"":""sshoc-keyword"",""scheme"":""https://vocabs.sshopencloud.eu/vocabularies/sshomp-keyword/"",""namespace"":""https://vocabs.sshopencloud.eu/vocabularies/sshomp-keyword/"",""label"":""Keywords from SSHOMP"",""closed"":false}]},""concept"":{""code"":""historical_corpora"",""vocabulary"":{""code"":""sshoc-keyword"",""scheme"":""https://vocabs.sshopencloud.eu/vocabularies/sshomp-keyword/"",""namespace"":""https://vocabs.sshopencloud.eu/vocabularies/sshomp-keyword/"",""label"":""Keywords from SSHOMP"",""closed"":false},""label"":""Historical Corpora"",""notation"":"""",""uri"":""https://vocabs.sshopencloud.eu/vocabularies/sshomp-keyword/historical_corpora"",""candidate"":false}},{""type"":{""code"":""terms-of-use"",""label"":""Terms Of Use"",""type"":""string"",""groupName"":""Access"",""hidden"":false,""ord"":3},""value"":""CC-BY""}]",[],"[""http://urn.fi/urn:nbn:fi:lb-2014100301""]",corpora%2Fhistorical-corpora%2Ffin-gutenberg.json,[],[],764,DACE Importer,DACE Importer,enabled,2022-07-26T14:42:54+0000,system-moderator,True,652.0,CLARIN Resource Families,https://github.com/clarin-eric/clarin-resource-families,https://github.com/clarin-eric/clarin-resource-families/blob/main/{source-item-id},,,,,,,,,,,,,,,,,,,,,
dataset/UBUXqF,76143,dataset,The Morpho-Syntactic Database of Mikael Agricola's Works,UBUXqF,2025-07-04T10:14:12+0000,approved,"This corpus contains the Finnish parts of Mikael Agricola’s works (Abckiria, Rukouskiria, Se Wsi testamenti, Käsikiria, Messu, Piina, Psaltari, Veisut, Profeetat).
The corpus is available for online browsing through Korp.",[],"[{""type"":{""code"":""language"",""label"":""Language"",""type"":""concept"",""groupName"":""Categorisation"",""hidden"":false,""ord"":20,""allowedVocabularies"":[{""code"":""iso-639-3"",""scheme"":""https://vocabs.acdh.oeaw.ac.at/iso6393/Schema"",""namespace"":""https://vocabs.acdh.oeaw.ac.at/iso6393/"",""label"":""ISO 639-3 Language Codes"",""closed"":true}]},""concept"":{""code"":""fin"",""vocabulary"":{""code"":""iso-639-3"",""scheme"":""https://vocabs.acdh.oeaw.ac.at/iso6393/Schema"",""namespace"":""https://vocabs.acdh.oeaw.ac.at/iso6393/"",""label"":""ISO 639-3 Language Codes"",""closed"":true},""label"":""Finnish"",""notation"":"""",""uri"":""https://vocabs.acdh.oeaw.ac.at/iso6393/fin"",""candidate"":false}},{""type"":{""code"":""extent"",""label"":""Extent"",""type"":""string"",""groupName"":""Categorisation"",""hidden"":false,""ord"":26},""value"":""83,678 sentences""},{""type"":{""code"":""extent"",""label"":""Extent"",""type"":""string"",""groupName"":""Categorisation"",""hidden"":false,""ord"":26},""value"":""428,314 tokens""},{""type"":{""code"":""extent"",""label"":""Extent"",""type"":""string"",""groupName"":""Categorisation"",""hidden"":false,""ord"":26},""value"":""38,308 words""},{""type"":{""code"":""keyword"",""label"":""Keyword"",""type"":""concept"",""groupName"":""Categorisation"",""hidden"":false,""ord"":18,""allowedVocabularies"":[{""code"":""sshoc-keyword"",""scheme"":""https://vocabs.sshopencloud.eu/vocabularies/sshomp-keyword/"",""namespace"":""https://vocabs.sshopencloud.eu/vocabularies/sshomp-keyword/"",""label"":""Keywords from SSHOMP"",""closed"":false}]},""concept"":{""code"":""+syntactically+parsed"",""vocabulary"":{""code"":""sshoc-keyword"",""scheme"":""https://vocabs.sshopencloud.eu/vocabularies/sshomp-keyword/"",""namespace"":""https://vocabs.sshopencloud.eu/vocabularies/sshomp-keyword/"",""label"":""Keywords from SSHOMP"",""closed"":false},""label"":"" syntactically parsed"",""notation"":"""",""uri"":""https://vocabs.sshopencloud.eu/vocabularies/sshomp-keyword/+syntactically+parsed"",""candidate"":false}},{""type"":{""code"":""keyword"",""label"":""Keyword"",""type"":""concept"",""groupName"":""Categorisation"",""hidden"":false,""ord"":18,""allowedVocabularies"":[{""code"":""sshoc-keyword"",""scheme"":""https://vocabs.sshopencloud.eu/vocabularies/sshomp-keyword/"",""namespace"":""https://vocabs.sshopencloud.eu/vocabularies/sshomp-keyword/"",""label"":""Keywords from SSHOMP"",""closed"":false}]},""concept"":{""code"":""Literary+corpora"",""vocabulary"":{""code"":""sshoc-keyword"",""scheme"":""https://vocabs.sshopencloud.eu/vocabularies/sshomp-keyword/"",""namespace"":""https://vocabs.sshopencloud.eu/vocabularies/sshomp-keyword/"",""label"":""Keywords from SSHOMP"",""closed"":false},""label"":""Literary corpora"",""notation"":"""",""uri"":""https://vocabs.sshopencloud.eu/vocabularies/sshomp-keyword/Literary+corpora"",""candidate"":false}},{""type"":{""code"":""terms-of-use"",""label"":""Terms Of Use"",""type"":""string"",""groupName"":""Access"",""hidden"":false,""ord"":3},""value"":""CC-BY-ND""},{""type"":{""code"":""see-also"",""label"":""See also"",""type"":""url"",""groupName"":""Context"",""hidden"":false,""ord"":30},""value"":""http://urn.fi/urn:nbn:fi:lb-201803273""}]",[],"[""http://urn.fi/urn:nbn:fi:lb-20140730170""]",corpora%2Fliterary-corpora%2Fm-agricola.json,[],[],764,DACE Importer,DACE Importer,enabled,2022-07-26T14:42:54+0000,system-moderator,True,652.0,CLARIN Resource Families,https://github.com/clarin-eric/clarin-resource-families,https://github.com/clarin-eric/clarin-resource-families/blob/main/{source-item-id},,,,,,,,,,,,,,,,,,,,,
dataset/mfsqBO,76292,dataset,The Morpho-Syntactic Database of Mikael Agricola's Works,mfsqBO,2025-07-04T10:14:50+0000,approved,"This corpus contains texts from 1544 to 1551 written by the clergyman [Mikael Agricola](https://en.wikipedia.org/wiki/Mikael_Agricola).
The corpus is available through the concordancer Korp.",[],"[{""type"":{""code"":""language"",""label"":""Language"",""type"":""concept"",""groupName"":""Categorisation"",""hidden"":false,""ord"":20,""allowedVocabularies"":[{""code"":""iso-639-3"",""scheme"":""https://vocabs.acdh.oeaw.ac.at/iso6393/Schema"",""namespace"":""https://vocabs.acdh.oeaw.ac.at/iso6393/"",""label"":""ISO 639-3 Language Codes"",""closed"":true}]},""concept"":{""code"":""fin"",""vocabulary"":{""code"":""iso-639-3"",""scheme"":""https://vocabs.acdh.oeaw.ac.at/iso6393/Schema"",""namespace"":""https://vocabs.acdh.oeaw.ac.at/iso6393/"",""label"":""ISO 639-3 Language Codes"",""closed"":true},""label"":""Finnish"",""notation"":"""",""uri"":""https://vocabs.acdh.oeaw.ac.at/iso6393/fin"",""candidate"":false}},{""type"":{""code"":""extent"",""label"":""Extent"",""type"":""string"",""groupName"":""Categorisation"",""hidden"":false,""ord"":26},""value"":""428,300 tokens""},{""type"":{""code"":""keyword"",""label"":""Keyword"",""type"":""concept"",""groupName"":""Categorisation"",""hidden"":false,""ord"":18,""allowedVocabularies"":[{""code"":""sshoc-keyword"",""scheme"":""https://vocabs.sshopencloud.eu/vocabularies/sshomp-keyword/"",""namespace"":""https://vocabs.sshopencloud.eu/vocabularies/sshomp-keyword/"",""label"":""Keywords from SSHOMP"",""closed"":false}]},""concept"":{""code"":""tokenised"",""vocabulary"":{""code"":""sshoc-keyword"",""scheme"":""https://vocabs.sshopencloud.eu/vocabularies/sshomp-keyword/"",""namespace"":""https://vocabs.sshopencloud.eu/vocabularies/sshomp-keyword/"",""label"":""Keywords from SSHOMP"",""closed"":false},""label"":""tokenised"",""notation"":"""",""uri"":""https://vocabs.sshopencloud.eu/vocabularies/sshomp-keyword/tokenised"",""candidate"":false}},{""type"":{""code"":""keyword"",""label"":""Keyword"",""type"":""concept"",""groupName"":""Categorisation"",""hidden"":false,""ord"":18,""allowedVocabularies"":[{""code"":""sshoc-keyword"",""scheme"":""https://vocabs.sshopencloud.eu/vocabularies/sshomp-keyword/"",""namespace"":""https://vocabs.sshopencloud.eu/vocabularies/sshomp-keyword/"",""label"":""Keywords from SSHOMP"",""closed"":false}]},""concept"":{""code"":""historical_corpora"",""vocabulary"":{""code"":""sshoc-keyword"",""scheme"":""https://vocabs.sshopencloud.eu/vocabularies/sshomp-keyword/"",""namespace"":""https://vocabs.sshopencloud.eu/vocabularies/sshomp-keyword/"",""label"":""Keywords from SSHOMP"",""closed"":false},""label"":""Historical Corpora"",""notation"":"""",""uri"":""https://vocabs.sshopencloud.eu/vocabularies/sshomp-keyword/historical_corpora"",""candidate"":false}},{""type"":{""code"":""terms-of-use"",""label"":""Terms Of Use"",""type"":""string"",""groupName"":""Access"",""hidden"":false,""ord"":3},""value"":""CC-BY-ND""}]",[],"[""http://urn.fi/urn:nbn:fi:lb-20140730170""]",corpora%2Fhistorical-corpora%2Fagricola-db.json,[],[],764,DACE Importer,DACE Importer,enabled,2022-07-26T14:42:54+0000,system-moderator,True,652.0,CLARIN Resource Families,https://github.com/clarin-eric/clarin-resource-families,https://github.com/clarin-eric/clarin-resource-families/blob/main/{source-item-id},,,,,,,,,,,,,,,,,,,,,
dataset/ojntYa,76362,dataset,"The Newspaper and Periodical Corpus of the National Library of Finland, Kielipankki Version",ojntYa,2025-07-04T10:15:07+0000,approved,"This corpus contains articles from a large variety of Finnish and Swedish newspapers (over 100 for each language) from 1770 to 2011.
The corpus can be accessed through the concordancer Korp.",[],"[{""type"":{""code"":""language"",""label"":""Language"",""type"":""concept"",""groupName"":""Categorisation"",""hidden"":false,""ord"":20,""allowedVocabularies"":[{""code"":""iso-639-3"",""scheme"":""https://vocabs.acdh.oeaw.ac.at/iso6393/Schema"",""namespace"":""https://vocabs.acdh.oeaw.ac.at/iso6393/"",""label"":""ISO 639-3 Language Codes"",""closed"":true}]},""concept"":{""code"":""swe"",""vocabulary"":{""code"":""iso-639-3"",""scheme"":""https://vocabs.acdh.oeaw.ac.at/iso6393/Schema"",""namespace"":""https://vocabs.acdh.oeaw.ac.at/iso6393/"",""label"":""ISO 639-3 Language Codes"",""closed"":true},""label"":""Swedish"",""notation"":"""",""uri"":""https://vocabs.acdh.oeaw.ac.at/iso6393/swe"",""candidate"":false}},{""type"":{""code"":""language"",""label"":""Language"",""type"":""concept"",""groupName"":""Categorisation"",""hidden"":false,""ord"":20,""allowedVocabularies"":[{""code"":""iso-639-3"",""scheme"":""https://vocabs.acdh.oeaw.ac.at/iso6393/Schema"",""namespace"":""https://vocabs.acdh.oeaw.ac.at/iso6393/"",""label"":""ISO 639-3 Language Codes"",""closed"":true}]},""concept"":{""code"":""fin"",""vocabulary"":{""code"":""iso-639-3"",""scheme"":""https://vocabs.acdh.oeaw.ac.at/iso6393/Schema"",""namespace"":""https://vocabs.acdh.oeaw.ac.at/iso6393/"",""label"":""ISO 639-3 Language Codes"",""closed"":true},""label"":""Finnish"",""notation"":"""",""uri"":""https://vocabs.acdh.oeaw.ac.at/iso6393/fin"",""candidate"":false}},{""type"":{""code"":""extent"",""label"":""Extent"",""type"":""string"",""groupName"":""Categorisation"",""hidden"":false,""ord"":26},""value"":""8.8 billion tokens""},{""type"":{""code"":""keyword"",""label"":""Keyword"",""type"":""concept"",""groupName"":""Categorisation"",""hidden"":false,""ord"":18,""allowedVocabularies"":[{""code"":""sshoc-keyword"",""scheme"":""https://vocabs.sshopencloud.eu/vocabularies/sshomp-keyword/"",""namespace"":""https://vocabs.sshopencloud.eu/vocabularies/sshomp-keyword/"",""label"":""Keywords from SSHOMP"",""closed"":false}]},""concept"":{""code"":""tokenised"",""vocabulary"":{""code"":""sshoc-keyword"",""scheme"":""https://vocabs.sshopencloud.eu/vocabularies/sshomp-keyword/"",""namespace"":""https://vocabs.sshopencloud.eu/vocabularies/sshomp-keyword/"",""label"":""Keywords from SSHOMP"",""closed"":false},""label"":""tokenised"",""notation"":"""",""uri"":""https://vocabs.sshopencloud.eu/vocabularies/sshomp-keyword/tokenised"",""candidate"":false}},{""type"":{""code"":""keyword"",""label"":""Keyword"",""type"":""concept"",""groupName"":""Categorisation"",""hidden"":false,""ord"":18,""allowedVocabularies"":[{""code"":""sshoc-keyword"",""scheme"":""https://vocabs.sshopencloud.eu/vocabularies/sshomp-keyword/"",""namespace"":""https://vocabs.sshopencloud.eu/vocabularies/sshomp-keyword/"",""label"":""Keywords from SSHOMP"",""closed"":false}]},""concept"":{""code"":""+syntactically+parsed"",""vocabulary"":{""code"":""sshoc-keyword"",""scheme"":""https://vocabs.sshopencloud.eu/vocabularies/sshomp-keyword/"",""namespace"":""https://vocabs.sshopencloud.eu/vocabularies/sshomp-keyword/"",""label"":""Keywords from SSHOMP"",""closed"":false},""label"":"" syntactically parsed"",""notation"":"""",""uri"":""https://vocabs.sshopencloud.eu/vocabularies/sshomp-keyword/+syntactically+parsed"",""candidate"":false}},{""type"":{""code"":""keyword"",""label"":""Keyword"",""type"":""concept"",""groupName"":""Categorisation"",""hidden"":false,""ord"":18,""allowedVocabularies"":[{""code"":""sshoc-keyword"",""scheme"":""https://vocabs.sshopencloud.eu/vocabularies/sshomp-keyword/"",""namespace"":""https://vocabs.sshopencloud.eu/vocabularies/sshomp-keyword/"",""label"":""Keywords from SSHOMP"",""closed"":false}]},""concept"":{""code"":""Newspaper+corpora"",""vocabulary"":{""code"":""sshoc-keyword"",""scheme"":""https://vocabs.sshopencloud.eu/vocabularies/sshomp-keyword/"",""namespace"":""https://vocabs.sshopencloud.eu/vocabularies/sshomp-keyword/"",""label"":""Keywords from SSHOMP"",""closed"":false},""label"":""Newspaper corpora"",""notation"":"""",""uri"":""https://vocabs.sshopencloud.eu/vocabularies/sshomp-keyword/Newspaper+corpora"",""candidate"":false}},{""type"":{""code"":""terms-of-use"",""label"":""Terms Of Use"",""type"":""string"",""groupName"":""Access"",""hidden"":false,""ord"":3},""value"":""CC-BY""}]",[],"[""http://urn.fi/urn:nbn:fi:lb-201405276""]",corpora%2Fnewspaper-corpora%2Fnews-nat-fin.json,[],[],764,DACE Importer,DACE Importer,enabled,2022-07-26T14:42:54+0000,system-moderator,True,652.0,CLARIN Resource Families,https://github.com/clarin-eric/clarin-resource-families,https://github.com/clarin-eric/clarin-resource-families/blob/main/{source-item-id},,,,,,,,,,,,,,,,,,,,,
dataset/Ht8IWY,76845,dataset,"The Newspaper and Periodical Corpus of the National Library of Finland, Kielipankki Version",Ht8IWY,2025-07-04T10:17:10+0000,approved,"This corpus contains newspaper articles from 1770 to 2011.
The corpus is available through the concordancer Korp.",[],"[{""type"":{""code"":""language"",""label"":""Language"",""type"":""concept"",""groupName"":""Categorisation"",""hidden"":false,""ord"":20,""allowedVocabularies"":[{""code"":""iso-639-3"",""scheme"":""https://vocabs.acdh.oeaw.ac.at/iso6393/Schema"",""namespace"":""https://vocabs.acdh.oeaw.ac.at/iso6393/"",""label"":""ISO 639-3 Language Codes"",""closed"":true}]},""concept"":{""code"":""fin"",""vocabulary"":{""code"":""iso-639-3"",""scheme"":""https://vocabs.acdh.oeaw.ac.at/iso6393/Schema"",""namespace"":""https://vocabs.acdh.oeaw.ac.at/iso6393/"",""label"":""ISO 639-3 Language Codes"",""closed"":true},""label"":""Finnish"",""notation"":"""",""uri"":""https://vocabs.acdh.oeaw.ac.at/iso6393/fin"",""candidate"":false}},{""type"":{""code"":""language"",""label"":""Language"",""type"":""concept"",""groupName"":""Categorisation"",""hidden"":false,""ord"":20,""allowedVocabularies"":[{""code"":""iso-639-3"",""scheme"":""https://vocabs.acdh.oeaw.ac.at/iso6393/Schema"",""namespace"":""https://vocabs.acdh.oeaw.ac.at/iso6393/"",""label"":""ISO 639-3 Language Codes"",""closed"":true}]},""concept"":{""code"":""swe"",""vocabulary"":{""code"":""iso-639-3"",""scheme"":""https://vocabs.acdh.oeaw.ac.at/iso6393/Schema"",""namespace"":""https://vocabs.acdh.oeaw.ac.at/iso6393/"",""label"":""ISO 639-3 Language Codes"",""closed"":true},""label"":""Swedish"",""notation"":"""",""uri"":""https://vocabs.acdh.oeaw.ac.at/iso6393/swe"",""candidate"":false}},{""type"":{""code"":""extent"",""label"":""Extent"",""type"":""string"",""groupName"":""Categorisation"",""hidden"":false,""ord"":26},""value"":""8.7 billion words""},{""type"":{""code"":""keyword"",""label"":""Keyword"",""type"":""concept"",""groupName"":""Categorisation"",""hidden"":false,""ord"":18,""allowedVocabularies"":[{""code"":""sshoc-keyword"",""scheme"":""https://vocabs.sshopencloud.eu/vocabularies/sshomp-keyword/"",""namespace"":""https://vocabs.sshopencloud.eu/vocabularies/sshomp-keyword/"",""label"":""Keywords from SSHOMP"",""closed"":false}]},""concept"":{""code"":""historical_corpora"",""vocabulary"":{""code"":""sshoc-keyword"",""scheme"":""https://vocabs.sshopencloud.eu/vocabularies/sshomp-keyword/"",""namespace"":""https://vocabs.sshopencloud.eu/vocabularies/sshomp-keyword/"",""label"":""Keywords from SSHOMP"",""closed"":false},""label"":""Historical Corpora"",""notation"":"""",""uri"":""https://vocabs.sshopencloud.eu/vocabularies/sshomp-keyword/historical_corpora"",""candidate"":false}},{""type"":{""code"":""terms-of-use"",""label"":""Terms Of Use"",""type"":""string"",""groupName"":""Access"",""hidden"":false,""ord"":3},""value"":""CC-BY""}]",[],"[""http://urn.fi/urn:nbn:fi:lb-201405276""]",corpora%2Fhistorical-corpora%2Fnews-fin.json,[],[],764,DACE Importer,DACE Importer,enabled,2022-07-26T14:42:54+0000,system-moderator,True,652.0,CLARIN Resource Families,https://github.com/clarin-eric/clarin-resource-families,https://github.com/clarin-eric/clarin-resource-families/blob/main/{source-item-id},,,,,,,,,,,,,,,,,,,,,
dataset/sITj2U,76115,dataset,The Newspaper and Periodical OCR Corpus of the National Library of Finland (1771-1874),sITj2U,2025-07-04T10:14:05+0000,approved,This corpus contains newspaper articles from 1771 to 1874.,[],"[{""type"":{""code"":""language"",""label"":""Language"",""type"":""concept"",""groupName"":""Categorisation"",""hidden"":false,""ord"":20,""allowedVocabularies"":[{""code"":""iso-639-3"",""scheme"":""https://vocabs.acdh.oeaw.ac.at/iso6393/Schema"",""namespace"":""https://vocabs.acdh.oeaw.ac.at/iso6393/"",""label"":""ISO 639-3 Language Codes"",""closed"":true}]},""concept"":{""code"":""fin"",""vocabulary"":{""code"":""iso-639-3"",""scheme"":""https://vocabs.acdh.oeaw.ac.at/iso6393/Schema"",""namespace"":""https://vocabs.acdh.oeaw.ac.at/iso6393/"",""label"":""ISO 639-3 Language Codes"",""closed"":true},""label"":""Finnish"",""notation"":"""",""uri"":""https://vocabs.acdh.oeaw.ac.at/iso6393/fin"",""candidate"":false}},{""type"":{""code"":""language"",""label"":""Language"",""type"":""concept"",""groupName"":""Categorisation"",""hidden"":false,""ord"":20,""allowedVocabularies"":[{""code"":""iso-639-3"",""scheme"":""https://vocabs.acdh.oeaw.ac.at/iso6393/Schema"",""namespace"":""https://vocabs.acdh.oeaw.ac.at/iso6393/"",""label"":""ISO 639-3 Language Codes"",""closed"":true}]},""concept"":{""code"":""swe"",""vocabulary"":{""code"":""iso-639-3"",""scheme"":""https://vocabs.acdh.oeaw.ac.at/iso6393/Schema"",""namespace"":""https://vocabs.acdh.oeaw.ac.at/iso6393/"",""label"":""ISO 639-3 Language Codes"",""closed"":true},""label"":""Swedish"",""notation"":"""",""uri"":""https://vocabs.acdh.oeaw.ac.at/iso6393/swe"",""candidate"":false}},{""type"":{""code"":""keyword"",""label"":""Keyword"",""type"":""concept"",""groupName"":""Categorisation"",""hidden"":false,""ord"":18,""allowedVocabularies"":[{""code"":""sshoc-keyword"",""scheme"":""https://vocabs.sshopencloud.eu/vocabularies/sshomp-keyword/"",""namespace"":""https://vocabs.sshopencloud.eu/vocabularies/sshomp-keyword/"",""label"":""Keywords from SSHOMP"",""closed"":false}]},""concept"":{""code"":""historical_corpora"",""vocabulary"":{""code"":""sshoc-keyword"",""scheme"":""https://vocabs.sshopencloud.eu/vocabularies/sshomp-keyword/"",""namespace"":""https://vocabs.sshopencloud.eu/vocabularies/sshomp-keyword/"",""label"":""Keywords from SSHOMP"",""closed"":false},""label"":""Historical Corpora"",""notation"":"""",""uri"":""https://vocabs.sshopencloud.eu/vocabularies/sshomp-keyword/historical_corpora"",""candidate"":false}},{""type"":{""code"":""terms-of-use"",""label"":""Terms Of Use"",""type"":""string"",""groupName"":""Access"",""hidden"":false,""ord"":3},""value"":""CC-BY""},{""type"":{""code"":""see-also"",""label"":""See also"",""type"":""url"",""groupName"":""Context"",""hidden"":false,""ord"":30},""value"":""http://urn.fi/urn:nbn:fi:lb-201505112""}]",[],"[""http://urn.fi/urn:nbn:fi:lb-2015051201""]",corpora%2Fhistorical-corpora%2Fnews-fin-17-18.json,[],[],764,DACE Importer,DACE Importer,enabled,2022-07-26T14:42:54+0000,system-moderator,True,652.0,CLARIN Resource Families,https://github.com/clarin-eric/clarin-resource-families,https://github.com/clarin-eric/clarin-resource-families/blob/main/{source-item-id},,,,,,,,,,,,,,,,,,,,,
dataset/5DmEsB,76520,dataset,The Newspaper and Periodical OCR Corpus of the National Library of Finland (1771-1874),5DmEsB,2025-07-04T10:15:45+0000,approved,"This corpus contains articles from a large variety of Finnish and Swedish newspapers (over 100 for each language) from 1771 to 1874.
The corpus can be downloaded from FIN-CLARIN.",[],"[{""type"":{""code"":""language"",""label"":""Language"",""type"":""concept"",""groupName"":""Categorisation"",""hidden"":false,""ord"":20,""allowedVocabularies"":[{""code"":""iso-639-3"",""scheme"":""https://vocabs.acdh.oeaw.ac.at/iso6393/Schema"",""namespace"":""https://vocabs.acdh.oeaw.ac.at/iso6393/"",""label"":""ISO 639-3 Language Codes"",""closed"":true}]},""concept"":{""code"":""swe"",""vocabulary"":{""code"":""iso-639-3"",""scheme"":""https://vocabs.acdh.oeaw.ac.at/iso6393/Schema"",""namespace"":""https://vocabs.acdh.oeaw.ac.at/iso6393/"",""label"":""ISO 639-3 Language Codes"",""closed"":true},""label"":""Swedish"",""notation"":"""",""uri"":""https://vocabs.acdh.oeaw.ac.at/iso6393/swe"",""candidate"":false}},{""type"":{""code"":""language"",""label"":""Language"",""type"":""concept"",""groupName"":""Categorisation"",""hidden"":false,""ord"":20,""allowedVocabularies"":[{""code"":""iso-639-3"",""scheme"":""https://vocabs.acdh.oeaw.ac.at/iso6393/Schema"",""namespace"":""https://vocabs.acdh.oeaw.ac.at/iso6393/"",""label"":""ISO 639-3 Language Codes"",""closed"":true}]},""concept"":{""code"":""fin"",""vocabulary"":{""code"":""iso-639-3"",""scheme"":""https://vocabs.acdh.oeaw.ac.at/iso6393/Schema"",""namespace"":""https://vocabs.acdh.oeaw.ac.at/iso6393/"",""label"":""ISO 639-3 Language Codes"",""closed"":true},""label"":""Finnish"",""notation"":"""",""uri"":""https://vocabs.acdh.oeaw.ac.at/iso6393/fin"",""candidate"":false}},{""type"":{""code"":""keyword"",""label"":""Keyword"",""type"":""concept"",""groupName"":""Categorisation"",""hidden"":false,""ord"":18,""allowedVocabularies"":[{""code"":""sshoc-keyword"",""scheme"":""https://vocabs.sshopencloud.eu/vocabularies/sshomp-keyword/"",""namespace"":""https://vocabs.sshopencloud.eu/vocabularies/sshomp-keyword/"",""label"":""Keywords from SSHOMP"",""closed"":false}]},""concept"":{""code"":""Newspaper+corpora"",""vocabulary"":{""code"":""sshoc-keyword"",""scheme"":""https://vocabs.sshopencloud.eu/vocabularies/sshomp-keyword/"",""namespace"":""https://vocabs.sshopencloud.eu/vocabularies/sshomp-keyword/"",""label"":""Keywords from SSHOMP"",""closed"":false},""label"":""Newspaper corpora"",""notation"":"""",""uri"":""https://vocabs.sshopencloud.eu/vocabularies/sshomp-keyword/Newspaper+corpora"",""candidate"":false}},{""type"":{""code"":""terms-of-use"",""label"":""Terms Of Use"",""type"":""string"",""groupName"":""Access"",""hidden"":false,""ord"":3},""value"":""CC-BY""},{""type"":{""code"":""see-also"",""label"":""See also"",""type"":""url"",""groupName"":""Context"",""hidden"":false,""ord"":30},""value"":""https://korp.csc.fi/download/Digilib/1771_1874/""}]",[],"[""http://urn.fi/urn:nbn:fi:lb-2015051201""]",corpora%2Fnewspaper-corpora%2Fnews-ocr-fin.json,[],[],764,DACE Importer,DACE Importer,enabled,2022-07-26T14:42:54+0000,system-moderator,True,652.0,CLARIN Resource Families,https://github.com/clarin-eric/clarin-resource-families,https://github.com/clarin-eric/clarin-resource-families/blob/main/{source-item-id},,,,,,,,,,,,,,,,,,,,,
dataset/9g8kVo,78400,dataset,The Old Bailey Corpus,9g8kVo,2025-08-26T15:12:39+0000,approved,"This historical corpus consists of [Proceedings of the Old Bailey](http://www.oldbaileyonline.org/); the Old Bailey was London’s central criminal court between 1674 and 1913. The corpus is annotated for detailed utterance-level sociolinguistic annotation at the following three levels: sociobiographical speaker information (gender, age, occupation, social class), pragmatic information (speaker role in the courtroom such as judge, witness, etc.), and metatextual information (the scribe, printer, and publisher of the individual Proceeding).

The corpus is available for download from CLARIN-D (Saarland University) and for online browsing through CQPWeb. 
For the corpus manual, see [Huber et al. (2016).](https://www.clarin.eu/resource-families/historical-corpora#Huber%20et%20al.%202016)

This corpus contains proceedings of the Old Bailey (i.e., legal documents) from 1674 to 1913.",[],"[{""type"":{""code"":""extent"",""label"":""Extent"",""type"":""string"",""groupName"":""Categorisation"",""hidden"":false,""ord"":26},""value"":""24.4 million words""},{""type"":{""code"":""keyword"",""label"":""Keyword"",""type"":""concept"",""groupName"":""Categorisation"",""hidden"":false,""ord"":18,""allowedVocabularies"":[{""code"":""sshoc-keyword"",""scheme"":""https://vocabs.sshopencloud.eu/vocabularies/sshomp-keyword/"",""namespace"":""https://vocabs.sshopencloud.eu/vocabularies/sshomp-keyword/"",""label"":""Keywords from SSHOMP"",""closed"":false}]},""concept"":{""code"":""sociolinguistic+annotation"",""vocabulary"":{""code"":""sshoc-keyword"",""scheme"":""https://vocabs.sshopencloud.eu/vocabularies/sshomp-keyword/"",""namespace"":""https://vocabs.sshopencloud.eu/vocabularies/sshomp-keyword/"",""label"":""Keywords from SSHOMP"",""closed"":false},""label"":""sociolinguistic annotation"",""notation"":"""",""uri"":""https://vocabs.sshopencloud.eu/vocabularies/sshomp-keyword/sociolinguistic+annotation"",""candidate"":false}},{""type"":{""code"":""keyword"",""label"":""Keyword"",""type"":""concept"",""groupName"":""Categorisation"",""hidden"":false,""ord"":18,""allowedVocabularies"":[{""code"":""sshoc-keyword"",""scheme"":""https://vocabs.sshopencloud.eu/vocabularies/sshomp-keyword/"",""namespace"":""https://vocabs.sshopencloud.eu/vocabularies/sshomp-keyword/"",""label"":""Keywords from SSHOMP"",""closed"":false}]},""concept"":{""code"":""Legal+corpora"",""vocabulary"":{""code"":""sshoc-keyword"",""scheme"":""https://vocabs.sshopencloud.eu/vocabularies/sshomp-keyword/"",""namespace"":""https://vocabs.sshopencloud.eu/vocabularies/sshomp-keyword/"",""label"":""Keywords from SSHOMP"",""closed"":false},""label"":""Legal corpora"",""notation"":"""",""uri"":""https://vocabs.sshopencloud.eu/vocabularies/sshomp-keyword/Legal+corpora"",""candidate"":false}},{""type"":{""code"":""see-also"",""label"":""See also"",""type"":""url"",""groupName"":""Context"",""hidden"":false,""ord"":30},""value"":""http://corpora.clarin-d.uni-saarland.de/cqpweb""},{""type"":{""code"":""see-also"",""label"":""See also"",""type"":""url"",""groupName"":""Context"",""hidden"":false,""ord"":30},""value"":""http://fedora.clarin-d.uni-saarland.de/oldbailey/downloads.html""},{""type"":{""code"":""keyword"",""label"":""Keyword"",""type"":""concept"",""groupName"":""Categorisation"",""hidden"":false,""ord"":18,""allowedVocabularies"":[{""code"":""sshoc-keyword"",""scheme"":""https://vocabs.sshopencloud.eu/vocabularies/sshomp-keyword/"",""namespace"":""https://vocabs.sshopencloud.eu/vocabularies/sshomp-keyword/"",""label"":""Keywords from SSHOMP"",""closed"":false}]},""concept"":{""code"":""English+%28Late+Modern%29"",""vocabulary"":{""code"":""sshoc-keyword"",""scheme"":""https://vocabs.sshopencloud.eu/vocabularies/sshomp-keyword/"",""namespace"":""https://vocabs.sshopencloud.eu/vocabularies/sshomp-keyword/"",""label"":""Keywords from SSHOMP"",""closed"":false},""label"":""English (Late Modern)"",""notation"":"""",""uri"":""https://vocabs.sshopencloud.eu/vocabularies/sshomp-keyword/English+%28Late+Modern%29"",""candidate"":false}},{""type"":{""code"":""extent"",""label"":""Extent"",""type"":""string"",""groupName"":""Categorisation"",""hidden"":false,""ord"":26},""value"":""134 million words""},{""type"":{""code"":""keyword"",""label"":""Keyword"",""type"":""concept"",""groupName"":""Categorisation"",""hidden"":false,""ord"":18,""allowedVocabularies"":[{""code"":""sshoc-keyword"",""scheme"":""https://vocabs.sshopencloud.eu/vocabularies/sshomp-keyword/"",""namespace"":""https://vocabs.sshopencloud.eu/vocabularies/sshomp-keyword/"",""label"":""Keywords from SSHOMP"",""closed"":false}]},""concept"":{""code"":""detailed+sociobiographical"",""vocabulary"":{""code"":""sshoc-keyword"",""scheme"":""https://vocabs.sshopencloud.eu/vocabularies/sshomp-keyword/"",""namespace"":""https://vocabs.sshopencloud.eu/vocabularies/sshomp-keyword/"",""label"":""Keywords from SSHOMP"",""closed"":false},""label"":""detailed sociobiographical"",""notation"":"""",""uri"":""https://vocabs.sshopencloud.eu/vocabularies/sshomp-keyword/detailed+sociobiographical"",""candidate"":false}},{""type"":{""code"":""keyword"",""label"":""Keyword"",""type"":""concept"",""groupName"":""Categorisation"",""hidden"":false,""ord"":18,""allowedVocabularies"":[{""code"":""sshoc-keyword"",""scheme"":""https://vocabs.sshopencloud.eu/vocabularies/sshomp-keyword/"",""namespace"":""https://vocabs.sshopencloud.eu/vocabularies/sshomp-keyword/"",""label"":""Keywords from SSHOMP"",""closed"":false}]},""concept"":{""code"":""historical_corpora"",""vocabulary"":{""code"":""sshoc-keyword"",""scheme"":""https://vocabs.sshopencloud.eu/vocabularies/sshomp-keyword/"",""namespace"":""https://vocabs.sshopencloud.eu/vocabularies/sshomp-keyword/"",""label"":""Keywords from SSHOMP"",""closed"":false},""label"":""Historical Corpora"",""notation"":"""",""uri"":""https://vocabs.sshopencloud.eu/vocabularies/sshomp-keyword/historical_corpora"",""candidate"":false}},{""type"":{""code"":""keyword"",""label"":""Keyword"",""type"":""concept"",""groupName"":""Categorisation"",""hidden"":false,""ord"":18,""allowedVocabularies"":[{""code"":""sshoc-keyword"",""scheme"":""https://vocabs.sshopencloud.eu/vocabularies/sshomp-keyword/"",""namespace"":""https://vocabs.sshopencloud.eu/vocabularies/sshomp-keyword/"",""label"":""Keywords from SSHOMP"",""closed"":false}]},""concept"":{""code"":""pragmatic+and+textual+annotation"",""vocabulary"":{""code"":""sshoc-keyword"",""scheme"":""https://vocabs.sshopencloud.eu/vocabularies/sshomp-keyword/"",""namespace"":""https://vocabs.sshopencloud.eu/vocabularies/sshomp-keyword/"",""label"":""Keywords from SSHOMP"",""closed"":false},""label"":""pragmatic and textual annotation"",""notation"":"""",""uri"":""https://vocabs.sshopencloud.eu/vocabularies/sshomp-keyword/pragmatic+and+textual+annotation"",""candidate"":false}},{""type"":{""code"":""see-also"",""label"":""See also"",""type"":""url"",""groupName"":""Context"",""hidden"":false,""ord"":30},""value"":""http://fedora.clarin-d.uni-saarland.de/oldbailey/downloads/OBC_2.0_Manual%202016-07-13.pdf""},{""type"":{""code"":""license"",""label"":""License"",""type"":""concept"",""groupName"":""Access"",""hidden"":false,""ord"":1,""allowedVocabularies"":[{""code"":""software-license"",""scheme"":""https://sshoc.poolparty.biz/Vocabularies/f8e37d35-c5fe-48d5-a9e1-2f8116726980"",""namespace"":""http://spdx.org/licenses/"",""label"":""Software License"",""closed"":true}]},""concept"":{""code"":""CC-BY-NC-SA-4.0"",""vocabulary"":{""code"":""software-license"",""scheme"":""https://sshoc.poolparty.biz/Vocabularies/f8e37d35-c5fe-48d5-a9e1-2f8116726980"",""namespace"":""http://spdx.org/licenses/"",""label"":""Software License"",""closed"":true},""label"":""Creative Commons Attribution Non Commercial Share Alike 4.0 International"",""notation"":"""",""uri"":""http://spdx.org/licenses/CC-BY-NC-SA-4.0"",""candidate"":false}},{""type"":{""code"":""terms-of-use"",""label"":""Terms Of Use"",""type"":""string"",""groupName"":""Access"",""hidden"":false,""ord"":3},""value"":""CC-BY-NC-SA 4.0""}]",[],"[""http://hdl.handle.net/11858/00-246C-0000-0023-8CFB-2""]",,"[{""id"":78401,""persistentId"":""85qlGu"",""category"":""tool-or-service"",""label"":""CLARIND-UdS Repository (Saarbr\u00fccken)"",""description"":""The **CLARIND-UdS** data center is part of the [Text+](https://text-plus.org/en/) infrastructure and operated by the [Department of Language Science and Technology](https://www.uni-saarland.de/en/department/lst.html) at [Saarland University](https://www.uni-saarland.de/en/home.html). As a [CLARIN B-centre](https://www.clarin.eu/content/certified-b-centres), it is certified with the [CoreTrustSeal](https://www.coretrustseal.org/). The data centre specializes in register corpora, multilingual corpora and translation corpora. More than 100 data resources have been archived in the repository. The resources can be found through the [Virtual Language Observatory (VLO)](https://vlo.clarin.eu/search?3&fq=collection:Universit%C3%A4t+des+Saarlandes+CLARIN-D-Zentrum,+Saarbr%C3%BCcken&fqType=collection:or). In addition, a selection of the archived corpora is searchable through the [Federated Content Search](https://fcs.text-plus.org/).\n\nThis resource is supported by [Text+](https://text-plus.org/en/). In case of questions you may get in touch with the [Text+ helpdesk](https://text-plus.org/en/contact/) at `textplus-support@gwdg.de`."",""relation"":{""code"":""relates-to"",""label"":""Relates to"",""inverseOf"":""is-related-to""}},{""id"":78402,""persistentId"":""foYe7p"",""category"":""tool-or-service"",""label"":""CLARIND-UdS FCS Endpoint (Saarbr\u00fccken)"",""description"":""The **CLARIND-UdS** data center is part of the [Text+](https://text-plus.org/en/) infrastructure and operated by the [Department of Language Science and Technology](https://www.uni-saarland.de/en/department/lst.html) at [Saarland University](https://www.uni-saarland.de/en/home.html).\n\nA selection of its archived resources is searchable through the [Text+ Federated Content Search (FCS)](https://marketplace.sshopencloud.eu/tool-or-service/VFhPbo):\n\n- [CLMET: The Corpus of Late Modern English Texts (v3.1)](https://fedora.clarin-d.uni-saarland.de/clmet/clmet.html)\n- [GRUG Treebank German](https://fedora.clarin-d.uni-saarland.de/grug/)\n- [OBC: The Old Bailey Corpus](https://fedora.clarin-d.uni-saarland.de/oldbailey/)\n- [PolDiLemma: Middle Polish Diachrone Lemmatised Corpus](http://fedora.clarin-d.uni-saarland.de/poldilemma/)\n- [RSC: The Royal Society Corpus (v2.0)](https://fedora.clarin-d.uni-saarland.de/rsc/)\n- [SaCoCo: Saarbr\u00fccken Cookbook Corpus](https://fedora.clarin-d.uni-saarland.de/sacoco/)\n\nThis resource is supported by [Text+](https://text-plus.org/en/). In case of questions you may get in touch with the [Text+ helpdesk](https://text-plus.org/en/contact/) at `textplus-support@gwdg.de`."",""relation"":{""code"":""relates-to"",""label"":""Relates to"",""inverseOf"":""is-related-to""}}]",[],5,System moderator,System Moderator,enabled,2021-09-03T13:37:00+0000,system-moderator,True,,,,,,,,,,,,,,,,,,,,,,,,,
dataset/y35wOK,76705,dataset,TreeBankPT,y35wOK,2025-07-04T10:16:37+0000,approved,"This is a corpus of syntactic constituency trees. The sentences are translations from the Wall Street Journal.
The corpus is available from PORTULAN.",[],"[{""type"":{""code"":""language"",""label"":""Language"",""type"":""concept"",""groupName"":""Categorisation"",""hidden"":false,""ord"":20,""allowedVocabularies"":[{""code"":""iso-639-3"",""scheme"":""https://vocabs.acdh.oeaw.ac.at/iso6393/Schema"",""namespace"":""https://vocabs.acdh.oeaw.ac.at/iso6393/"",""label"":""ISO 639-3 Language Codes"",""closed"":true}]},""concept"":{""code"":""por"",""vocabulary"":{""code"":""iso-639-3"",""scheme"":""https://vocabs.acdh.oeaw.ac.at/iso6393/Schema"",""namespace"":""https://vocabs.acdh.oeaw.ac.at/iso6393/"",""label"":""ISO 639-3 Language Codes"",""closed"":true},""label"":""Portuguese"",""notation"":"""",""uri"":""https://vocabs.acdh.oeaw.ac.at/iso6393/por"",""candidate"":false}},{""type"":{""code"":""extent"",""label"":""Extent"",""type"":""string"",""groupName"":""Categorisation"",""hidden"":false,""ord"":26},""value"":""3,406 sentences""},{""type"":{""code"":""extent"",""label"":""Extent"",""type"":""string"",""groupName"":""Categorisation"",""hidden"":false,""ord"":26},""value"":""4,598 tokens""},{""type"":{""code"":""keyword"",""label"":""Keyword"",""type"":""concept"",""groupName"":""Categorisation"",""hidden"":false,""ord"":18,""allowedVocabularies"":[{""code"":""sshoc-keyword"",""scheme"":""https://vocabs.sshopencloud.eu/vocabularies/sshomp-keyword/"",""namespace"":""https://vocabs.sshopencloud.eu/vocabularies/sshomp-keyword/"",""label"":""Keywords from SSHOMP"",""closed"":false}]},""concept"":{""code"":""Manually+annotated+corpora"",""vocabulary"":{""code"":""sshoc-keyword"",""scheme"":""https://vocabs.sshopencloud.eu/vocabularies/sshomp-keyword/"",""namespace"":""https://vocabs.sshopencloud.eu/vocabularies/sshomp-keyword/"",""label"":""Keywords from SSHOMP"",""closed"":false},""label"":""Manually annotated corpora"",""notation"":"""",""uri"":""https://vocabs.sshopencloud.eu/vocabularies/sshomp-keyword/Manually+annotated+corpora"",""candidate"":false}},{""type"":{""code"":""terms-of-use"",""label"":""Terms Of Use"",""type"":""string"",""groupName"":""Access"",""hidden"":false,""ord"":3},""value"":""CC BY""},{""type"":{""code"":""see-also"",""label"":""See also"",""type"":""url"",""groupName"":""Context"",""hidden"":false,""ord"":30},""value"":""https://hdl.handle.net/21.11129/0000-000B-D34B-3""}]",[],"[""https://hdl.handle.net/21.11129/0000-000B-D34B-3""]",corpora%2Fmanually-annotated-corpora%2Ftreebank-pt.json,[],[],764,DACE Importer,DACE Importer,enabled,2022-07-26T14:42:54+0000,system-moderator,True,652.0,CLARIN Resource Families,https://github.com/clarin-eric/clarin-resource-families,https://github.com/clarin-eric/clarin-resource-families/blob/main/{source-item-id},,,,,,,,,,,,,,,,,,,,,
dataset/DUmHLq,76720,dataset,Tübingen Treebank of Written German / Newspaper Corpus,DUmHLq,2025-07-04T10:16:40+0000,approved,"This corpus contains articles from the German newspaper [Die Tageszeitung](http://www.taz.de/).
The corpus is available through a dedicated concordancer with an institutional account.",[],"[{""type"":{""code"":""language"",""label"":""Language"",""type"":""concept"",""groupName"":""Categorisation"",""hidden"":false,""ord"":20,""allowedVocabularies"":[{""code"":""iso-639-3"",""scheme"":""https://vocabs.acdh.oeaw.ac.at/iso6393/Schema"",""namespace"":""https://vocabs.acdh.oeaw.ac.at/iso6393/"",""label"":""ISO 639-3 Language Codes"",""closed"":true}]},""concept"":{""code"":""deu"",""vocabulary"":{""code"":""iso-639-3"",""scheme"":""https://vocabs.acdh.oeaw.ac.at/iso6393/Schema"",""namespace"":""https://vocabs.acdh.oeaw.ac.at/iso6393/"",""label"":""ISO 639-3 Language Codes"",""closed"":true},""label"":""German"",""notation"":"""",""uri"":""https://vocabs.acdh.oeaw.ac.at/iso6393/deu"",""candidate"":false}},{""type"":{""code"":""extent"",""label"":""Extent"",""type"":""string"",""groupName"":""Categorisation"",""hidden"":false,""ord"":26},""value"":""1.8 million tokens""},{""type"":{""code"":""keyword"",""label"":""Keyword"",""type"":""concept"",""groupName"":""Categorisation"",""hidden"":false,""ord"":18,""allowedVocabularies"":[{""code"":""sshoc-keyword"",""scheme"":""https://vocabs.sshopencloud.eu/vocabularies/sshomp-keyword/"",""namespace"":""https://vocabs.sshopencloud.eu/vocabularies/sshomp-keyword/"",""label"":""Keywords from SSHOMP"",""closed"":false}]},""concept"":{""code"":""tokenised"",""vocabulary"":{""code"":""sshoc-keyword"",""scheme"":""https://vocabs.sshopencloud.eu/vocabularies/sshomp-keyword/"",""namespace"":""https://vocabs.sshopencloud.eu/vocabularies/sshomp-keyword/"",""label"":""Keywords from SSHOMP"",""closed"":false},""label"":""tokenised"",""notation"":"""",""uri"":""https://vocabs.sshopencloud.eu/vocabularies/sshomp-keyword/tokenised"",""candidate"":false}},{""type"":{""code"":""keyword"",""label"":""Keyword"",""type"":""concept"",""groupName"":""Categorisation"",""hidden"":false,""ord"":18,""allowedVocabularies"":[{""code"":""sshoc-keyword"",""scheme"":""https://vocabs.sshopencloud.eu/vocabularies/sshomp-keyword/"",""namespace"":""https://vocabs.sshopencloud.eu/vocabularies/sshomp-keyword/"",""label"":""Keywords from SSHOMP"",""closed"":false}]},""concept"":{""code"":""lemmatised"",""vocabulary"":{""code"":""sshoc-keyword"",""scheme"":""https://vocabs.sshopencloud.eu/vocabularies/sshomp-keyword/"",""namespace"":""https://vocabs.sshopencloud.eu/vocabularies/sshomp-keyword/"",""label"":""Keywords from SSHOMP"",""closed"":false},""label"":""lemmatised"",""notation"":"""",""uri"":""https://vocabs.sshopencloud.eu/vocabularies/sshomp-keyword/lemmatised"",""candidate"":false}},{""type"":{""code"":""keyword"",""label"":""Keyword"",""type"":""concept"",""groupName"":""Categorisation"",""hidden"":false,""ord"":18,""allowedVocabularies"":[{""code"":""sshoc-keyword"",""scheme"":""https://vocabs.sshopencloud.eu/vocabularies/sshomp-keyword/"",""namespace"":""https://vocabs.sshopencloud.eu/vocabularies/sshomp-keyword/"",""label"":""Keywords from SSHOMP"",""closed"":false}]},""concept"":{""code"":""Newspaper+corpora"",""vocabulary"":{""code"":""sshoc-keyword"",""scheme"":""https://vocabs.sshopencloud.eu/vocabularies/sshomp-keyword/"",""namespace"":""https://vocabs.sshopencloud.eu/vocabularies/sshomp-keyword/"",""label"":""Keywords from SSHOMP"",""closed"":false},""label"":""Newspaper corpora"",""notation"":"""",""uri"":""https://vocabs.sshopencloud.eu/vocabularies/sshomp-keyword/Newspaper+corpora"",""candidate"":false}},{""type"":{""code"":""terms-of-use"",""label"":""Terms Of Use"",""type"":""string"",""groupName"":""Access"",""hidden"":false,""ord"":3},""value"":""CLARIN RES""}]",[],"[""https://uni-tuebingen.de/en/faculties/faculty-of-humanities/departments/modern-languages/department-of-linguistics/chairs/general-and-computational-linguistics/ressources/corpora/tueba-dz/""]",corpora%2Fnewspaper-corpora%2Ftuebingen-tree.json,[],[],764,DACE Importer,DACE Importer,enabled,2022-07-26T14:42:54+0000,system-moderator,True,652.0,CLARIN Resource Families,https://github.com/clarin-eric/clarin-resource-families,https://github.com/clarin-eric/clarin-resource-families/blob/main/{source-item-id},,,,,,,,,,,,,,,,,,,,,
dataset/JL2FjW,76706,dataset,Tübingen Treebank of Written German / Newspaper Corpus (TüBa-D/Z),JL2FjW,2025-07-04T10:16:37+0000,approved,"This corpus contains newspaper articles.
The corpus is available for download from the Tübingen CLARIN Repository.",[],"[{""type"":{""code"":""language"",""label"":""Language"",""type"":""concept"",""groupName"":""Categorisation"",""hidden"":false,""ord"":20,""allowedVocabularies"":[{""code"":""iso-639-3"",""scheme"":""https://vocabs.acdh.oeaw.ac.at/iso6393/Schema"",""namespace"":""https://vocabs.acdh.oeaw.ac.at/iso6393/"",""label"":""ISO 639-3 Language Codes"",""closed"":true}]},""concept"":{""code"":""deu"",""vocabulary"":{""code"":""iso-639-3"",""scheme"":""https://vocabs.acdh.oeaw.ac.at/iso6393/Schema"",""namespace"":""https://vocabs.acdh.oeaw.ac.at/iso6393/"",""label"":""ISO 639-3 Language Codes"",""closed"":true},""label"":""German"",""notation"":"""",""uri"":""https://vocabs.acdh.oeaw.ac.at/iso6393/deu"",""candidate"":false}},{""type"":{""code"":""extent"",""label"":""Extent"",""type"":""string"",""groupName"":""Categorisation"",""hidden"":false,""ord"":26},""value"":""1.9 million tokens""},{""type"":{""code"":""keyword"",""label"":""Keyword"",""type"":""concept"",""groupName"":""Categorisation"",""hidden"":false,""ord"":18,""allowedVocabularies"":[{""code"":""sshoc-keyword"",""scheme"":""https://vocabs.sshopencloud.eu/vocabularies/sshomp-keyword/"",""namespace"":""https://vocabs.sshopencloud.eu/vocabularies/sshomp-keyword/"",""label"":""Keywords from SSHOMP"",""closed"":false}]},""concept"":{""code"":""syntactic+parsing"",""vocabulary"":{""code"":""sshoc-keyword"",""scheme"":""https://vocabs.sshopencloud.eu/vocabularies/sshomp-keyword/"",""namespace"":""https://vocabs.sshopencloud.eu/vocabularies/sshomp-keyword/"",""label"":""Keywords from SSHOMP"",""closed"":false},""label"":""syntactic parsing"",""notation"":"""",""uri"":""https://vocabs.sshopencloud.eu/vocabularies/sshomp-keyword/syntactic+parsing"",""candidate"":false}},{""type"":{""code"":""keyword"",""label"":""Keyword"",""type"":""concept"",""groupName"":""Categorisation"",""hidden"":false,""ord"":18,""allowedVocabularies"":[{""code"":""sshoc-keyword"",""scheme"":""https://vocabs.sshopencloud.eu/vocabularies/sshomp-keyword/"",""namespace"":""https://vocabs.sshopencloud.eu/vocabularies/sshomp-keyword/"",""label"":""Keywords from SSHOMP"",""closed"":false}]},""concept"":{""code"":""Manually+annotated+corpora"",""vocabulary"":{""code"":""sshoc-keyword"",""scheme"":""https://vocabs.sshopencloud.eu/vocabularies/sshomp-keyword/"",""namespace"":""https://vocabs.sshopencloud.eu/vocabularies/sshomp-keyword/"",""label"":""Keywords from SSHOMP"",""closed"":false},""label"":""Manually annotated corpora"",""notation"":"""",""uri"":""https://vocabs.sshopencloud.eu/vocabularies/sshomp-keyword/Manually+annotated+corpora"",""candidate"":false}},{""type"":{""code"":""terms-of-use"",""label"":""Terms Of Use"",""type"":""string"",""groupName"":""Access"",""hidden"":false,""ord"":3},""value"":""CLARIN RES""},{""type"":{""code"":""see-also"",""label"":""See also"",""type"":""url"",""groupName"":""Context"",""hidden"":false,""ord"":30},""value"":""https://vlo.clarin.eu/record?7&docId=http_58__47__47_hdl.handle.net_47_11858_47_00-1778-0000-0005-896C-F&q=treebank+written+german&index=4&count=21""}]",[],"[""https://uni-tuebingen.de/en/faculties/faculty-of-humanities/departments/modern-languages/department-of-linguistics/chairs/general-and-computational-linguistics/ressources/corpora/tueba-dz/""]",corpora%2Fmanually-annotated-corpora%2Ftueba-dz.json,[],[],764,DACE Importer,DACE Importer,enabled,2022-07-26T14:42:54+0000,system-moderator,True,652.0,CLARIN Resource Families,https://github.com/clarin-eric/clarin-resource-families,https://github.com/clarin-eric/clarin-resource-families/blob/main/{source-item-id},,,,,,,,,,,,,,,,,,,,,
dataset/q9vZd9,76451,dataset,Ultraphonix,q9vZd9,2025-07-04T10:15:29+0000,approved,"This is a corpus of ultrasound and audio recordings from children with speech sound disorders. It contains data from 20 speakers (16 male, 4 female), aged 6-13 years. ",[],"[{""type"":{""code"":""extent"",""label"":""Extent"",""type"":""string"",""groupName"":""Categorisation"",""hidden"":false,""ord"":26},""value"":""19 hours""},{""type"":{""code"":""keyword"",""label"":""Keyword"",""type"":""concept"",""groupName"":""Categorisation"",""hidden"":false,""ord"":18,""allowedVocabularies"":[{""code"":""sshoc-keyword"",""scheme"":""https://vocabs.sshopencloud.eu/vocabularies/sshomp-keyword/"",""namespace"":""https://vocabs.sshopencloud.eu/vocabularies/sshomp-keyword/"",""label"":""Keywords from SSHOMP"",""closed"":false}]},""concept"":{""code"":""Orthographic"",""vocabulary"":{""code"":""sshoc-keyword"",""scheme"":""https://vocabs.sshopencloud.eu/vocabularies/sshomp-keyword/"",""namespace"":""https://vocabs.sshopencloud.eu/vocabularies/sshomp-keyword/"",""label"":""Keywords from SSHOMP"",""closed"":false},""label"":""Orthographic"",""notation"":"""",""uri"":""https://vocabs.sshopencloud.eu/vocabularies/sshomp-keyword/Orthographic"",""candidate"":false}},{""type"":{""code"":""keyword"",""label"":""Keyword"",""type"":""concept"",""groupName"":""Categorisation"",""hidden"":false,""ord"":18,""allowedVocabularies"":[{""code"":""sshoc-keyword"",""scheme"":""https://vocabs.sshopencloud.eu/vocabularies/sshomp-keyword/"",""namespace"":""https://vocabs.sshopencloud.eu/vocabularies/sshomp-keyword/"",""label"":""Keywords from SSHOMP"",""closed"":false}]},""concept"":{""code"":""Corpora+of+Disordered+Speech"",""vocabulary"":{""code"":""sshoc-keyword"",""scheme"":""https://vocabs.sshopencloud.eu/vocabularies/sshomp-keyword/"",""namespace"":""https://vocabs.sshopencloud.eu/vocabularies/sshomp-keyword/"",""label"":""Keywords from SSHOMP"",""closed"":false},""label"":""Corpora of Disordered Speech"",""notation"":"""",""uri"":""https://vocabs.sshopencloud.eu/vocabularies/sshomp-keyword/Corpora%2Bof%2BDisordered%2BSpeech"",""candidate"":true}},{""type"":{""code"":""terms-of-use"",""label"":""Terms Of Use"",""type"":""string"",""groupName"":""Access"",""hidden"":false,""ord"":3},""value"":""open access""},{""type"":{""code"":""see-also"",""label"":""See also"",""type"":""url"",""groupName"":""Context"",""hidden"":false,""ord"":30},""value"":""https://ultrasuite.github.io/download/""}]",[],"[""https://ultrasuite.github.io/data/uxssd/""]",corpora%2Fcorpora-of-disordered-speech%2Fultraphonix.json,[],[],764,DACE Importer,DACE Importer,enabled,2022-07-26T14:42:54+0000,system-moderator,True,652.0,CLARIN Resource Families,https://github.com/clarin-eric/clarin-resource-families,https://github.com/clarin-eric/clarin-resource-families/blob/main/{source-item-id},,,,,,,,,,,,,,,,,,,,,
dataset/R7yRa6,76290,dataset,Ultrax Speech Sound Disorders,R7yRa6,2025-07-04T10:14:49+0000,approved,"This is a corpus of ultrasound and audio recordings from children with speech sound disorders.
It contains data from 8 speakers (2 female and 6 male), aged 5-10 years. ",[],"[{""type"":{""code"":""extent"",""label"":""Extent"",""type"":""string"",""groupName"":""Categorisation"",""hidden"":false,""ord"":26},""value"":""11 hours""},{""type"":{""code"":""keyword"",""label"":""Keyword"",""type"":""concept"",""groupName"":""Categorisation"",""hidden"":false,""ord"":18,""allowedVocabularies"":[{""code"":""sshoc-keyword"",""scheme"":""https://vocabs.sshopencloud.eu/vocabularies/sshomp-keyword/"",""namespace"":""https://vocabs.sshopencloud.eu/vocabularies/sshomp-keyword/"",""label"":""Keywords from SSHOMP"",""closed"":false}]},""concept"":{""code"":""Orthographic"",""vocabulary"":{""code"":""sshoc-keyword"",""scheme"":""https://vocabs.sshopencloud.eu/vocabularies/sshomp-keyword/"",""namespace"":""https://vocabs.sshopencloud.eu/vocabularies/sshomp-keyword/"",""label"":""Keywords from SSHOMP"",""closed"":false},""label"":""Orthographic"",""notation"":"""",""uri"":""https://vocabs.sshopencloud.eu/vocabularies/sshomp-keyword/Orthographic"",""candidate"":false}},{""type"":{""code"":""keyword"",""label"":""Keyword"",""type"":""concept"",""groupName"":""Categorisation"",""hidden"":false,""ord"":18,""allowedVocabularies"":[{""code"":""sshoc-keyword"",""scheme"":""https://vocabs.sshopencloud.eu/vocabularies/sshomp-keyword/"",""namespace"":""https://vocabs.sshopencloud.eu/vocabularies/sshomp-keyword/"",""label"":""Keywords from SSHOMP"",""closed"":false}]},""concept"":{""code"":""Corpora+of+Disordered+Speech"",""vocabulary"":{""code"":""sshoc-keyword"",""scheme"":""https://vocabs.sshopencloud.eu/vocabularies/sshomp-keyword/"",""namespace"":""https://vocabs.sshopencloud.eu/vocabularies/sshomp-keyword/"",""label"":""Keywords from SSHOMP"",""closed"":false},""label"":""Corpora of Disordered Speech"",""notation"":"""",""uri"":""https://vocabs.sshopencloud.eu/vocabularies/sshomp-keyword/Corpora%2Bof%2BDisordered%2BSpeech"",""candidate"":true}},{""type"":{""code"":""terms-of-use"",""label"":""Terms Of Use"",""type"":""string"",""groupName"":""Access"",""hidden"":false,""ord"":3},""value"":""open access""},{""type"":{""code"":""see-also"",""label"":""See also"",""type"":""url"",""groupName"":""Context"",""hidden"":false,""ord"":30},""value"":""https://ultrasuite.github.io/download/""}]",[],"[""https://ultrasuite.github.io/data/uxssd/""]",corpora%2Fcorpora-of-disordered-speech%2Fultrax-disorders.json,[],[],764,DACE Importer,DACE Importer,enabled,2022-07-26T14:42:54+0000,system-moderator,True,652.0,CLARIN Resource Families,https://github.com/clarin-eric/clarin-resource-families,https://github.com/clarin-eric/clarin-resource-families/blob/main/{source-item-id},,,,,,,,,,,,,,,,,,,,,
